[
  {
    "model": "biker.category",
    "pk": 25,
    "fields": {
      "name": "predšolski",
      "gender": "predšolski"
    }
  },
  {
    "model": "biker.category",
    "pk": 26,
    "fields": {
      "name": "učenci - 1. triada",
      "gender": "učenci OŠ"
    }
  },
  {
    "model": "biker.category",
    "pk": 27,
    "fields": {
      "name": "učenci - 2. triada",
      "gender": "učenci OŠ"
    }
  },
  {
    "model": "biker.category",
    "pk": 28,
    "fields": {
      "name": "učenci - 3. triada",
      "gender": "učenci OŠ"
    }
  },
  {
    "model": "biker.category",
    "pk": 29,
    "fields": {
      "name": "učenke - 1. triada",
      "gender": "učenke OŠ"
    }
  },
  {
    "model": "biker.category",
    "pk": 30,
    "fields": {
      "name": "učenke - 2. triada",
      "gender": "učenke OŠ"
    }
  },
  {
    "model": "biker.category",
    "pk": 31,
    "fields": {
      "name": "učenke - 3. triada",
      "gender": "učenke OŠ"
    }
  },
  {
    "model": "biker.category",
    "pk": 32,
    "fields": {
      "name": "dekleta do 35 let",
      "gender": "dekleta do 35 let"
    }
  },
  {
    "model": "biker.category",
    "pk": 33,
    "fields": {
      "name": "dekleta nad 35 let",
      "gender": "dekleta nad 35 let"
    }
  },
  {
    "model": "biker.category",
    "pk": 34,
    "fields": {
      "name": "fantje do 40",
      "gender": "fantje do 40"
    }
  },
  {
    "model": "biker.category",
    "pk": 35,
    "fields": {
      "name": "fantje 40 do 60",
      "gender": "fantje 40 do 60"
    }
  },
  {
    "model": "biker.category",
    "pk": 36,
    "fields": {
      "name": "fantje nad 60",
      "gender": "fantje nad 60"
    }
  },
  {
    "model": "biker.category",
    "pk": 37,
    "fields": {
      "name": "Vožnja v paru",
      "gender": "Vožnja v paru"
    }
  },
  {
    "model": "biker.biker",
    "pk": 293,
    "fields": {
      "number": 1,
      "name": "Neža",
      "surname": "Centa",
      "category": 25,
      "birth_year": null,
      "domestic": true,
      "start_time": "2022-06-19T14:59:02.006Z",
      "end_time": "2022-06-19T15:40:14.848Z"
    }
  },
  {
    "model": "biker.biker",
    "pk": 294,
    "fields": {
      "number": 2,
      "name": "Sara",
      "surname": "Centa",
      "category": 32,
      "birth_year": null,
      "domestic": true,
      "start_time": "2022-06-19T14:59:07.091Z",
      "end_time": "2022-06-19T15:40:17.112Z"
    }
  },
  {
    "model": "biker.biker",
    "pk": 295,
    "fields": {
      "number": 3,
      "name": "Ivana",
      "surname": "Centa",
      "category": 29,
      "birth_year": null,
      "domestic": true,
      "start_time": "2022-06-19T14:59:11.743Z",
      "end_time": "2022-06-19T15:15:26.748Z"
    }
  },
  {
    "model": "biker.biker",
    "pk": 296,
    "fields": {
      "number": 4,
      "name": "Izak",
      "surname": "Centa",
      "category": 26,
      "birth_year": null,
      "domestic": true,
      "start_time": "2022-06-19T14:59:18.027Z",
      "end_time": "2022-06-19T15:11:52.195Z"
    }
  },
  {
    "model": "biker.biker",
    "pk": 297,
    "fields": {
      "number": 5,
      "name": "Uroš",
      "surname": "Centa",
      "category": 34,
      "birth_year": null,
      "domestic": true,
      "start_time": "2022-06-19T14:59:22.695Z",
      "end_time": "2022-06-19T15:15:28.219Z"
    }
  },
  {
    "model": "biker.biker",
    "pk": 298,
    "fields": {
      "number": 6,
      "name": "Peter",
      "surname": "Starič",
      "category": 26,
      "birth_year": null,
      "domestic": true,
      "start_time": "2022-06-19T14:59:26.652Z",
      "end_time": "2022-06-19T15:11:49.450Z"
    }
  },
  {
    "model": "biker.biker",
    "pk": 299,
    "fields": {
      "number": 7,
      "name": "Vid",
      "surname": "Starič",
      "category": 26,
      "birth_year": null,
      "domestic": true,
      "start_time": "2022-06-19T14:59:35.570Z",
      "end_time": "2022-06-19T15:12:33.777Z"
    }
  },
  {
    "model": "biker.biker",
    "pk": 300,
    "fields": {
      "number": 8,
      "name": "Filip",
      "surname": "Starič",
      "category": 27,
      "birth_year": null,
      "domestic": true,
      "start_time": "2022-06-19T15:00:33.531Z",
      "end_time": "2022-06-19T15:11:20.505Z"
    }
  },
  {
    "model": "biker.biker",
    "pk": 301,
    "fields": {
      "number": 9,
      "name": "Miha",
      "surname": "Sivec",
      "category": 34,
      "birth_year": null,
      "domestic": true,
      "start_time": "2022-06-19T15:00:49.020Z",
      "end_time": "2022-06-19T15:08:36.050Z"
    }
  },
  {
    "model": "biker.biker",
    "pk": 302,
    "fields": {
      "number": 10,
      "name": "Luka",
      "surname": "Cukrov",
      "category": 27,
      "birth_year": null,
      "domestic": true,
      "start_time": "2022-06-19T15:01:10.725Z",
      "end_time": "2022-06-19T15:10:28.024Z"
    }
  },
  {
    "model": "biker.biker",
    "pk": 303,
    "fields": {
      "number": 11,
      "name": "Gašper",
      "surname": "Ivanc",
      "category": 28,
      "birth_year": null,
      "domestic": true,
      "start_time": "2022-06-19T15:01:32.032Z",
      "end_time": "2022-06-19T15:11:32.309Z"
    }
  },
  {
    "model": "biker.biker",
    "pk": 304,
    "fields": {
      "number": 12,
      "name": "Anže",
      "surname": "Cukrov",
      "category": 28,
      "birth_year": null,
      "domestic": true,
      "start_time": "2022-06-19T15:01:54.389Z",
      "end_time": "2022-06-19T15:12:20.547Z"
    }
  },
  {
    "model": "biker.biker",
    "pk": 305,
    "fields": {
      "number": 13,
      "name": "Jakob",
      "surname": "Praznik",
      "category": 25,
      "birth_year": null,
      "domestic": true,
      "start_time": "2022-06-19T15:02:07.933Z",
      "end_time": "2022-06-19T15:19:47.274Z"
    }
  },
  {
    "model": "biker.biker",
    "pk": 306,
    "fields": {
      "number": 14,
      "name": "Franci",
      "surname": "Praznik",
      "category": 34,
      "birth_year": null,
      "domestic": true,
      "start_time": "2022-06-19T15:02:15.338Z",
      "end_time": "2022-06-19T15:19:48.572Z"
    }
  },
  {
    "model": "biker.biker",
    "pk": 307,
    "fields": {
      "number": 15,
      "name": "Marko",
      "surname": "Krže",
      "category": 36,
      "birth_year": null,
      "domestic": false,
      "start_time": "2022-06-19T15:02:21.315Z",
      "end_time": "2022-06-19T15:19:51.008Z"
    }
  },
  {
    "model": "biker.biker",
    "pk": 308,
    "fields": {
      "number": 16,
      "name": "Žiga",
      "surname": "Širaj",
      "category": 28,
      "birth_year": null,
      "domestic": true,
      "start_time": "2022-06-19T15:02:44.539Z",
      "end_time": "2022-06-19T15:14:10.114Z"
    }
  },
  {
    "model": "biker.biker",
    "pk": 309,
    "fields": {
      "number": 17,
      "name": "Andrej",
      "surname": "Rigler",
      "category": 36,
      "birth_year": null,
      "domestic": true,
      "start_time": "2022-06-19T15:03:17.405Z",
      "end_time": "2022-06-19T15:13:56.629Z"
    }
  },
  {
    "model": "biker.biker",
    "pk": 310,
    "fields": {
      "number": 18,
      "name": "Florjan",
      "surname": "Gradišar",
      "category": 27,
      "birth_year": null,
      "domestic": true,
      "start_time": "2022-06-19T15:03:40.453Z",
      "end_time": "2022-06-19T15:17:32.870Z"
    }
  },
  {
    "model": "biker.biker",
    "pk": 311,
    "fields": {
      "number": 19,
      "name": "Patrik",
      "surname": "Zabukovec",
      "category": 27,
      "birth_year": null,
      "domestic": true,
      "start_time": "2022-06-19T15:04:03.243Z",
      "end_time": "2022-06-19T15:19:09.066Z"
    }
  },
  {
    "model": "biker.biker",
    "pk": 312,
    "fields": {
      "number": 20,
      "name": "Luka",
      "surname": "Zabukovec",
      "category": 26,
      "birth_year": null,
      "domestic": true,
      "start_time": "2022-06-19T15:04:47.537Z",
      "end_time": "2022-06-19T15:20:59.024Z"
    }
  },
  {
    "model": "biker.biker",
    "pk": 313,
    "fields": {
      "number": 21,
      "name": "Tjaš",
      "surname": "Meglen",
      "category": 26,
      "birth_year": null,
      "domestic": true,
      "start_time": "2022-06-19T15:05:13.018Z",
      "end_time": "2022-06-19T15:18:04.671Z"
    }
  },
  {
    "model": "biker.biker",
    "pk": 314,
    "fields": {
      "number": 22,
      "name": "Aiša",
      "surname": "Meglen",
      "category": 30,
      "birth_year": null,
      "domestic": true,
      "start_time": "2022-06-19T15:05:38.489Z",
      "end_time": "2022-06-19T15:18:20.032Z"
    }
  },
  {
    "model": "biker.biker",
    "pk": 315,
    "fields": {
      "number": 23,
      "name": "Maks",
      "surname": "Meglen",
      "category": 27,
      "birth_year": null,
      "domestic": true,
      "start_time": "2022-06-19T15:06:03.535Z",
      "end_time": "2022-06-19T15:17:40.752Z"
    }
  },
  {
    "model": "biker.biker",
    "pk": 316,
    "fields": {
      "number": 24,
      "name": "Emil",
      "surname": "Pajić",
      "category": 27,
      "birth_year": null,
      "domestic": true,
      "start_time": "2022-06-19T15:06:23.708Z",
      "end_time": "2022-06-19T15:17:44.049Z"
    }
  },
  {
    "model": "biker.biker",
    "pk": 317,
    "fields": {
      "number": 25,
      "name": "Marija",
      "surname": "Kutnar",
      "category": 33,
      "birth_year": null,
      "domestic": true,
      "start_time": "2022-06-19T15:06:40.878Z",
      "end_time": "2022-06-19T15:16:58.815Z"
    }
  },
  {
    "model": "biker.biker",
    "pk": 318,
    "fields": {
      "number": 26,
      "name": "Franc",
      "surname": "Kutnar",
      "category": 36,
      "birth_year": null,
      "domestic": true,
      "start_time": "2022-06-19T15:07:03.871Z",
      "end_time": "2022-06-19T15:15:22.377Z"
    }
  },
  {
    "model": "biker.biker",
    "pk": 319,
    "fields": {
      "number": 27,
      "name": "Aleš",
      "surname": "Jakše",
      "category": 34,
      "birth_year": null,
      "domestic": true,
      "start_time": "2022-06-19T15:07:35.725Z",
      "end_time": "2022-06-19T15:15:06.542Z"
    }
  },
  {
    "model": "biker.biker",
    "pk": 320,
    "fields": {
      "number": 28,
      "name": "Trina",
      "surname": "Papež",
      "category": 30,
      "birth_year": null,
      "domestic": true,
      "start_time": "2022-06-19T15:08:01.763Z",
      "end_time": "2022-06-19T15:21:06.062Z"
    }
  },
  {
    "model": "biker.biker",
    "pk": 321,
    "fields": {
      "number": 29,
      "name": "Lovro",
      "surname": "Papež",
      "category": 26,
      "birth_year": null,
      "domestic": true,
      "start_time": "2022-06-19T15:08:21.254Z",
      "end_time": "2022-06-19T15:20:39.969Z"
    }
  },
  {
    "model": "biker.biker",
    "pk": 322,
    "fields": {
      "number": 30,
      "name": "Igor",
      "surname": "Adamič",
      "category": 35,
      "birth_year": null,
      "domestic": false,
      "start_time": "2022-06-19T15:09:14.156Z",
      "end_time": "2022-06-19T15:16:34.580Z"
    }
  },
  {
    "model": "biker.biker",
    "pk": 323,
    "fields": {
      "number": 31,
      "name": "Tim",
      "surname": "Žužek",
      "category": 26,
      "birth_year": null,
      "domestic": true,
      "start_time": "2022-06-19T15:09:33.707Z",
      "end_time": "2022-06-19T15:24:04.771Z"
    }
  },
  {
    "model": "biker.biker",
    "pk": 324,
    "fields": {
      "number": 32,
      "name": "Tinkara",
      "surname": "Jakič",
      "category": 29,
      "birth_year": null,
      "domestic": true,
      "start_time": "2022-06-19T15:09:56.184Z",
      "end_time": "2022-06-19T15:22:18.011Z"
    }
  },
  {
    "model": "biker.biker",
    "pk": 325,
    "fields": {
      "number": 33,
      "name": "Aljaž",
      "surname": "Jakič",
      "category": 27,
      "birth_year": null,
      "domestic": true,
      "start_time": "2022-06-19T15:10:21.805Z",
      "end_time": "2022-06-19T15:20:52.173Z"
    }
  },
  {
    "model": "biker.biker",
    "pk": 326,
    "fields": {
      "number": 34,
      "name": "Tomaž",
      "surname": "Perko",
      "category": 34,
      "birth_year": null,
      "domestic": false,
      "start_time": "2022-06-19T15:10:55.578Z",
      "end_time": "2022-06-19T15:17:57.033Z"
    }
  },
  {
    "model": "biker.biker",
    "pk": 327,
    "fields": {
      "number": 35,
      "name": "Aljaž",
      "surname": "Adamič",
      "category": 34,
      "birth_year": null,
      "domestic": false,
      "start_time": "2022-06-19T15:11:19.252Z",
      "end_time": "2022-06-19T15:19:04.136Z"
    }
  },
  {
    "model": "biker.biker",
    "pk": 328,
    "fields": {
      "number": 36,
      "name": "Bojan",
      "surname": "Adamič",
      "category": 35,
      "birth_year": null,
      "domestic": false,
      "start_time": "2022-06-19T15:11:49.793Z",
      "end_time": "2022-06-19T15:18:47.863Z"
    }
  },
  {
    "model": "biker.biker",
    "pk": 329,
    "fields": {
      "number": 37,
      "name": "Luka",
      "surname": "Možina",
      "category": 35,
      "birth_year": null,
      "domestic": true,
      "start_time": "2022-06-19T15:12:10.228Z",
      "end_time": "2022-06-19T15:19:24.875Z"
    }
  },
  {
    "model": "biker.biker",
    "pk": 330,
    "fields": {
      "number": 38,
      "name": "Tone",
      "surname": "Perhaj",
      "category": 36,
      "birth_year": null,
      "domestic": true,
      "start_time": "2022-06-19T15:12:38.884Z",
      "end_time": "2022-06-19T15:20:46.700Z"
    }
  },
  {
    "model": "biker.biker",
    "pk": 331,
    "fields": {
      "number": 39,
      "name": "Jože",
      "surname": "Škulj",
      "category": 35,
      "birth_year": null,
      "domestic": true,
      "start_time": "2022-06-19T15:13:07.750Z",
      "end_time": "2022-06-19T15:20:37.536Z"
    }
  },
  {
    "model": "biker.biker",
    "pk": 332,
    "fields": {
      "number": 40,
      "name": "Silvester",
      "surname": "Jakša",
      "category": 34,
      "birth_year": null,
      "domestic": true,
      "start_time": "2022-06-19T15:13:37.764Z",
      "end_time": "2022-06-19T15:21:26.421Z"
    }
  },
  {
    "model": "biker.biker",
    "pk": 333,
    "fields": {
      "number": 41,
      "name": "Matjaž",
      "surname": "Lovšin",
      "category": 34,
      "birth_year": null,
      "domestic": true,
      "start_time": "2022-06-19T15:14:06.807Z",
      "end_time": "2022-06-19T15:22:02.341Z"
    }
  },
  {
    "model": "biker.biker",
    "pk": 334,
    "fields": {
      "number": 42,
      "name": "Janez",
      "surname": "Lovšin",
      "category": 36,
      "birth_year": null,
      "domestic": true,
      "start_time": "2022-06-19T15:14:34.231Z",
      "end_time": "2022-06-19T15:23:21.250Z"
    }
  },
  {
    "model": "biker.biker",
    "pk": 335,
    "fields": {
      "number": 43,
      "name": "Tomi",
      "surname": "Jakša",
      "category": 34,
      "birth_year": null,
      "domestic": true,
      "start_time": "2022-06-19T15:15:05.890Z",
      "end_time": "2022-06-19T15:23:51.310Z"
    }
  },
  {
    "model": "biker.biker",
    "pk": 336,
    "fields": {
      "number": 44,
      "name": "Borut",
      "surname": "Hafner",
      "category": 35,
      "birth_year": null,
      "domestic": false,
      "start_time": "2022-06-19T15:15:34.407Z",
      "end_time": "2022-06-19T15:23:35.180Z"
    }
  },
  {
    "model": "biker.biker",
    "pk": 337,
    "fields": {
      "number": 45,
      "name": "Jurij",
      "surname": "Košir",
      "category": 26,
      "birth_year": null,
      "domestic": true,
      "start_time": "2022-06-19T15:15:49.220Z",
      "end_time": "2022-06-19T15:33:38.512Z"
    }
  },
  {
    "model": "biker.biker",
    "pk": 338,
    "fields": {
      "number": 46,
      "name": "Matija",
      "surname": "Košir",
      "category": 27,
      "birth_year": null,
      "domestic": true,
      "start_time": "2022-06-19T15:16:04.001Z",
      "end_time": "2022-06-19T15:27:48.134Z"
    }
  },
  {
    "model": "biker.biker",
    "pk": 339,
    "fields": {
      "number": 47,
      "name": "Klemen",
      "surname": "Košir",
      "category": 35,
      "birth_year": null,
      "domestic": true,
      "start_time": "2022-06-19T15:16:33.338Z",
      "end_time": "2022-06-19T15:25:13.702Z"
    }
  },
  {
    "model": "biker.biker",
    "pk": 340,
    "fields": {
      "number": 48,
      "name": "Andrej",
      "surname": "Otoničar",
      "category": 35,
      "birth_year": null,
      "domestic": true,
      "start_time": "2022-06-19T15:17:03.205Z",
      "end_time": "2022-06-19T15:28:25.331Z"
    }
  },
  {
    "model": "biker.biker",
    "pk": 341,
    "fields": {
      "number": 49,
      "name": "Janez",
      "surname": "Jakša",
      "category": 25,
      "birth_year": null,
      "domestic": true,
      "start_time": "2022-06-19T15:17:13.018Z",
      "end_time": "2022-06-19T15:39:29.423Z"
    }
  },
  {
    "model": "biker.biker",
    "pk": 342,
    "fields": {
      "number": 50,
      "name": "Aleksander",
      "surname": "Jakša",
      "category": 34,
      "birth_year": null,
      "domestic": true,
      "start_time": "2022-06-19T15:17:20.364Z",
      "end_time": "2022-06-19T15:39:30.723Z"
    }
  },
  {
    "model": "biker.biker",
    "pk": 343,
    "fields": {
      "number": 51,
      "name": "Miha",
      "surname": "Otoničar",
      "category": 28,
      "birth_year": null,
      "domestic": true,
      "start_time": "2022-06-19T15:17:40.724Z",
      "end_time": "2022-06-19T15:25:16.097Z"
    }
  },
  {
    "model": "biker.biker",
    "pk": 344,
    "fields": {
      "number": 52,
      "name": "Kristjan",
      "surname": "Mehlin",
      "category": 27,
      "birth_year": null,
      "domestic": true,
      "start_time": "2022-06-19T15:18:05.195Z",
      "end_time": "2022-06-19T15:32:10.098Z"
    }
  },
  {
    "model": "biker.biker",
    "pk": 345,
    "fields": {
      "number": 53,
      "name": "Boštjan",
      "surname": "Mehlin",
      "category": 35,
      "birth_year": null,
      "domestic": true,
      "start_time": "2022-06-19T15:18:19.294Z",
      "end_time": "2022-06-19T15:32:12.214Z"
    }
  },
  {
    "model": "biker.biker",
    "pk": 346,
    "fields": {
      "number": 54,
      "name": "Kevin",
      "surname": "Gradišar",
      "category": 26,
      "birth_year": null,
      "domestic": true,
      "start_time": "2022-06-19T15:18:33.800Z",
      "end_time": "2022-06-19T15:33:24.771Z"
    }
  },
  {
    "model": "biker.biker",
    "pk": 347,
    "fields": {
      "number": 55,
      "name": "Ana",
      "surname": "Podboj",
      "category": 33,
      "birth_year": null,
      "domestic": true,
      "start_time": "2022-06-19T15:18:46.261Z",
      "end_time": "2022-06-19T15:33:22.138Z"
    }
  },
  {
    "model": "biker.biker",
    "pk": 348,
    "fields": {
      "number": 56,
      "name": "Matej",
      "surname": "Kromar",
      "category": 34,
      "birth_year": null,
      "domestic": false,
      "start_time": "2022-06-19T15:19:04.332Z",
      "end_time": "2022-06-19T15:26:25.335Z"
    }
  },
  {
    "model": "biker.biker",
    "pk": 349,
    "fields": {
      "number": 57,
      "name": "Ela",
      "surname": "Feguš",
      "category": 25,
      "birth_year": null,
      "domestic": false,
      "start_time": "2022-06-19T15:19:20.621Z",
      "end_time": "2022-06-19T15:36:43.386Z"
    }
  },
  {
    "model": "biker.biker",
    "pk": 350,
    "fields": {
      "number": 58,
      "name": "Miha",
      "surname": "Feguš",
      "category": 35,
      "birth_year": null,
      "domestic": false,
      "start_time": "2022-06-19T15:19:35.213Z",
      "end_time": "2022-06-19T15:36:44.788Z"
    }
  },
  {
    "model": "biker.biker",
    "pk": 351,
    "fields": {
      "number": 60,
      "name": "Jože",
      "surname": "Starič",
      "category": 35,
      "birth_year": null,
      "domestic": true,
      "start_time": null,
      "end_time": "2022-06-19T15:40:31.127Z"
    }
  },
  {
    "model": "biker.bikerchangelog",
    "pk": 904,
    "fields": {
      "biker": 293,
      "change_time": "2022-06-19T14:59:02.006Z",
      "start_time": "2022-06-19T14:59:02.006Z",
      "end_time": null
    }
  },
  {
    "model": "biker.bikerchangelog",
    "pk": 905,
    "fields": {
      "biker": 294,
      "change_time": "2022-06-19T14:59:07.091Z",
      "start_time": "2022-06-19T14:59:07.091Z",
      "end_time": null
    }
  },
  {
    "model": "biker.bikerchangelog",
    "pk": 906,
    "fields": {
      "biker": 295,
      "change_time": "2022-06-19T14:59:11.743Z",
      "start_time": "2022-06-19T14:59:11.743Z",
      "end_time": null
    }
  },
  {
    "model": "biker.bikerchangelog",
    "pk": 907,
    "fields": {
      "biker": 296,
      "change_time": "2022-06-19T14:59:18.027Z",
      "start_time": "2022-06-19T14:59:18.027Z",
      "end_time": null
    }
  },
  {
    "model": "biker.bikerchangelog",
    "pk": 908,
    "fields": {
      "biker": 297,
      "change_time": "2022-06-19T14:59:22.695Z",
      "start_time": "2022-06-19T14:59:22.695Z",
      "end_time": null
    }
  },
  {
    "model": "biker.bikerchangelog",
    "pk": 909,
    "fields": {
      "biker": 298,
      "change_time": "2022-06-19T14:59:26.653Z",
      "start_time": "2022-06-19T14:59:26.652Z",
      "end_time": null
    }
  },
  {
    "model": "biker.bikerchangelog",
    "pk": 910,
    "fields": {
      "biker": 299,
      "change_time": "2022-06-19T14:59:35.570Z",
      "start_time": "2022-06-19T14:59:35.570Z",
      "end_time": null
    }
  },
  {
    "model": "biker.bikerchangelog",
    "pk": 911,
    "fields": {
      "biker": 300,
      "change_time": "2022-06-19T15:00:33.531Z",
      "start_time": "2022-06-19T15:00:33.531Z",
      "end_time": null
    }
  },
  {
    "model": "biker.bikerchangelog",
    "pk": 912,
    "fields": {
      "biker": 301,
      "change_time": "2022-06-19T15:00:49.021Z",
      "start_time": "2022-06-19T15:00:49.020Z",
      "end_time": null
    }
  },
  {
    "model": "biker.bikerchangelog",
    "pk": 913,
    "fields": {
      "biker": 302,
      "change_time": "2022-06-19T15:01:10.725Z",
      "start_time": "2022-06-19T15:01:10.725Z",
      "end_time": null
    }
  },
  {
    "model": "biker.bikerchangelog",
    "pk": 914,
    "fields": {
      "biker": 303,
      "change_time": "2022-06-19T15:01:32.032Z",
      "start_time": "2022-06-19T15:01:32.032Z",
      "end_time": null
    }
  },
  {
    "model": "biker.bikerchangelog",
    "pk": 915,
    "fields": {
      "biker": 304,
      "change_time": "2022-06-19T15:01:54.389Z",
      "start_time": "2022-06-19T15:01:54.389Z",
      "end_time": null
    }
  },
  {
    "model": "biker.bikerchangelog",
    "pk": 916,
    "fields": {
      "biker": 305,
      "change_time": "2022-06-19T15:02:07.933Z",
      "start_time": "2022-06-19T15:02:07.933Z",
      "end_time": null
    }
  },
  {
    "model": "biker.bikerchangelog",
    "pk": 917,
    "fields": {
      "biker": 306,
      "change_time": "2022-06-19T15:02:15.338Z",
      "start_time": "2022-06-19T15:02:15.338Z",
      "end_time": null
    }
  },
  {
    "model": "biker.bikerchangelog",
    "pk": 918,
    "fields": {
      "biker": 307,
      "change_time": "2022-06-19T15:02:21.316Z",
      "start_time": "2022-06-19T15:02:21.315Z",
      "end_time": null
    }
  },
  {
    "model": "biker.bikerchangelog",
    "pk": 919,
    "fields": {
      "biker": 308,
      "change_time": "2022-06-19T15:02:44.540Z",
      "start_time": "2022-06-19T15:02:44.539Z",
      "end_time": null
    }
  },
  {
    "model": "biker.bikerchangelog",
    "pk": 920,
    "fields": {
      "biker": 309,
      "change_time": "2022-06-19T15:03:17.405Z",
      "start_time": "2022-06-19T15:03:17.405Z",
      "end_time": null
    }
  },
  {
    "model": "biker.bikerchangelog",
    "pk": 921,
    "fields": {
      "biker": 310,
      "change_time": "2022-06-19T15:03:40.453Z",
      "start_time": "2022-06-19T15:03:40.453Z",
      "end_time": null
    }
  },
  {
    "model": "biker.bikerchangelog",
    "pk": 922,
    "fields": {
      "biker": 311,
      "change_time": "2022-06-19T15:04:03.243Z",
      "start_time": "2022-06-19T15:04:03.243Z",
      "end_time": null
    }
  },
  {
    "model": "biker.bikerchangelog",
    "pk": 923,
    "fields": {
      "biker": 312,
      "change_time": "2022-06-19T15:04:47.538Z",
      "start_time": "2022-06-19T15:04:47.537Z",
      "end_time": null
    }
  },
  {
    "model": "biker.bikerchangelog",
    "pk": 924,
    "fields": {
      "biker": 313,
      "change_time": "2022-06-19T15:05:13.018Z",
      "start_time": "2022-06-19T15:05:13.018Z",
      "end_time": null
    }
  },
  {
    "model": "biker.bikerchangelog",
    "pk": 925,
    "fields": {
      "biker": 314,
      "change_time": "2022-06-19T15:05:38.489Z",
      "start_time": "2022-06-19T15:05:38.489Z",
      "end_time": null
    }
  },
  {
    "model": "biker.bikerchangelog",
    "pk": 926,
    "fields": {
      "biker": 315,
      "change_time": "2022-06-19T15:06:03.535Z",
      "start_time": "2022-06-19T15:06:03.535Z",
      "end_time": null
    }
  },
  {
    "model": "biker.bikerchangelog",
    "pk": 927,
    "fields": {
      "biker": 316,
      "change_time": "2022-06-19T15:06:23.708Z",
      "start_time": "2022-06-19T15:06:23.708Z",
      "end_time": null
    }
  },
  {
    "model": "biker.bikerchangelog",
    "pk": 928,
    "fields": {
      "biker": 317,
      "change_time": "2022-06-19T15:06:40.878Z",
      "start_time": "2022-06-19T15:06:40.878Z",
      "end_time": null
    }
  },
  {
    "model": "biker.bikerchangelog",
    "pk": 929,
    "fields": {
      "biker": 318,
      "change_time": "2022-06-19T15:07:03.871Z",
      "start_time": "2022-06-19T15:07:03.871Z",
      "end_time": null
    }
  },
  {
    "model": "biker.bikerchangelog",
    "pk": 930,
    "fields": {
      "biker": 319,
      "change_time": "2022-06-19T15:07:35.726Z",
      "start_time": "2022-06-19T15:07:35.725Z",
      "end_time": null
    }
  },
  {
    "model": "biker.bikerchangelog",
    "pk": 931,
    "fields": {
      "biker": 320,
      "change_time": "2022-06-19T15:08:01.763Z",
      "start_time": "2022-06-19T15:08:01.763Z",
      "end_time": null
    }
  },
  {
    "model": "biker.bikerchangelog",
    "pk": 932,
    "fields": {
      "biker": 321,
      "change_time": "2022-06-19T15:08:21.255Z",
      "start_time": "2022-06-19T15:08:21.254Z",
      "end_time": null
    }
  },
  {
    "model": "biker.bikerchangelog",
    "pk": 933,
    "fields": {
      "biker": 301,
      "change_time": "2022-06-19T15:08:36.050Z",
      "start_time": null,
      "end_time": "2022-06-19T15:08:36.050Z"
    }
  },
  {
    "model": "biker.bikerchangelog",
    "pk": 934,
    "fields": {
      "biker": 322,
      "change_time": "2022-06-19T15:09:14.156Z",
      "start_time": "2022-06-19T15:09:14.156Z",
      "end_time": null
    }
  },
  {
    "model": "biker.bikerchangelog",
    "pk": 935,
    "fields": {
      "biker": 323,
      "change_time": "2022-06-19T15:09:33.708Z",
      "start_time": "2022-06-19T15:09:33.707Z",
      "end_time": null
    }
  },
  {
    "model": "biker.bikerchangelog",
    "pk": 936,
    "fields": {
      "biker": 324,
      "change_time": "2022-06-19T15:09:56.184Z",
      "start_time": "2022-06-19T15:09:56.184Z",
      "end_time": null
    }
  },
  {
    "model": "biker.bikerchangelog",
    "pk": 937,
    "fields": {
      "biker": 325,
      "change_time": "2022-06-19T15:10:21.805Z",
      "start_time": "2022-06-19T15:10:21.805Z",
      "end_time": null
    }
  },
  {
    "model": "biker.bikerchangelog",
    "pk": 938,
    "fields": {
      "biker": 302,
      "change_time": "2022-06-19T15:10:28.025Z",
      "start_time": null,
      "end_time": "2022-06-19T15:10:28.024Z"
    }
  },
  {
    "model": "biker.bikerchangelog",
    "pk": 939,
    "fields": {
      "biker": 326,
      "change_time": "2022-06-19T15:10:55.579Z",
      "start_time": "2022-06-19T15:10:55.578Z",
      "end_time": null
    }
  },
  {
    "model": "biker.bikerchangelog",
    "pk": 940,
    "fields": {
      "biker": 327,
      "change_time": "2022-06-19T15:11:19.252Z",
      "start_time": "2022-06-19T15:11:19.252Z",
      "end_time": null
    }
  },
  {
    "model": "biker.bikerchangelog",
    "pk": 941,
    "fields": {
      "biker": 300,
      "change_time": "2022-06-19T15:11:20.388Z",
      "start_time": null,
      "end_time": "2022-06-19T15:11:20.242Z"
    }
  },
  {
    "model": "biker.bikerchangelog",
    "pk": 942,
    "fields": {
      "biker": 300,
      "change_time": "2022-06-19T15:11:20.505Z",
      "start_time": null,
      "end_time": "2022-06-19T15:11:20.505Z"
    }
  },
  {
    "model": "biker.bikerchangelog",
    "pk": 943,
    "fields": {
      "biker": 303,
      "change_time": "2022-06-19T15:11:32.231Z",
      "start_time": null,
      "end_time": "2022-06-19T15:11:32.061Z"
    }
  },
  {
    "model": "biker.bikerchangelog",
    "pk": 944,
    "fields": {
      "biker": 303,
      "change_time": "2022-06-19T15:11:32.310Z",
      "start_time": null,
      "end_time": "2022-06-19T15:11:32.309Z"
    }
  },
  {
    "model": "biker.bikerchangelog",
    "pk": 945,
    "fields": {
      "biker": 298,
      "change_time": "2022-06-19T15:11:49.297Z",
      "start_time": null,
      "end_time": "2022-06-19T15:11:49.151Z"
    }
  },
  {
    "model": "biker.bikerchangelog",
    "pk": 946,
    "fields": {
      "biker": 298,
      "change_time": "2022-06-19T15:11:49.450Z",
      "start_time": null,
      "end_time": "2022-06-19T15:11:49.450Z"
    }
  },
  {
    "model": "biker.bikerchangelog",
    "pk": 947,
    "fields": {
      "biker": 328,
      "change_time": "2022-06-19T15:11:49.793Z",
      "start_time": "2022-06-19T15:11:49.793Z",
      "end_time": null
    }
  },
  {
    "model": "biker.bikerchangelog",
    "pk": 948,
    "fields": {
      "biker": 296,
      "change_time": "2022-06-19T15:11:52.101Z",
      "start_time": null,
      "end_time": "2022-06-19T15:11:51.939Z"
    }
  },
  {
    "model": "biker.bikerchangelog",
    "pk": 949,
    "fields": {
      "biker": 296,
      "change_time": "2022-06-19T15:11:52.195Z",
      "start_time": null,
      "end_time": "2022-06-19T15:11:52.195Z"
    }
  },
  {
    "model": "biker.bikerchangelog",
    "pk": 950,
    "fields": {
      "biker": 329,
      "change_time": "2022-06-19T15:12:10.228Z",
      "start_time": "2022-06-19T15:12:10.228Z",
      "end_time": null
    }
  },
  {
    "model": "biker.bikerchangelog",
    "pk": 951,
    "fields": {
      "biker": 304,
      "change_time": "2022-06-19T15:12:20.463Z",
      "start_time": null,
      "end_time": "2022-06-19T15:12:20.213Z"
    }
  },
  {
    "model": "biker.bikerchangelog",
    "pk": 952,
    "fields": {
      "biker": 304,
      "change_time": "2022-06-19T15:12:20.548Z",
      "start_time": null,
      "end_time": "2022-06-19T15:12:20.547Z"
    }
  },
  {
    "model": "biker.bikerchangelog",
    "pk": 953,
    "fields": {
      "biker": 299,
      "change_time": "2022-06-19T15:12:33.711Z",
      "start_time": null,
      "end_time": "2022-06-19T15:12:33.536Z"
    }
  },
  {
    "model": "biker.bikerchangelog",
    "pk": 954,
    "fields": {
      "biker": 299,
      "change_time": "2022-06-19T15:12:33.777Z",
      "start_time": null,
      "end_time": "2022-06-19T15:12:33.777Z"
    }
  },
  {
    "model": "biker.bikerchangelog",
    "pk": 955,
    "fields": {
      "biker": 330,
      "change_time": "2022-06-19T15:12:38.885Z",
      "start_time": "2022-06-19T15:12:38.884Z",
      "end_time": null
    }
  },
  {
    "model": "biker.bikerchangelog",
    "pk": 956,
    "fields": {
      "biker": 331,
      "change_time": "2022-06-19T15:13:07.751Z",
      "start_time": "2022-06-19T15:13:07.750Z",
      "end_time": null
    }
  },
  {
    "model": "biker.bikerchangelog",
    "pk": 957,
    "fields": {
      "biker": 332,
      "change_time": "2022-06-19T15:13:37.764Z",
      "start_time": "2022-06-19T15:13:37.764Z",
      "end_time": null
    }
  },
  {
    "model": "biker.bikerchangelog",
    "pk": 958,
    "fields": {
      "biker": 309,
      "change_time": "2022-06-19T15:13:56.629Z",
      "start_time": null,
      "end_time": "2022-06-19T15:13:56.629Z"
    }
  },
  {
    "model": "biker.bikerchangelog",
    "pk": 959,
    "fields": {
      "biker": 333,
      "change_time": "2022-06-19T15:14:06.807Z",
      "start_time": "2022-06-19T15:14:06.807Z",
      "end_time": null
    }
  },
  {
    "model": "biker.bikerchangelog",
    "pk": 960,
    "fields": {
      "biker": 308,
      "change_time": "2022-06-19T15:14:10.021Z",
      "start_time": null,
      "end_time": "2022-06-19T15:14:09.871Z"
    }
  },
  {
    "model": "biker.bikerchangelog",
    "pk": 961,
    "fields": {
      "biker": 308,
      "change_time": "2022-06-19T15:14:10.114Z",
      "start_time": null,
      "end_time": "2022-06-19T15:14:10.114Z"
    }
  },
  {
    "model": "biker.bikerchangelog",
    "pk": 962,
    "fields": {
      "biker": 334,
      "change_time": "2022-06-19T15:14:34.231Z",
      "start_time": "2022-06-19T15:14:34.231Z",
      "end_time": null
    }
  },
  {
    "model": "biker.bikerchangelog",
    "pk": 963,
    "fields": {
      "biker": 335,
      "change_time": "2022-06-19T15:15:05.890Z",
      "start_time": "2022-06-19T15:15:05.890Z",
      "end_time": null
    }
  },
  {
    "model": "biker.bikerchangelog",
    "pk": 964,
    "fields": {
      "biker": 319,
      "change_time": "2022-06-19T15:15:06.421Z",
      "start_time": null,
      "end_time": "2022-06-19T15:15:06.258Z"
    }
  },
  {
    "model": "biker.bikerchangelog",
    "pk": 965,
    "fields": {
      "biker": 319,
      "change_time": "2022-06-19T15:15:06.542Z",
      "start_time": null,
      "end_time": "2022-06-19T15:15:06.542Z"
    }
  },
  {
    "model": "biker.bikerchangelog",
    "pk": 966,
    "fields": {
      "biker": 318,
      "change_time": "2022-06-19T15:15:22.259Z",
      "start_time": null,
      "end_time": "2022-06-19T15:15:22.059Z"
    }
  },
  {
    "model": "biker.bikerchangelog",
    "pk": 967,
    "fields": {
      "biker": 318,
      "change_time": "2022-06-19T15:15:22.377Z",
      "start_time": null,
      "end_time": "2022-06-19T15:15:22.377Z"
    }
  },
  {
    "model": "biker.bikerchangelog",
    "pk": 968,
    "fields": {
      "biker": 295,
      "change_time": "2022-06-19T15:15:26.669Z",
      "start_time": null,
      "end_time": "2022-06-19T15:15:26.482Z"
    }
  },
  {
    "model": "biker.bikerchangelog",
    "pk": 969,
    "fields": {
      "biker": 295,
      "change_time": "2022-06-19T15:15:26.748Z",
      "start_time": null,
      "end_time": "2022-06-19T15:15:26.748Z"
    }
  },
  {
    "model": "biker.bikerchangelog",
    "pk": 970,
    "fields": {
      "biker": 297,
      "change_time": "2022-06-19T15:15:28.137Z",
      "start_time": null,
      "end_time": "2022-06-19T15:15:27.969Z"
    }
  },
  {
    "model": "biker.bikerchangelog",
    "pk": 971,
    "fields": {
      "biker": 297,
      "change_time": "2022-06-19T15:15:28.219Z",
      "start_time": null,
      "end_time": "2022-06-19T15:15:28.219Z"
    }
  },
  {
    "model": "biker.bikerchangelog",
    "pk": 972,
    "fields": {
      "biker": 336,
      "change_time": "2022-06-19T15:15:34.407Z",
      "start_time": "2022-06-19T15:15:34.407Z",
      "end_time": null
    }
  },
  {
    "model": "biker.bikerchangelog",
    "pk": 973,
    "fields": {
      "biker": 337,
      "change_time": "2022-06-19T15:15:49.220Z",
      "start_time": "2022-06-19T15:15:49.220Z",
      "end_time": null
    }
  },
  {
    "model": "biker.bikerchangelog",
    "pk": 974,
    "fields": {
      "biker": 338,
      "change_time": "2022-06-19T15:16:04.001Z",
      "start_time": "2022-06-19T15:16:04.001Z",
      "end_time": null
    }
  },
  {
    "model": "biker.bikerchangelog",
    "pk": 975,
    "fields": {
      "biker": 340,
      "change_time": "2022-06-19T15:16:32.578Z",
      "start_time": "2022-06-19T15:16:32.578Z",
      "end_time": null
    }
  },
  {
    "model": "biker.bikerchangelog",
    "pk": 976,
    "fields": {
      "biker": 339,
      "change_time": "2022-06-19T15:16:33.338Z",
      "start_time": "2022-06-19T15:16:33.338Z",
      "end_time": null
    }
  },
  {
    "model": "biker.bikerchangelog",
    "pk": 977,
    "fields": {
      "biker": 322,
      "change_time": "2022-06-19T15:16:34.581Z",
      "start_time": null,
      "end_time": "2022-06-19T15:16:34.580Z"
    }
  },
  {
    "model": "biker.bikerchangelog",
    "pk": 978,
    "fields": {
      "biker": 317,
      "change_time": "2022-06-19T15:16:58.688Z",
      "start_time": null,
      "end_time": "2022-06-19T15:16:58.511Z"
    }
  },
  {
    "model": "biker.bikerchangelog",
    "pk": 979,
    "fields": {
      "biker": 317,
      "change_time": "2022-06-19T15:16:58.815Z",
      "start_time": null,
      "end_time": "2022-06-19T15:16:58.815Z"
    }
  },
  {
    "model": "biker.bikerchangelog",
    "pk": 980,
    "fields": {
      "biker": 340,
      "change_time": "2022-06-19T15:17:03.206Z",
      "start_time": "2022-06-19T15:17:03.205Z",
      "end_time": null
    }
  },
  {
    "model": "biker.bikerchangelog",
    "pk": 981,
    "fields": {
      "biker": 341,
      "change_time": "2022-06-19T15:17:13.018Z",
      "start_time": "2022-06-19T15:17:13.018Z",
      "end_time": null
    }
  },
  {
    "model": "biker.bikerchangelog",
    "pk": 982,
    "fields": {
      "biker": 342,
      "change_time": "2022-06-19T15:17:20.364Z",
      "start_time": "2022-06-19T15:17:20.364Z",
      "end_time": null
    }
  },
  {
    "model": "biker.bikerchangelog",
    "pk": 983,
    "fields": {
      "biker": 310,
      "change_time": "2022-06-19T15:17:32.739Z",
      "start_time": null,
      "end_time": "2022-06-19T15:17:32.598Z"
    }
  },
  {
    "model": "biker.bikerchangelog",
    "pk": 984,
    "fields": {
      "biker": 310,
      "change_time": "2022-06-19T15:17:32.870Z",
      "start_time": null,
      "end_time": "2022-06-19T15:17:32.870Z"
    }
  },
  {
    "model": "biker.bikerchangelog",
    "pk": 985,
    "fields": {
      "biker": 315,
      "change_time": "2022-06-19T15:17:40.682Z",
      "start_time": null,
      "end_time": "2022-06-19T15:17:40.500Z"
    }
  },
  {
    "model": "biker.bikerchangelog",
    "pk": 986,
    "fields": {
      "biker": 343,
      "change_time": "2022-06-19T15:17:40.724Z",
      "start_time": "2022-06-19T15:17:40.724Z",
      "end_time": null
    }
  },
  {
    "model": "biker.bikerchangelog",
    "pk": 987,
    "fields": {
      "biker": 315,
      "change_time": "2022-06-19T15:17:40.752Z",
      "start_time": null,
      "end_time": "2022-06-19T15:17:40.752Z"
    }
  },
  {
    "model": "biker.bikerchangelog",
    "pk": 988,
    "fields": {
      "biker": 316,
      "change_time": "2022-06-19T15:17:43.956Z",
      "start_time": null,
      "end_time": "2022-06-19T15:17:43.768Z"
    }
  },
  {
    "model": "biker.bikerchangelog",
    "pk": 989,
    "fields": {
      "biker": 316,
      "change_time": "2022-06-19T15:17:44.050Z",
      "start_time": null,
      "end_time": "2022-06-19T15:17:44.049Z"
    }
  },
  {
    "model": "biker.bikerchangelog",
    "pk": 990,
    "fields": {
      "biker": 326,
      "change_time": "2022-06-19T15:17:56.896Z",
      "start_time": null,
      "end_time": "2022-06-19T15:17:56.726Z"
    }
  },
  {
    "model": "biker.bikerchangelog",
    "pk": 991,
    "fields": {
      "biker": 326,
      "change_time": "2022-06-19T15:17:57.034Z",
      "start_time": null,
      "end_time": "2022-06-19T15:17:57.033Z"
    }
  },
  {
    "model": "biker.bikerchangelog",
    "pk": 992,
    "fields": {
      "biker": 313,
      "change_time": "2022-06-19T15:18:04.580Z",
      "start_time": null,
      "end_time": "2022-06-19T15:18:04.409Z"
    }
  },
  {
    "model": "biker.bikerchangelog",
    "pk": 993,
    "fields": {
      "biker": 313,
      "change_time": "2022-06-19T15:18:04.672Z",
      "start_time": null,
      "end_time": "2022-06-19T15:18:04.671Z"
    }
  },
  {
    "model": "biker.bikerchangelog",
    "pk": 994,
    "fields": {
      "biker": 344,
      "change_time": "2022-06-19T15:18:05.195Z",
      "start_time": "2022-06-19T15:18:05.195Z",
      "end_time": null
    }
  },
  {
    "model": "biker.bikerchangelog",
    "pk": 995,
    "fields": {
      "biker": 345,
      "change_time": "2022-06-19T15:18:19.294Z",
      "start_time": "2022-06-19T15:18:19.294Z",
      "end_time": null
    }
  },
  {
    "model": "biker.bikerchangelog",
    "pk": 996,
    "fields": {
      "biker": 314,
      "change_time": "2022-06-19T15:18:19.893Z",
      "start_time": null,
      "end_time": "2022-06-19T15:18:19.762Z"
    }
  },
  {
    "model": "biker.bikerchangelog",
    "pk": 997,
    "fields": {
      "biker": 314,
      "change_time": "2022-06-19T15:18:20.032Z",
      "start_time": null,
      "end_time": "2022-06-19T15:18:20.032Z"
    }
  },
  {
    "model": "biker.bikerchangelog",
    "pk": 998,
    "fields": {
      "biker": 346,
      "change_time": "2022-06-19T15:18:33.801Z",
      "start_time": "2022-06-19T15:18:33.800Z",
      "end_time": null
    }
  },
  {
    "model": "biker.bikerchangelog",
    "pk": 999,
    "fields": {
      "biker": 347,
      "change_time": "2022-06-19T15:18:46.261Z",
      "start_time": "2022-06-19T15:18:46.261Z",
      "end_time": null
    }
  },
  {
    "model": "biker.bikerchangelog",
    "pk": 1000,
    "fields": {
      "biker": 328,
      "change_time": "2022-06-19T15:18:47.739Z",
      "start_time": null,
      "end_time": "2022-06-19T15:18:47.585Z"
    }
  },
  {
    "model": "biker.bikerchangelog",
    "pk": 1001,
    "fields": {
      "biker": 328,
      "change_time": "2022-06-19T15:18:47.864Z",
      "start_time": null,
      "end_time": "2022-06-19T15:18:47.863Z"
    }
  },
  {
    "model": "biker.bikerchangelog",
    "pk": 1002,
    "fields": {
      "biker": 327,
      "change_time": "2022-06-19T15:19:04.066Z",
      "start_time": null,
      "end_time": "2022-06-19T15:19:03.882Z"
    }
  },
  {
    "model": "biker.bikerchangelog",
    "pk": 1003,
    "fields": {
      "biker": 327,
      "change_time": "2022-06-19T15:19:04.136Z",
      "start_time": null,
      "end_time": "2022-06-19T15:19:04.136Z"
    }
  },
  {
    "model": "biker.bikerchangelog",
    "pk": 1004,
    "fields": {
      "biker": 348,
      "change_time": "2022-06-19T15:19:04.333Z",
      "start_time": "2022-06-19T15:19:04.332Z",
      "end_time": null
    }
  },
  {
    "model": "biker.bikerchangelog",
    "pk": 1005,
    "fields": {
      "biker": 311,
      "change_time": "2022-06-19T15:19:08.979Z",
      "start_time": null,
      "end_time": "2022-06-19T15:19:08.816Z"
    }
  },
  {
    "model": "biker.bikerchangelog",
    "pk": 1006,
    "fields": {
      "biker": 311,
      "change_time": "2022-06-19T15:19:09.066Z",
      "start_time": null,
      "end_time": "2022-06-19T15:19:09.066Z"
    }
  },
  {
    "model": "biker.bikerchangelog",
    "pk": 1007,
    "fields": {
      "biker": 349,
      "change_time": "2022-06-19T15:19:20.622Z",
      "start_time": "2022-06-19T15:19:20.621Z",
      "end_time": null
    }
  },
  {
    "model": "biker.bikerchangelog",
    "pk": 1008,
    "fields": {
      "biker": 329,
      "change_time": "2022-06-19T15:19:24.765Z",
      "start_time": null,
      "end_time": "2022-06-19T15:19:24.591Z"
    }
  },
  {
    "model": "biker.bikerchangelog",
    "pk": 1009,
    "fields": {
      "biker": 329,
      "change_time": "2022-06-19T15:19:24.876Z",
      "start_time": null,
      "end_time": "2022-06-19T15:19:24.875Z"
    }
  },
  {
    "model": "biker.bikerchangelog",
    "pk": 1010,
    "fields": {
      "biker": 350,
      "change_time": "2022-06-19T15:19:35.213Z",
      "start_time": "2022-06-19T15:19:35.213Z",
      "end_time": null
    }
  },
  {
    "model": "biker.bikerchangelog",
    "pk": 1011,
    "fields": {
      "biker": 305,
      "change_time": "2022-06-19T15:19:47.172Z",
      "start_time": null,
      "end_time": "2022-06-19T15:19:46.984Z"
    }
  },
  {
    "model": "biker.bikerchangelog",
    "pk": 1012,
    "fields": {
      "biker": 305,
      "change_time": "2022-06-19T15:19:47.274Z",
      "start_time": null,
      "end_time": "2022-06-19T15:19:47.274Z"
    }
  },
  {
    "model": "biker.bikerchangelog",
    "pk": 1013,
    "fields": {
      "biker": 306,
      "change_time": "2022-06-19T15:19:48.454Z",
      "start_time": null,
      "end_time": "2022-06-19T15:19:48.278Z"
    }
  },
  {
    "model": "biker.bikerchangelog",
    "pk": 1014,
    "fields": {
      "biker": 306,
      "change_time": "2022-06-19T15:19:48.572Z",
      "start_time": null,
      "end_time": "2022-06-19T15:19:48.572Z"
    }
  },
  {
    "model": "biker.bikerchangelog",
    "pk": 1015,
    "fields": {
      "biker": 307,
      "change_time": "2022-06-19T15:19:50.766Z",
      "start_time": null,
      "end_time": "2022-06-19T15:19:50.584Z"
    }
  },
  {
    "model": "biker.bikerchangelog",
    "pk": 1016,
    "fields": {
      "biker": 307,
      "change_time": "2022-06-19T15:19:51.008Z",
      "start_time": null,
      "end_time": "2022-06-19T15:19:51.008Z"
    }
  },
  {
    "model": "biker.bikerchangelog",
    "pk": 1017,
    "fields": {
      "biker": 331,
      "change_time": "2022-06-19T15:20:37.419Z",
      "start_time": null,
      "end_time": "2022-06-19T15:20:37.256Z"
    }
  },
  {
    "model": "biker.bikerchangelog",
    "pk": 1018,
    "fields": {
      "biker": 331,
      "change_time": "2022-06-19T15:20:37.536Z",
      "start_time": null,
      "end_time": "2022-06-19T15:20:37.536Z"
    }
  },
  {
    "model": "biker.bikerchangelog",
    "pk": 1019,
    "fields": {
      "biker": 321,
      "change_time": "2022-06-19T15:20:39.858Z",
      "start_time": null,
      "end_time": "2022-06-19T15:20:39.724Z"
    }
  },
  {
    "model": "biker.bikerchangelog",
    "pk": 1020,
    "fields": {
      "biker": 321,
      "change_time": "2022-06-19T15:20:39.970Z",
      "start_time": null,
      "end_time": "2022-06-19T15:20:39.969Z"
    }
  },
  {
    "model": "biker.bikerchangelog",
    "pk": 1021,
    "fields": {
      "biker": 330,
      "change_time": "2022-06-19T15:20:46.625Z",
      "start_time": null,
      "end_time": "2022-06-19T15:20:46.471Z"
    }
  },
  {
    "model": "biker.bikerchangelog",
    "pk": 1022,
    "fields": {
      "biker": 330,
      "change_time": "2022-06-19T15:20:46.700Z",
      "start_time": null,
      "end_time": "2022-06-19T15:20:46.700Z"
    }
  },
  {
    "model": "biker.bikerchangelog",
    "pk": 1023,
    "fields": {
      "biker": 325,
      "change_time": "2022-06-19T15:20:52.074Z",
      "start_time": null,
      "end_time": "2022-06-19T15:20:51.912Z"
    }
  },
  {
    "model": "biker.bikerchangelog",
    "pk": 1024,
    "fields": {
      "biker": 325,
      "change_time": "2022-06-19T15:20:52.174Z",
      "start_time": null,
      "end_time": "2022-06-19T15:20:52.173Z"
    }
  },
  {
    "model": "biker.bikerchangelog",
    "pk": 1025,
    "fields": {
      "biker": 312,
      "change_time": "2022-06-19T15:20:58.924Z",
      "start_time": null,
      "end_time": "2022-06-19T15:20:58.744Z"
    }
  },
  {
    "model": "biker.bikerchangelog",
    "pk": 1026,
    "fields": {
      "biker": 312,
      "change_time": "2022-06-19T15:20:59.024Z",
      "start_time": null,
      "end_time": "2022-06-19T15:20:59.024Z"
    }
  },
  {
    "model": "biker.bikerchangelog",
    "pk": 1027,
    "fields": {
      "biker": 320,
      "change_time": "2022-06-19T15:21:05.937Z",
      "start_time": null,
      "end_time": "2022-06-19T15:21:05.795Z"
    }
  },
  {
    "model": "biker.bikerchangelog",
    "pk": 1028,
    "fields": {
      "biker": 320,
      "change_time": "2022-06-19T15:21:06.062Z",
      "start_time": null,
      "end_time": "2022-06-19T15:21:06.062Z"
    }
  },
  {
    "model": "biker.bikerchangelog",
    "pk": 1029,
    "fields": {
      "biker": 332,
      "change_time": "2022-06-19T15:21:26.327Z",
      "start_time": null,
      "end_time": "2022-06-19T15:21:26.151Z"
    }
  },
  {
    "model": "biker.bikerchangelog",
    "pk": 1030,
    "fields": {
      "biker": 332,
      "change_time": "2022-06-19T15:21:26.421Z",
      "start_time": null,
      "end_time": "2022-06-19T15:21:26.421Z"
    }
  },
  {
    "model": "biker.bikerchangelog",
    "pk": 1031,
    "fields": {
      "biker": 333,
      "change_time": "2022-06-19T15:22:02.247Z",
      "start_time": null,
      "end_time": "2022-06-19T15:22:02.075Z"
    }
  },
  {
    "model": "biker.bikerchangelog",
    "pk": 1032,
    "fields": {
      "biker": 333,
      "change_time": "2022-06-19T15:22:02.342Z",
      "start_time": null,
      "end_time": "2022-06-19T15:22:02.341Z"
    }
  },
  {
    "model": "biker.bikerchangelog",
    "pk": 1033,
    "fields": {
      "biker": 324,
      "change_time": "2022-06-19T15:22:17.929Z",
      "start_time": null,
      "end_time": "2022-06-19T15:22:17.752Z"
    }
  },
  {
    "model": "biker.bikerchangelog",
    "pk": 1034,
    "fields": {
      "biker": 324,
      "change_time": "2022-06-19T15:22:18.011Z",
      "start_time": null,
      "end_time": "2022-06-19T15:22:18.011Z"
    }
  },
  {
    "model": "biker.bikerchangelog",
    "pk": 1035,
    "fields": {
      "biker": 334,
      "change_time": "2022-06-19T15:23:21.251Z",
      "start_time": null,
      "end_time": "2022-06-19T15:23:21.250Z"
    }
  },
  {
    "model": "biker.bikerchangelog",
    "pk": 1036,
    "fields": {
      "biker": 336,
      "change_time": "2022-06-19T15:23:35.093Z",
      "start_time": null,
      "end_time": "2022-06-19T15:23:34.934Z"
    }
  },
  {
    "model": "biker.bikerchangelog",
    "pk": 1037,
    "fields": {
      "biker": 336,
      "change_time": "2022-06-19T15:23:35.180Z",
      "start_time": null,
      "end_time": "2022-06-19T15:23:35.180Z"
    }
  },
  {
    "model": "biker.bikerchangelog",
    "pk": 1038,
    "fields": {
      "biker": 335,
      "change_time": "2022-06-19T15:23:51.187Z",
      "start_time": null,
      "end_time": "2022-06-19T15:23:51.049Z"
    }
  },
  {
    "model": "biker.bikerchangelog",
    "pk": 1039,
    "fields": {
      "biker": 335,
      "change_time": "2022-06-19T15:23:51.310Z",
      "start_time": null,
      "end_time": "2022-06-19T15:23:51.310Z"
    }
  },
  {
    "model": "biker.bikerchangelog",
    "pk": 1040,
    "fields": {
      "biker": 323,
      "change_time": "2022-06-19T15:24:04.686Z",
      "start_time": null,
      "end_time": "2022-06-19T15:24:04.523Z"
    }
  },
  {
    "model": "biker.bikerchangelog",
    "pk": 1041,
    "fields": {
      "biker": 323,
      "change_time": "2022-06-19T15:24:04.772Z",
      "start_time": null,
      "end_time": "2022-06-19T15:24:04.771Z"
    }
  },
  {
    "model": "biker.bikerchangelog",
    "pk": 1042,
    "fields": {
      "biker": 339,
      "change_time": "2022-06-19T15:25:13.702Z",
      "start_time": null,
      "end_time": "2022-06-19T15:25:13.702Z"
    }
  },
  {
    "model": "biker.bikerchangelog",
    "pk": 1043,
    "fields": {
      "biker": 343,
      "change_time": "2022-06-19T15:25:16.016Z",
      "start_time": null,
      "end_time": "2022-06-19T15:25:15.870Z"
    }
  },
  {
    "model": "biker.bikerchangelog",
    "pk": 1044,
    "fields": {
      "biker": 343,
      "change_time": "2022-06-19T15:25:16.097Z",
      "start_time": null,
      "end_time": "2022-06-19T15:25:16.097Z"
    }
  },
  {
    "model": "biker.bikerchangelog",
    "pk": 1045,
    "fields": {
      "biker": 348,
      "change_time": "2022-06-19T15:26:25.335Z",
      "start_time": null,
      "end_time": "2022-06-19T15:26:25.335Z"
    }
  },
  {
    "model": "biker.bikerchangelog",
    "pk": 1046,
    "fields": {
      "biker": 338,
      "change_time": "2022-06-19T15:27:48.008Z",
      "start_time": null,
      "end_time": "2022-06-19T15:27:47.850Z"
    }
  },
  {
    "model": "biker.bikerchangelog",
    "pk": 1047,
    "fields": {
      "biker": 338,
      "change_time": "2022-06-19T15:27:48.134Z",
      "start_time": null,
      "end_time": "2022-06-19T15:27:48.134Z"
    }
  },
  {
    "model": "biker.bikerchangelog",
    "pk": 1048,
    "fields": {
      "biker": 340,
      "change_time": "2022-06-19T15:28:25.187Z",
      "start_time": null,
      "end_time": "2022-06-19T15:28:25.016Z"
    }
  },
  {
    "model": "biker.bikerchangelog",
    "pk": 1049,
    "fields": {
      "biker": 340,
      "change_time": "2022-06-19T15:28:25.331Z",
      "start_time": null,
      "end_time": "2022-06-19T15:28:25.331Z"
    }
  },
  {
    "model": "biker.bikerchangelog",
    "pk": 1050,
    "fields": {
      "biker": 344,
      "change_time": "2022-06-19T15:32:10.099Z",
      "start_time": null,
      "end_time": "2022-06-19T15:32:10.098Z"
    }
  },
  {
    "model": "biker.bikerchangelog",
    "pk": 1051,
    "fields": {
      "biker": 345,
      "change_time": "2022-06-19T15:32:12.113Z",
      "start_time": null,
      "end_time": "2022-06-19T15:32:11.932Z"
    }
  },
  {
    "model": "biker.bikerchangelog",
    "pk": 1052,
    "fields": {
      "biker": 345,
      "change_time": "2022-06-19T15:32:12.215Z",
      "start_time": null,
      "end_time": "2022-06-19T15:32:12.214Z"
    }
  },
  {
    "model": "biker.bikerchangelog",
    "pk": 1053,
    "fields": {
      "biker": 347,
      "change_time": "2022-06-19T15:33:22.138Z",
      "start_time": null,
      "end_time": "2022-06-19T15:33:22.138Z"
    }
  },
  {
    "model": "biker.bikerchangelog",
    "pk": 1054,
    "fields": {
      "biker": 346,
      "change_time": "2022-06-19T15:33:24.664Z",
      "start_time": null,
      "end_time": "2022-06-19T15:33:24.491Z"
    }
  },
  {
    "model": "biker.bikerchangelog",
    "pk": 1055,
    "fields": {
      "biker": 346,
      "change_time": "2022-06-19T15:33:24.771Z",
      "start_time": null,
      "end_time": "2022-06-19T15:33:24.771Z"
    }
  },
  {
    "model": "biker.bikerchangelog",
    "pk": 1056,
    "fields": {
      "biker": 337,
      "change_time": "2022-06-19T15:33:38.429Z",
      "start_time": null,
      "end_time": "2022-06-19T15:33:38.237Z"
    }
  },
  {
    "model": "biker.bikerchangelog",
    "pk": 1057,
    "fields": {
      "biker": 337,
      "change_time": "2022-06-19T15:33:38.512Z",
      "start_time": null,
      "end_time": "2022-06-19T15:33:38.512Z"
    }
  },
  {
    "model": "biker.bikerchangelog",
    "pk": 1058,
    "fields": {
      "biker": 349,
      "change_time": "2022-06-19T15:36:43.386Z",
      "start_time": null,
      "end_time": "2022-06-19T15:36:43.386Z"
    }
  },
  {
    "model": "biker.bikerchangelog",
    "pk": 1059,
    "fields": {
      "biker": 350,
      "change_time": "2022-06-19T15:36:44.696Z",
      "start_time": null,
      "end_time": "2022-06-19T15:36:44.514Z"
    }
  },
  {
    "model": "biker.bikerchangelog",
    "pk": 1060,
    "fields": {
      "biker": 350,
      "change_time": "2022-06-19T15:36:44.788Z",
      "start_time": null,
      "end_time": "2022-06-19T15:36:44.788Z"
    }
  },
  {
    "model": "biker.bikerchangelog",
    "pk": 1061,
    "fields": {
      "biker": 341,
      "change_time": "2022-06-19T15:39:29.298Z",
      "start_time": null,
      "end_time": "2022-06-19T15:39:29.111Z"
    }
  },
  {
    "model": "biker.bikerchangelog",
    "pk": 1062,
    "fields": {
      "biker": 341,
      "change_time": "2022-06-19T15:39:29.423Z",
      "start_time": null,
      "end_time": "2022-06-19T15:39:29.423Z"
    }
  },
  {
    "model": "biker.bikerchangelog",
    "pk": 1063,
    "fields": {
      "biker": 342,
      "change_time": "2022-06-19T15:39:30.646Z",
      "start_time": null,
      "end_time": "2022-06-19T15:39:30.437Z"
    }
  },
  {
    "model": "biker.bikerchangelog",
    "pk": 1064,
    "fields": {
      "biker": 342,
      "change_time": "2022-06-19T15:39:30.724Z",
      "start_time": null,
      "end_time": "2022-06-19T15:39:30.723Z"
    }
  },
  {
    "model": "biker.bikerchangelog",
    "pk": 1065,
    "fields": {
      "biker": 293,
      "change_time": "2022-06-19T15:40:14.738Z",
      "start_time": null,
      "end_time": "2022-06-19T15:40:14.562Z"
    }
  },
  {
    "model": "biker.bikerchangelog",
    "pk": 1066,
    "fields": {
      "biker": 293,
      "change_time": "2022-06-19T15:40:14.848Z",
      "start_time": null,
      "end_time": "2022-06-19T15:40:14.848Z"
    }
  },
  {
    "model": "biker.bikerchangelog",
    "pk": 1067,
    "fields": {
      "biker": 294,
      "change_time": "2022-06-19T15:40:17.030Z",
      "start_time": null,
      "end_time": "2022-06-19T15:40:16.837Z"
    }
  },
  {
    "model": "biker.bikerchangelog",
    "pk": 1068,
    "fields": {
      "biker": 294,
      "change_time": "2022-06-19T15:40:17.112Z",
      "start_time": null,
      "end_time": "2022-06-19T15:40:17.112Z"
    }
  },
  {
    "model": "biker.bikerchangelog",
    "pk": 1069,
    "fields": {
      "biker": 351,
      "change_time": "2022-06-19T15:40:19.696Z",
      "start_time": null,
      "end_time": "2022-06-19T15:40:19.544Z"
    }
  },
  {
    "model": "biker.bikerchangelog",
    "pk": 1070,
    "fields": {
      "biker": 351,
      "change_time": "2022-06-19T15:40:19.785Z",
      "start_time": null,
      "end_time": "2022-06-19T15:40:19.785Z"
    }
  },
  {
    "model": "biker.bikerchangelog",
    "pk": 1071,
    "fields": {
      "biker": 351,
      "change_time": "2022-06-19T15:40:31.298Z",
      "start_time": null,
      "end_time": "2022-06-19T15:40:31.127Z"
    }
  },
  {
    "model": "biker.competition",
    "pk": 1,
    "fields": {
      "title": "Kronometer Knej - Karlovica 2022",
      "description": "",
      "result_section_1": "Skupno",
      "result_section_2": "Občinsko",
      "section_2_domestic_only": true
    }
  }
]