[{"model": "biker.category", "pk": 25, "fields": {"name": "pred\u0161olski", "gender": "pred\u0161olski"}}, {"model": "biker.category", "pk": 26, "fields": {"name": "u\u010denci - 1. triada", "gender": "u\u010denci O\u0160"}}, {"model": "biker.category", "pk": 27, "fields": {"name": "u\u010denci - 2. triada", "gender": "u\u010denci O\u0160"}}, {"model": "biker.category", "pk": 28, "fields": {"name": "u\u010denci - 3. triada", "gender": "u\u010denci O\u0160"}}, {"model": "biker.category", "pk": 29, "fields": {"name": "u\u010denke - 1. triada", "gender": "u\u010denke O\u0160"}}, {"model": "biker.category", "pk": 30, "fields": {"name": "u\u010denke - 2. triada", "gender": "u\u010denke O\u0160"}}, {"model": "biker.category", "pk": 31, "fields": {"name": "u\u010denke - 3. triada", "gender": "u\u010denke O\u0160"}}, {"model": "biker.category", "pk": 32, "fields": {"name": "dekleta do 35 let", "gender": "dekleta do 35 let"}}, {"model": "biker.category", "pk": 33, "fields": {"name": "dekleta nad 35 let", "gender": "dekleta nad 35 let"}}, {"model": "biker.category", "pk": 34, "fields": {"name": "fantje do 40", "gender": "fantje do 40"}}, {"model": "biker.category", "pk": 35, "fields": {"name": "fantje 40 do 60", "gender": "fantje 40 do 60"}}, {"model": "biker.category", "pk": 36, "fields": {"name": "fantje nad 60", "gender": "fantje nad 60"}}, {"model": "biker.category", "pk": 37, "fields": {"name": "Vo\u017enja v paru", "gender": "Vo\u017enja v paru"}}, {"model": "biker.biker", "pk": 133, "fields": {"number": 1, "name": "Alja\u017e", "surname": "Strnad", "category": 28, "birth_year": null, "domestic": true, "start_time": "2019-06-16T15:01:53.602Z", "end_time": "2019-06-16T15:10:41.244Z"}}, {"model": "biker.biker", "pk": 134, "fields": {"number": 2, "name": "Filip", "surname": "Strnad", "category": 27, "birth_year": null, "domestic": true, "start_time": "2019-06-16T15:02:32.004Z", "end_time": "2019-06-16T15:13:54.906Z"}}, {"model": "biker.biker", "pk": 135, "fields": {"number": 3, "name": "\u017dan", "surname": "Videti\u010d", "category": 28, "birth_year": null, "domestic": true, "start_time": "2019-06-16T15:03:05.374Z", "end_time": "2019-06-16T15:14:53.549Z"}}, {"model": "biker.biker", "pk": 136, "fields": {"number": 4, "name": "Ruben", "surname": "Kastigar", "category": 27, "birth_year": null, "domestic": true, "start_time": "2019-06-16T15:03:40.046Z", "end_time": "2019-06-16T15:18:05.700Z"}}, {"model": "biker.biker", "pk": 137, "fields": {"number": 5, "name": "Maks", "surname": "Kastigar", "category": 28, "birth_year": null, "domestic": true, "start_time": "2019-06-16T15:04:18.244Z", "end_time": "2019-06-16T15:15:22.673Z"}}, {"model": "biker.biker", "pk": 138, "fields": {"number": 6, "name": "Ga\u0161per", "surname": "Ivanc", "category": 27, "birth_year": null, "domestic": true, "start_time": "2019-06-16T15:04:45.545Z", "end_time": "2019-06-16T15:15:59.792Z"}}, {"model": "biker.biker", "pk": 139, "fields": {"number": 7, "name": "Neli", "surname": "Cimperman", "category": 30, "birth_year": null, "domestic": true, "start_time": "2019-06-16T15:05:13.424Z", "end_time": "2019-06-16T15:17:17.895Z"}}, {"model": "biker.biker", "pk": 140, "fields": {"number": 8, "name": "Tilen", "surname": "Cimperman", "category": 26, "birth_year": null, "domestic": true, "start_time": "2019-06-16T15:05:43.540Z", "end_time": "2019-06-16T15:17:44.219Z"}}, {"model": "biker.biker", "pk": 141, "fields": {"number": 9, "name": "Nastja", "surname": "Horvat", "category": 32, "birth_year": null, "domestic": true, "start_time": "2019-06-16T15:06:12.043Z", "end_time": "2019-06-16T15:17:49.168Z"}}, {"model": "biker.biker", "pk": 142, "fields": {"number": 10, "name": "\u0160pela", "surname": "Ivanc", "category": 31, "birth_year": null, "domestic": true, "start_time": "2019-06-16T15:06:39.539Z", "end_time": "2019-06-16T15:17:41.419Z"}}, {"model": "biker.biker", "pk": 143, "fields": {"number": 11, "name": "Luka", "surname": "Cukrov", "category": 26, "birth_year": null, "domestic": true, "start_time": "2019-06-16T15:07:08.038Z", "end_time": "2019-06-16T15:18:21.756Z"}}, {"model": "biker.biker", "pk": 144, "fields": {"number": 12, "name": "An\u017ee", "surname": "Cukrov", "category": 27, "birth_year": null, "domestic": true, "start_time": "2019-06-16T15:07:35.289Z", "end_time": "2019-06-16T15:19:55.486Z"}}, {"model": "biker.biker", "pk": 145, "fields": {"number": 13, "name": "Jon", "surname": "Tepej Pe\u010dnik", "category": 26, "birth_year": null, "domestic": true, "start_time": "2019-06-16T15:08:05.039Z", "end_time": "2019-06-16T15:21:08.102Z"}}, {"model": "biker.biker", "pk": 146, "fields": {"number": 14, "name": "Maks", "surname": "Sedev\u010di\u010d Pe\u010dnik", "category": 26, "birth_year": null, "domestic": true, "start_time": "2019-06-16T15:08:34.429Z", "end_time": "2019-06-16T15:21:00.395Z"}}, {"model": "biker.biker", "pk": 147, "fields": {"number": 15, "name": "Petja", "surname": "Sedev\u010di\u010d Pe\u010dnik", "category": 25, "birth_year": null, "domestic": true, "start_time": "2019-06-16T15:09:24.426Z", "end_time": "2019-06-16T15:39:34.914Z"}}, {"model": "biker.biker", "pk": 148, "fields": {"number": 16, "name": "Pascal", "surname": "Sedev\u010di\u010d Pe\u010dnik", "category": 25, "birth_year": null, "domestic": true, "start_time": "2019-06-16T15:09:26.046Z", "end_time": "2019-06-16T15:39:05.651Z"}}, {"model": "biker.biker", "pk": 149, "fields": {"number": 17, "name": "Marko", "surname": "Tepej", "category": 35, "birth_year": null, "domestic": true, "start_time": "2019-06-16T15:09:26.844Z", "end_time": "2019-06-16T15:39:38.216Z"}}, {"model": "biker.biker", "pk": 150, "fields": {"number": 18, "name": "Filip", "surname": "Stari\u010d", "category": 26, "birth_year": null, "domestic": true, "start_time": "2019-06-16T15:09:55.040Z", "end_time": "2019-06-16T15:22:21.267Z"}}, {"model": "biker.biker", "pk": 151, "fields": {"number": 19, "name": "Vid", "surname": "Stari\u010d", "category": 25, "birth_year": null, "domestic": true, "start_time": "2019-06-16T15:10:22.927Z", "end_time": "2019-06-16T15:30:14.725Z"}}, {"model": "biker.biker", "pk": 152, "fields": {"number": 20, "name": "Marija", "surname": "Kutnar", "category": 33, "birth_year": null, "domestic": true, "start_time": "2019-06-16T15:10:51.664Z", "end_time": "2019-06-16T15:20:38.969Z"}}, {"model": "biker.biker", "pk": 153, "fields": {"number": 21, "name": "Franc", "surname": "Kutnar", "category": 36, "birth_year": null, "domestic": true, "start_time": "2019-06-16T15:11:20.164Z", "end_time": "2019-06-16T15:19:56.354Z"}}, {"model": "biker.biker", "pk": 154, "fields": {"number": 22, "name": "Peter", "surname": "Pe\u010dnik", "category": 28, "birth_year": null, "domestic": true, "start_time": "2019-06-16T15:11:48.178Z", "end_time": "2019-06-16T15:22:37.620Z"}}, {"model": "biker.biker", "pk": 155, "fields": {"number": 23, "name": "Alen", "surname": "Zgonc", "category": 28, "birth_year": null, "domestic": true, "start_time": "2019-06-16T15:12:15.677Z", "end_time": "2019-06-16T15:22:41.031Z"}}, {"model": "biker.biker", "pk": 156, "fields": {"number": 24, "name": "Simon", "surname": "Novak", "category": 35, "birth_year": null, "domestic": false, "start_time": "2019-06-16T15:12:45Z", "end_time": "2019-06-16T15:21:05Z"}}, {"model": "biker.biker", "pk": 157, "fields": {"number": 25, "name": "Kevin", "surname": "Gradi\u0161ar", "category": 25, "birth_year": null, "domestic": true, "start_time": "2019-06-16T15:13:18.045Z", "end_time": "2019-06-16T15:35:14.898Z"}}, {"model": "biker.biker", "pk": 158, "fields": {"number": 26, "name": "Bo\u0161tjan", "surname": "Gradi\u0161ar", "category": 35, "birth_year": null, "domestic": true, "start_time": "2019-06-16T15:13:18.491Z", "end_time": "2019-06-16T15:35:04.486Z"}}, {"model": "biker.biker", "pk": 159, "fields": {"number": 27, "name": "\u010crt", "surname": "Gradi\u0161ar", "category": 28, "birth_year": null, "domestic": true, "start_time": "2019-06-16T15:13:47.176Z", "end_time": "2019-06-16T15:25:20.926Z"}}, {"model": "biker.biker", "pk": 160, "fields": {"number": 28, "name": "\u017dak", "surname": "Gradi\u0161ar", "category": 28, "birth_year": null, "domestic": true, "start_time": "2019-06-16T15:14:16.168Z", "end_time": "2019-06-16T15:23:23.692Z"}}, {"model": "biker.biker", "pk": 161, "fields": {"number": 29, "name": "Gregor", "surname": "Vrhovnik", "category": 34, "birth_year": null, "domestic": false, "start_time": "2019-06-16T15:14:36.569Z", "end_time": "2019-06-16T15:22:01.780Z"}}, {"model": "biker.biker", "pk": 162, "fields": {"number": 30, "name": "Tia", "surname": "Zucca", "category": 30, "birth_year": null, "domestic": true, "start_time": "2019-06-16T15:15:07.109Z", "end_time": "2019-06-16T15:27:36.824Z"}}, {"model": "biker.biker", "pk": 163, "fields": {"number": 31, "name": "Vinci", "surname": "Zucca", "category": 35, "birth_year": null, "domestic": true, "start_time": "2019-06-16T15:15:36.928Z", "end_time": "2019-06-16T15:27:37.435Z"}}, {"model": "biker.biker", "pk": 164, "fields": {"number": 32, "name": "A\u017ebe", "surname": "Gradi\u0161ar", "category": 28, "birth_year": null, "domestic": true, "start_time": "2019-06-16T15:16:06.668Z", "end_time": "2019-06-16T15:26:10.530Z"}}, {"model": "biker.biker", "pk": 165, "fields": {"number": 33, "name": "\u017diga", "surname": "\u0160iraj", "category": 27, "birth_year": null, "domestic": true, "start_time": "2019-06-16T15:16:36.916Z", "end_time": "2019-06-16T15:30:40.012Z"}}, {"model": "biker.biker", "pk": 166, "fields": {"number": 34, "name": "Ale\u0161", "surname": "\u0160iraj", "category": 35, "birth_year": null, "domestic": true, "start_time": "2019-06-16T15:17:07.049Z", "end_time": "2019-06-16T15:26:40.901Z"}}, {"model": "biker.biker", "pk": 167, "fields": {"number": 35, "name": "Urh", "surname": "Zelnik", "category": 28, "birth_year": null, "domestic": true, "start_time": "2019-06-16T15:17:38.789Z", "end_time": "2019-06-16T15:27:45.224Z"}}, {"model": "biker.biker", "pk": 168, "fields": {"number": 36, "name": "Barbara", "surname": "Bejek", "category": 33, "birth_year": null, "domestic": true, "start_time": "2019-06-16T15:18:08.428Z", "end_time": "2019-06-16T15:31:14.036Z"}}, {"model": "biker.biker", "pk": 169, "fields": {"number": 37, "name": "Bo\u0161tjan", "surname": "Bejek", "category": 27, "birth_year": null, "domestic": true, "start_time": "2019-06-16T15:18:37.928Z", "end_time": "2019-06-16T15:31:03.561Z"}}, {"model": "biker.biker", "pk": 170, "fields": {"number": 38, "name": "Benjamin", "surname": "Bejek", "category": 28, "birth_year": null, "domestic": true, "start_time": "2019-06-16T15:19:08.415Z", "end_time": "2019-06-16T15:32:06.378Z"}}, {"model": "biker.biker", "pk": 171, "fields": {"number": 39, "name": "Bla\u017e", "surname": "Bejek", "category": 35, "birth_year": null, "domestic": true, "start_time": "2019-06-16T15:19:37.412Z", "end_time": "2019-06-16T15:30:04.960Z"}}, {"model": "biker.biker", "pk": 172, "fields": {"number": 40, "name": "Ivana", "surname": "Centa", "category": 25, "birth_year": null, "domestic": true, "start_time": "2019-06-16T15:20:18.287Z", "end_time": "2019-06-16T15:54:33.726Z"}}, {"model": "biker.biker", "pk": 173, "fields": {"number": 41, "name": "Sara", "surname": "Samsa Centa", "category": 32, "birth_year": null, "domestic": true, "start_time": "2019-06-16T15:20:28.742Z", "end_time": "2019-06-16T15:54:34.557Z"}}, {"model": "biker.biker", "pk": 174, "fields": {"number": 42, "name": "Izak", "surname": "Centa", "category": 25, "birth_year": null, "domestic": true, "start_time": "2019-06-16T15:21:00.469Z", "end_time": "2019-06-16T15:39:09.828Z"}}, {"model": "biker.biker", "pk": 175, "fields": {"number": 43, "name": "Uro\u0161 in Ne\u017ea", "surname": "Centa", "category": 37, "birth_year": null, "domestic": true, "start_time": "2019-06-16T15:21:28.159Z", "end_time": "2019-06-16T15:39:10.451Z"}}, {"model": "biker.biker", "pk": 176, "fields": {"number": 44, "name": "Andrej", "surname": "Kri\u010dka", "category": 35, "birth_year": null, "domestic": true, "start_time": "2019-06-16T15:21:57.794Z", "end_time": "2019-06-16T15:29:49.927Z"}}, {"model": "biker.biker", "pk": 177, "fields": {"number": 45, "name": "Jo\u017ee", "surname": "\u0160kulj", "category": 35, "birth_year": null, "domestic": true, "start_time": "2019-06-16T15:22:27.424Z", "end_time": "2019-06-16T15:30:49.567Z"}}, {"model": "biker.biker", "pk": 178, "fields": {"number": 46, "name": "Miha", "surname": "Zupani\u010d", "category": 28, "birth_year": null, "domestic": true, "start_time": "2019-06-16T15:22:55.926Z", "end_time": "2019-06-16T15:35:31.598Z"}}, {"model": "biker.biker", "pk": 179, "fields": {"number": 47, "name": "Jon", "surname": "Novak", "category": 26, "birth_year": null, "domestic": false, "start_time": "2019-06-16T15:23:24.167Z", "end_time": "2019-06-16T15:36:35.548Z"}}, {"model": "biker.biker", "pk": 180, "fields": {"number": 48, "name": "Bojan", "surname": "Novak", "category": 35, "birth_year": null, "domestic": false, "start_time": "2019-06-16T15:23:51.798Z", "end_time": "2019-06-16T15:36:36.265Z"}}, {"model": "biker.biker", "pk": 181, "fields": {"number": 49, "name": "Jo\u017ee", "surname": "Stari\u010d", "category": 35, "birth_year": null, "domestic": true, "start_time": "2019-06-16T15:28:16.547Z", "end_time": "2019-06-16T15:37:41.873Z"}}, {"model": "biker.biker", "pk": 182, "fields": {"number": 50, "name": "Matija", "surname": "\u0160trukelj", "category": 25, "birth_year": null, "domestic": true, "start_time": "2019-06-16T15:24:20.038Z", "end_time": "2019-06-16T15:49:28.521Z"}}, {"model": "biker.biker", "pk": 183, "fields": {"number": 51, "name": "Martina", "surname": "Jug", "category": 33, "birth_year": null, "domestic": true, "start_time": "2019-06-16T15:24:25.030Z", "end_time": "2019-06-16T15:49:29.718Z"}}, {"model": "biker.biker", "pk": 184, "fields": {"number": 52, "name": "Maja", "surname": "\u0160trukelj", "category": 30, "birth_year": null, "domestic": true, "start_time": "2019-06-16T15:24:54.672Z", "end_time": "2019-06-16T15:39:46.609Z"}}, {"model": "biker.biker", "pk": 185, "fields": {"number": 53, "name": "Miha", "surname": "\u0160trukelj", "category": 35, "birth_year": null, "domestic": true, "start_time": "2019-06-16T15:25:22.537Z", "end_time": "2019-06-16T15:39:47.718Z"}}, {"model": "biker.biker", "pk": 186, "fields": {"number": 54, "name": "Primo\u017e", "surname": "Podlogar", "category": 35, "birth_year": null, "domestic": true, "start_time": "2019-06-16T15:25:52.048Z", "end_time": "2019-06-16T15:38:56.536Z"}}, {"model": "biker.biker", "pk": 187, "fields": {"number": 55, "name": "Peter", "surname": "Andolj\u0161ek", "category": 36, "birth_year": null, "domestic": true, "start_time": "2019-06-16T15:26:20.286Z", "end_time": "2019-06-16T15:36:22.767Z"}}, {"model": "biker.biker", "pk": 188, "fields": {"number": 56, "name": "Valerija", "surname": "Gradi\u0161ar", "category": 29, "birth_year": null, "domestic": true, "start_time": "2019-06-16T15:26:49.665Z", "end_time": "2019-06-16T15:39:30.125Z"}}, {"model": "biker.biker", "pk": 189, "fields": {"number": 57, "name": "Tadeja", "surname": "Gradi\u0161ar", "category": 33, "birth_year": null, "domestic": true, "start_time": "2019-06-16T15:27:18.035Z", "end_time": "2019-06-16T15:40:50.747Z"}}, {"model": "biker.biker", "pk": 190, "fields": {"number": 58, "name": "Damjan", "surname": "Gradi\u0161ar", "category": 37, "birth_year": null, "domestic": true, "start_time": "2019-06-16T15:27:46Z", "end_time": "2019-06-16T15:40:44Z"}}, {"model": "biker.bikerchangelog", "pk": 388, "fields": {"biker": 133, "change_time": "2019-06-16T15:01:55.409Z", "start_time": "2019-06-16T15:01:53.602Z", "end_time": null}}, {"model": "biker.bikerchangelog", "pk": 389, "fields": {"biker": 134, "change_time": "2019-06-16T15:01:56.686Z", "start_time": "2019-06-16T15:01:53.868Z", "end_time": null}}, {"model": "biker.bikerchangelog", "pk": 390, "fields": {"biker": 134, "change_time": "2019-06-16T15:02:33.729Z", "start_time": "2019-06-16T15:02:32.004Z", "end_time": null}}, {"model": "biker.bikerchangelog", "pk": 391, "fields": {"biker": 135, "change_time": "2019-06-16T15:03:07.245Z", "start_time": "2019-06-16T15:03:05.374Z", "end_time": null}}, {"model": "biker.bikerchangelog", "pk": 392, "fields": {"biker": 136, "change_time": "2019-06-16T15:03:41.869Z", "start_time": "2019-06-16T15:03:40.046Z", "end_time": null}}, {"model": "biker.bikerchangelog", "pk": 393, "fields": {"biker": 137, "change_time": "2019-06-16T15:04:20.068Z", "start_time": "2019-06-16T15:04:18.244Z", "end_time": null}}, {"model": "biker.bikerchangelog", "pk": 394, "fields": {"biker": 138, "change_time": "2019-06-16T15:04:47.238Z", "start_time": "2019-06-16T15:04:45.545Z", "end_time": null}}, {"model": "biker.bikerchangelog", "pk": 395, "fields": {"biker": 139, "change_time": "2019-06-16T15:05:15.287Z", "start_time": "2019-06-16T15:05:13.424Z", "end_time": null}}, {"model": "biker.bikerchangelog", "pk": 396, "fields": {"biker": 140, "change_time": "2019-06-16T15:05:45.313Z", "start_time": "2019-06-16T15:05:43.540Z", "end_time": null}}, {"model": "biker.bikerchangelog", "pk": 397, "fields": {"biker": 141, "change_time": "2019-06-16T15:06:13.722Z", "start_time": "2019-06-16T15:06:12.043Z", "end_time": null}}, {"model": "biker.bikerchangelog", "pk": 398, "fields": {"biker": 142, "change_time": "2019-06-16T15:06:41.220Z", "start_time": "2019-06-16T15:06:39.539Z", "end_time": null}}, {"model": "biker.bikerchangelog", "pk": 399, "fields": {"biker": 143, "change_time": "2019-06-16T15:07:09.869Z", "start_time": "2019-06-16T15:07:08.038Z", "end_time": null}}, {"model": "biker.bikerchangelog", "pk": 400, "fields": {"biker": 144, "change_time": "2019-06-16T15:07:37.164Z", "start_time": "2019-06-16T15:07:35.289Z", "end_time": null}}, {"model": "biker.bikerchangelog", "pk": 401, "fields": {"biker": 145, "change_time": "2019-06-16T15:08:06.745Z", "start_time": "2019-06-16T15:08:05.039Z", "end_time": null}}, {"model": "biker.bikerchangelog", "pk": 402, "fields": {"biker": 146, "change_time": "2019-06-16T15:08:36.476Z", "start_time": "2019-06-16T15:08:34.429Z", "end_time": null}}, {"model": "biker.bikerchangelog", "pk": 403, "fields": {"biker": 147, "change_time": "2019-06-16T15:09:26.258Z", "start_time": "2019-06-16T15:09:24.426Z", "end_time": null}}, {"model": "biker.bikerchangelog", "pk": 404, "fields": {"biker": 148, "change_time": "2019-06-16T15:09:57.035Z", "start_time": "2019-06-16T15:09:26.046Z", "end_time": null}}, {"model": "biker.bikerchangelog", "pk": 405, "fields": {"biker": 149, "change_time": "2019-06-16T15:09:57.308Z", "start_time": "2019-06-16T15:09:26.844Z", "end_time": null}}, {"model": "biker.bikerchangelog", "pk": 406, "fields": {"biker": 150, "change_time": "2019-06-16T15:09:57.550Z", "start_time": "2019-06-16T15:09:55.040Z", "end_time": null}}, {"model": "biker.bikerchangelog", "pk": 407, "fields": {"biker": 151, "change_time": "2019-06-16T15:10:24.782Z", "start_time": "2019-06-16T15:10:22.927Z", "end_time": null}}, {"model": "biker.bikerchangelog", "pk": 408, "fields": {"biker": 133, "change_time": "2019-06-16T15:10:43.892Z", "start_time": "2019-06-16T15:01:53.602Z", "end_time": null}}, {"model": "biker.bikerchangelog", "pk": 409, "fields": {"biker": 133, "change_time": "2019-06-16T15:10:43.898Z", "start_time": null, "end_time": "2019-06-16T15:10:41.244Z"}}, {"model": "biker.bikerchangelog", "pk": 410, "fields": {"biker": 152, "change_time": "2019-06-16T15:10:53.337Z", "start_time": "2019-06-16T15:10:51.664Z", "end_time": null}}, {"model": "biker.bikerchangelog", "pk": 411, "fields": {"biker": 153, "change_time": "2019-06-16T15:11:22.000Z", "start_time": "2019-06-16T15:11:20.164Z", "end_time": null}}, {"model": "biker.bikerchangelog", "pk": 412, "fields": {"biker": 154, "change_time": "2019-06-16T15:11:50.022Z", "start_time": "2019-06-16T15:11:48.178Z", "end_time": null}}, {"model": "biker.bikerchangelog", "pk": 413, "fields": {"biker": 155, "change_time": "2019-06-16T15:12:17.521Z", "start_time": "2019-06-16T15:12:15.677Z", "end_time": null}}, {"model": "biker.bikerchangelog", "pk": 414, "fields": {"biker": 156, "change_time": "2019-06-16T15:12:47.449Z", "start_time": "2019-06-16T15:12:45.428Z", "end_time": null}}, {"model": "biker.bikerchangelog", "pk": 415, "fields": {"biker": 157, "change_time": "2019-06-16T15:13:19.741Z", "start_time": "2019-06-16T15:13:18.045Z", "end_time": null}}, {"model": "biker.bikerchangelog", "pk": 416, "fields": {"biker": 158, "change_time": "2019-06-16T15:13:21.040Z", "start_time": "2019-06-16T15:13:18.491Z", "end_time": null}}, {"model": "biker.bikerchangelog", "pk": 417, "fields": {"biker": 159, "change_time": "2019-06-16T15:13:49.142Z", "start_time": "2019-06-16T15:13:47.176Z", "end_time": null}}, {"model": "biker.bikerchangelog", "pk": 418, "fields": {"biker": 134, "change_time": "2019-06-16T15:13:57.388Z", "start_time": "2019-06-16T15:02:32.004Z", "end_time": null}}, {"model": "biker.bikerchangelog", "pk": 419, "fields": {"biker": 134, "change_time": "2019-06-16T15:13:57.394Z", "start_time": null, "end_time": "2019-06-16T15:13:54.906Z"}}, {"model": "biker.bikerchangelog", "pk": 420, "fields": {"biker": 160, "change_time": "2019-06-16T15:14:18.007Z", "start_time": "2019-06-16T15:14:16.168Z", "end_time": null}}, {"model": "biker.bikerchangelog", "pk": 421, "fields": {"biker": 161, "change_time": "2019-06-16T15:14:38.244Z", "start_time": "2019-06-16T15:14:36.569Z", "end_time": null}}, {"model": "biker.bikerchangelog", "pk": 422, "fields": {"biker": 135, "change_time": "2019-06-16T15:14:56.213Z", "start_time": "2019-06-16T15:03:05.374Z", "end_time": null}}, {"model": "biker.bikerchangelog", "pk": 423, "fields": {"biker": 135, "change_time": "2019-06-16T15:14:56.220Z", "start_time": null, "end_time": "2019-06-16T15:14:53.549Z"}}, {"model": "biker.bikerchangelog", "pk": 424, "fields": {"biker": 162, "change_time": "2019-06-16T15:15:08.944Z", "start_time": "2019-06-16T15:15:07.109Z", "end_time": null}}, {"model": "biker.bikerchangelog", "pk": 425, "fields": {"biker": 137, "change_time": "2019-06-16T15:15:25.248Z", "start_time": "2019-06-16T15:04:18.244Z", "end_time": null}}, {"model": "biker.bikerchangelog", "pk": 426, "fields": {"biker": 137, "change_time": "2019-06-16T15:15:25.254Z", "start_time": null, "end_time": "2019-06-16T15:15:22.673Z"}}, {"model": "biker.bikerchangelog", "pk": 427, "fields": {"biker": 163, "change_time": "2019-06-16T15:15:38.842Z", "start_time": "2019-06-16T15:15:36.928Z", "end_time": null}}, {"model": "biker.bikerchangelog", "pk": 428, "fields": {"biker": 138, "change_time": "2019-06-16T15:16:05.246Z", "start_time": "2019-06-16T15:04:45.545Z", "end_time": null}}, {"model": "biker.bikerchangelog", "pk": 429, "fields": {"biker": 138, "change_time": "2019-06-16T15:16:05.253Z", "start_time": null, "end_time": "2019-06-16T15:15:59.792Z"}}, {"model": "biker.bikerchangelog", "pk": 430, "fields": {"biker": 164, "change_time": "2019-06-16T15:16:08.598Z", "start_time": "2019-06-16T15:16:06.668Z", "end_time": null}}, {"model": "biker.bikerchangelog", "pk": 431, "fields": {"biker": 165, "change_time": "2019-06-16T15:16:38.868Z", "start_time": "2019-06-16T15:16:36.916Z", "end_time": null}}, {"model": "biker.bikerchangelog", "pk": 432, "fields": {"biker": 166, "change_time": "2019-06-16T15:17:08.981Z", "start_time": "2019-06-16T15:17:07.049Z", "end_time": null}}, {"model": "biker.bikerchangelog", "pk": 433, "fields": {"biker": 139, "change_time": "2019-06-16T15:17:20.090Z", "start_time": "2019-06-16T15:05:13.424Z", "end_time": null}}, {"model": "biker.bikerchangelog", "pk": 434, "fields": {"biker": 139, "change_time": "2019-06-16T15:17:20.096Z", "start_time": null, "end_time": "2019-06-16T15:17:17.895Z"}}, {"model": "biker.bikerchangelog", "pk": 435, "fields": {"biker": 167, "change_time": "2019-06-16T15:17:40.752Z", "start_time": "2019-06-16T15:17:38.789Z", "end_time": null}}, {"model": "biker.bikerchangelog", "pk": 436, "fields": {"biker": 142, "change_time": "2019-06-16T15:18:02.819Z", "start_time": "2019-06-16T15:06:39.539Z", "end_time": null}}, {"model": "biker.bikerchangelog", "pk": 437, "fields": {"biker": 142, "change_time": "2019-06-16T15:18:02.828Z", "start_time": null, "end_time": "2019-06-16T15:17:41.419Z"}}, {"model": "biker.bikerchangelog", "pk": 438, "fields": {"biker": 168, "change_time": "2019-06-16T15:18:10.369Z", "start_time": "2019-06-16T15:18:08.428Z", "end_time": null}}, {"model": "biker.bikerchangelog", "pk": 439, "fields": {"biker": 136, "change_time": "2019-06-16T15:18:16.921Z", "start_time": "2019-06-16T15:03:40.046Z", "end_time": null}}, {"model": "biker.bikerchangelog", "pk": 440, "fields": {"biker": 136, "change_time": "2019-06-16T15:18:16.927Z", "start_time": null, "end_time": "2019-06-16T15:18:05.700Z"}}, {"model": "biker.bikerchangelog", "pk": 441, "fields": {"biker": 140, "change_time": "2019-06-16T15:18:17.387Z", "start_time": "2019-06-16T15:05:43.540Z", "end_time": null}}, {"model": "biker.bikerchangelog", "pk": 442, "fields": {"biker": 140, "change_time": "2019-06-16T15:18:17.393Z", "start_time": null, "end_time": "2019-06-16T15:17:44.219Z"}}, {"model": "biker.bikerchangelog", "pk": 443, "fields": {"biker": 141, "change_time": "2019-06-16T15:18:17.967Z", "start_time": "2019-06-16T15:06:12.043Z", "end_time": null}}, {"model": "biker.bikerchangelog", "pk": 444, "fields": {"biker": 141, "change_time": "2019-06-16T15:18:17.974Z", "start_time": null, "end_time": "2019-06-16T15:17:49.168Z"}}, {"model": "biker.bikerchangelog", "pk": 445, "fields": {"biker": 143, "change_time": "2019-06-16T15:18:25.589Z", "start_time": "2019-06-16T15:07:08.038Z", "end_time": null}}, {"model": "biker.bikerchangelog", "pk": 446, "fields": {"biker": 143, "change_time": "2019-06-16T15:18:25.596Z", "start_time": null, "end_time": "2019-06-16T15:18:21.756Z"}}, {"model": "biker.bikerchangelog", "pk": 447, "fields": {"biker": 169, "change_time": "2019-06-16T15:18:39.872Z", "start_time": "2019-06-16T15:18:37.928Z", "end_time": null}}, {"model": "biker.bikerchangelog", "pk": 448, "fields": {"biker": 170, "change_time": "2019-06-16T15:19:10.198Z", "start_time": "2019-06-16T15:19:08.415Z", "end_time": null}}, {"model": "biker.bikerchangelog", "pk": 449, "fields": {"biker": 171, "change_time": "2019-06-16T15:19:39.404Z", "start_time": "2019-06-16T15:19:37.412Z", "end_time": null}}, {"model": "biker.bikerchangelog", "pk": 450, "fields": {"biker": 144, "change_time": "2019-06-16T15:20:05.810Z", "start_time": "2019-06-16T15:07:35.289Z", "end_time": null}}, {"model": "biker.bikerchangelog", "pk": 451, "fields": {"biker": 144, "change_time": "2019-06-16T15:20:05.816Z", "start_time": null, "end_time": "2019-06-16T15:19:55.486Z"}}, {"model": "biker.bikerchangelog", "pk": 452, "fields": {"biker": 172, "change_time": "2019-06-16T15:20:20.078Z", "start_time": "2019-06-16T15:20:18.287Z", "end_time": null}}, {"model": "biker.bikerchangelog", "pk": 453, "fields": {"biker": 173, "change_time": "2019-06-16T15:20:30.488Z", "start_time": "2019-06-16T15:20:28.742Z", "end_time": null}}, {"model": "biker.bikerchangelog", "pk": 454, "fields": {"biker": 153, "change_time": "2019-06-16T15:20:32.849Z", "start_time": "2019-06-16T15:11:20.164Z", "end_time": null}}, {"model": "biker.bikerchangelog", "pk": 455, "fields": {"biker": 153, "change_time": "2019-06-16T15:20:32.856Z", "start_time": null, "end_time": "2019-06-16T15:19:56.354Z"}}, {"model": "biker.bikerchangelog", "pk": 456, "fields": {"biker": 152, "change_time": "2019-06-16T15:20:43.090Z", "start_time": "2019-06-16T15:10:51.664Z", "end_time": null}}, {"model": "biker.bikerchangelog", "pk": 457, "fields": {"biker": 152, "change_time": "2019-06-16T15:20:43.097Z", "start_time": null, "end_time": "2019-06-16T15:20:38.969Z"}}, {"model": "biker.bikerchangelog", "pk": 458, "fields": {"biker": 174, "change_time": "2019-06-16T15:21:02.417Z", "start_time": "2019-06-16T15:21:00.469Z", "end_time": null}}, {"model": "biker.bikerchangelog", "pk": 459, "fields": {"biker": 146, "change_time": "2019-06-16T15:21:21.084Z", "start_time": "2019-06-16T15:08:34.429Z", "end_time": null}}, {"model": "biker.bikerchangelog", "pk": 460, "fields": {"biker": 146, "change_time": "2019-06-16T15:21:21.091Z", "start_time": null, "end_time": "2019-06-16T15:21:00.395Z"}}, {"model": "biker.bikerchangelog", "pk": 461, "fields": {"biker": 145, "change_time": "2019-06-16T15:21:23.044Z", "start_time": "2019-06-16T15:08:05.039Z", "end_time": null}}, {"model": "biker.bikerchangelog", "pk": 462, "fields": {"biker": 145, "change_time": "2019-06-16T15:21:23.052Z", "start_time": null, "end_time": "2019-06-16T15:21:08.102Z"}}, {"model": "biker.bikerchangelog", "pk": 463, "fields": {"biker": 156, "change_time": "2019-06-16T15:21:23.612Z", "start_time": "2019-06-16T15:12:45.428Z", "end_time": null}}, {"model": "biker.bikerchangelog", "pk": 464, "fields": {"biker": 156, "change_time": "2019-06-16T15:21:23.619Z", "start_time": null, "end_time": "2019-06-16T15:21:05.262Z"}}, {"model": "biker.bikerchangelog", "pk": 465, "fields": {"biker": 175, "change_time": "2019-06-16T15:21:29.952Z", "start_time": "2019-06-16T15:21:28.159Z", "end_time": null}}, {"model": "biker.bikerchangelog", "pk": 466, "fields": {"biker": 176, "change_time": "2019-06-16T15:21:59.727Z", "start_time": "2019-06-16T15:21:57.794Z", "end_time": null}}, {"model": "biker.bikerchangelog", "pk": 467, "fields": {"biker": 177, "change_time": "2019-06-16T15:22:29.449Z", "start_time": "2019-06-16T15:22:27.424Z", "end_time": null}}, {"model": "biker.bikerchangelog", "pk": 468, "fields": {"biker": 178, "change_time": "2019-06-16T15:22:57.886Z", "start_time": "2019-06-16T15:22:55.926Z", "end_time": null}}, {"model": "biker.bikerchangelog", "pk": 469, "fields": {"biker": 179, "change_time": "2019-06-16T15:23:26.097Z", "start_time": "2019-06-16T15:23:24.167Z", "end_time": null}}, {"model": "biker.bikerchangelog", "pk": 470, "fields": {"biker": 150, "change_time": "2019-06-16T15:23:32.927Z", "start_time": "2019-06-16T15:09:55.040Z", "end_time": null}}, {"model": "biker.bikerchangelog", "pk": 471, "fields": {"biker": 150, "change_time": "2019-06-16T15:23:32.934Z", "start_time": null, "end_time": "2019-06-16T15:22:21.267Z"}}, {"model": "biker.bikerchangelog", "pk": 472, "fields": {"biker": 154, "change_time": "2019-06-16T15:23:34.910Z", "start_time": "2019-06-16T15:11:48.178Z", "end_time": null}}, {"model": "biker.bikerchangelog", "pk": 473, "fields": {"biker": 154, "change_time": "2019-06-16T15:23:34.925Z", "start_time": null, "end_time": "2019-06-16T15:22:37.620Z"}}, {"model": "biker.bikerchangelog", "pk": 474, "fields": {"biker": 155, "change_time": "2019-06-16T15:23:38.054Z", "start_time": "2019-06-16T15:12:15.677Z", "end_time": null}}, {"model": "biker.bikerchangelog", "pk": 475, "fields": {"biker": 155, "change_time": "2019-06-16T15:23:38.061Z", "start_time": null, "end_time": "2019-06-16T15:22:41.031Z"}}, {"model": "biker.bikerchangelog", "pk": 476, "fields": {"biker": 161, "change_time": "2019-06-16T15:23:39.471Z", "start_time": "2019-06-16T15:14:36.569Z", "end_time": null}}, {"model": "biker.bikerchangelog", "pk": 477, "fields": {"biker": 161, "change_time": "2019-06-16T15:23:39.476Z", "start_time": null, "end_time": "2019-06-16T15:22:01.780Z"}}, {"model": "biker.bikerchangelog", "pk": 478, "fields": {"biker": 180, "change_time": "2019-06-16T15:23:53.777Z", "start_time": "2019-06-16T15:23:51.798Z", "end_time": null}}, {"model": "biker.bikerchangelog", "pk": 479, "fields": {"biker": 182, "change_time": "2019-06-16T15:24:21.964Z", "start_time": "2019-06-16T15:24:20.038Z", "end_time": null}}, {"model": "biker.bikerchangelog", "pk": 480, "fields": {"biker": 183, "change_time": "2019-06-16T15:24:26.750Z", "start_time": "2019-06-16T15:24:25.030Z", "end_time": null}}, {"model": "biker.bikerchangelog", "pk": 481, "fields": {"biker": 184, "change_time": "2019-06-16T15:24:56.675Z", "start_time": "2019-06-16T15:24:54.672Z", "end_time": null}}, {"model": "biker.bikerchangelog", "pk": 482, "fields": {"biker": 185, "change_time": "2019-06-16T15:25:24.456Z", "start_time": "2019-06-16T15:25:22.537Z", "end_time": null}}, {"model": "biker.bikerchangelog", "pk": 483, "fields": {"biker": 186, "change_time": "2019-06-16T15:25:53.988Z", "start_time": "2019-06-16T15:25:52.048Z", "end_time": null}}, {"model": "biker.bikerchangelog", "pk": 484, "fields": {"biker": 187, "change_time": "2019-06-16T15:26:22.260Z", "start_time": "2019-06-16T15:26:20.286Z", "end_time": null}}, {"model": "biker.bikerchangelog", "pk": 485, "fields": {"biker": 188, "change_time": "2019-06-16T15:26:51.432Z", "start_time": "2019-06-16T15:26:49.665Z", "end_time": null}}, {"model": "biker.bikerchangelog", "pk": 486, "fields": {"biker": 189, "change_time": "2019-06-16T15:27:19.828Z", "start_time": "2019-06-16T15:27:18.035Z", "end_time": null}}, {"model": "biker.bikerchangelog", "pk": 487, "fields": {"biker": 190, "change_time": "2019-06-16T15:27:48.923Z", "start_time": "2019-06-16T15:27:46.920Z", "end_time": null}}, {"model": "biker.bikerchangelog", "pk": 488, "fields": {"biker": 181, "change_time": "2019-06-16T15:28:18.481Z", "start_time": "2019-06-16T15:28:16.547Z", "end_time": null}}, {"model": "biker.bikerchangelog", "pk": 489, "fields": {"biker": 151, "change_time": "2019-06-16T15:37:22.698Z", "start_time": "2019-06-16T15:10:22.927Z", "end_time": null}}, {"model": "biker.bikerchangelog", "pk": 490, "fields": {"biker": 151, "change_time": "2019-06-16T15:37:22.705Z", "start_time": null, "end_time": "2019-06-16T15:30:14.725Z"}}, {"model": "biker.bikerchangelog", "pk": 491, "fields": {"biker": 157, "change_time": "2019-06-16T15:37:23.856Z", "start_time": "2019-06-16T15:13:18.045Z", "end_time": null}}, {"model": "biker.bikerchangelog", "pk": 492, "fields": {"biker": 157, "change_time": "2019-06-16T15:37:23.862Z", "start_time": null, "end_time": "2019-06-16T15:35:14.898Z"}}, {"model": "biker.bikerchangelog", "pk": 493, "fields": {"biker": 158, "change_time": "2019-06-16T15:37:24.408Z", "start_time": "2019-06-16T15:13:18.491Z", "end_time": null}}, {"model": "biker.bikerchangelog", "pk": 494, "fields": {"biker": 158, "change_time": "2019-06-16T15:37:24.414Z", "start_time": null, "end_time": "2019-06-16T15:35:04.486Z"}}, {"model": "biker.bikerchangelog", "pk": 495, "fields": {"biker": 159, "change_time": "2019-06-16T15:37:24.996Z", "start_time": "2019-06-16T15:13:47.176Z", "end_time": null}}, {"model": "biker.bikerchangelog", "pk": 496, "fields": {"biker": 159, "change_time": "2019-06-16T15:37:25.003Z", "start_time": null, "end_time": "2019-06-16T15:25:20.926Z"}}, {"model": "biker.bikerchangelog", "pk": 497, "fields": {"biker": 160, "change_time": "2019-06-16T15:37:25.563Z", "start_time": "2019-06-16T15:14:16.168Z", "end_time": null}}, {"model": "biker.bikerchangelog", "pk": 498, "fields": {"biker": 160, "change_time": "2019-06-16T15:37:25.570Z", "start_time": null, "end_time": "2019-06-16T15:23:23.692Z"}}, {"model": "biker.bikerchangelog", "pk": 499, "fields": {"biker": 162, "change_time": "2019-06-16T15:37:26.149Z", "start_time": "2019-06-16T15:15:07.109Z", "end_time": null}}, {"model": "biker.bikerchangelog", "pk": 500, "fields": {"biker": 162, "change_time": "2019-06-16T15:37:26.156Z", "start_time": null, "end_time": "2019-06-16T15:27:36.824Z"}}, {"model": "biker.bikerchangelog", "pk": 501, "fields": {"biker": 163, "change_time": "2019-06-16T15:37:27.055Z", "start_time": "2019-06-16T15:15:36.928Z", "end_time": null}}, {"model": "biker.bikerchangelog", "pk": 502, "fields": {"biker": 163, "change_time": "2019-06-16T15:37:27.063Z", "start_time": null, "end_time": "2019-06-16T15:27:37.435Z"}}, {"model": "biker.bikerchangelog", "pk": 503, "fields": {"biker": 164, "change_time": "2019-06-16T15:37:27.594Z", "start_time": "2019-06-16T15:16:06.668Z", "end_time": null}}, {"model": "biker.bikerchangelog", "pk": 504, "fields": {"biker": 164, "change_time": "2019-06-16T15:37:27.599Z", "start_time": null, "end_time": "2019-06-16T15:26:10.530Z"}}, {"model": "biker.bikerchangelog", "pk": 505, "fields": {"biker": 165, "change_time": "2019-06-16T15:37:28.196Z", "start_time": "2019-06-16T15:16:36.916Z", "end_time": null}}, {"model": "biker.bikerchangelog", "pk": 506, "fields": {"biker": 165, "change_time": "2019-06-16T15:37:28.202Z", "start_time": null, "end_time": "2019-06-16T15:30:40.012Z"}}, {"model": "biker.bikerchangelog", "pk": 507, "fields": {"biker": 166, "change_time": "2019-06-16T15:37:28.792Z", "start_time": "2019-06-16T15:17:07.049Z", "end_time": null}}, {"model": "biker.bikerchangelog", "pk": 508, "fields": {"biker": 166, "change_time": "2019-06-16T15:37:28.797Z", "start_time": null, "end_time": "2019-06-16T15:26:40.901Z"}}, {"model": "biker.bikerchangelog", "pk": 509, "fields": {"biker": 167, "change_time": "2019-06-16T15:37:29.389Z", "start_time": "2019-06-16T15:17:38.789Z", "end_time": null}}, {"model": "biker.bikerchangelog", "pk": 510, "fields": {"biker": 167, "change_time": "2019-06-16T15:37:29.394Z", "start_time": null, "end_time": "2019-06-16T15:27:45.224Z"}}, {"model": "biker.bikerchangelog", "pk": 511, "fields": {"biker": 168, "change_time": "2019-06-16T15:37:29.992Z", "start_time": "2019-06-16T15:18:08.428Z", "end_time": null}}, {"model": "biker.bikerchangelog", "pk": 512, "fields": {"biker": 168, "change_time": "2019-06-16T15:37:29.997Z", "start_time": null, "end_time": "2019-06-16T15:31:14.036Z"}}, {"model": "biker.bikerchangelog", "pk": 513, "fields": {"biker": 169, "change_time": "2019-06-16T15:37:30.610Z", "start_time": "2019-06-16T15:18:37.928Z", "end_time": null}}, {"model": "biker.bikerchangelog", "pk": 514, "fields": {"biker": 169, "change_time": "2019-06-16T15:37:30.616Z", "start_time": null, "end_time": "2019-06-16T15:31:03.561Z"}}, {"model": "biker.bikerchangelog", "pk": 515, "fields": {"biker": 170, "change_time": "2019-06-16T15:37:31.362Z", "start_time": "2019-06-16T15:19:08.415Z", "end_time": null}}, {"model": "biker.bikerchangelog", "pk": 516, "fields": {"biker": 170, "change_time": "2019-06-16T15:37:31.368Z", "start_time": null, "end_time": "2019-06-16T15:32:06.378Z"}}, {"model": "biker.bikerchangelog", "pk": 517, "fields": {"biker": 171, "change_time": "2019-06-16T15:37:31.955Z", "start_time": "2019-06-16T15:19:37.412Z", "end_time": null}}, {"model": "biker.bikerchangelog", "pk": 518, "fields": {"biker": 171, "change_time": "2019-06-16T15:37:31.961Z", "start_time": null, "end_time": "2019-06-16T15:30:04.960Z"}}, {"model": "biker.bikerchangelog", "pk": 519, "fields": {"biker": 176, "change_time": "2019-06-16T15:37:32.486Z", "start_time": "2019-06-16T15:21:57.794Z", "end_time": null}}, {"model": "biker.bikerchangelog", "pk": 520, "fields": {"biker": 176, "change_time": "2019-06-16T15:37:32.492Z", "start_time": null, "end_time": "2019-06-16T15:29:49.927Z"}}, {"model": "biker.bikerchangelog", "pk": 521, "fields": {"biker": 177, "change_time": "2019-06-16T15:37:33.868Z", "start_time": "2019-06-16T15:22:27.424Z", "end_time": null}}, {"model": "biker.bikerchangelog", "pk": 522, "fields": {"biker": 177, "change_time": "2019-06-16T15:37:33.875Z", "start_time": null, "end_time": "2019-06-16T15:30:49.567Z"}}, {"model": "biker.bikerchangelog", "pk": 523, "fields": {"biker": 178, "change_time": "2019-06-16T15:37:34.755Z", "start_time": null, "end_time": "2019-06-16T15:35:31.598Z"}}, {"model": "biker.bikerchangelog", "pk": 524, "fields": {"biker": 179, "change_time": "2019-06-16T15:37:35.327Z", "start_time": null, "end_time": "2019-06-16T15:36:35.548Z"}}, {"model": "biker.bikerchangelog", "pk": 525, "fields": {"biker": 180, "change_time": "2019-06-16T15:37:36.071Z", "start_time": null, "end_time": "2019-06-16T15:36:36.265Z"}}, {"model": "biker.bikerchangelog", "pk": 526, "fields": {"biker": 187, "change_time": "2019-06-16T15:37:36.688Z", "start_time": null, "end_time": "2019-06-16T15:36:22.767Z"}}, {"model": "biker.bikerchangelog", "pk": 527, "fields": {"biker": 181, "change_time": "2019-06-16T15:37:46.706Z", "start_time": "2019-06-16T15:28:16.547Z", "end_time": null}}, {"model": "biker.bikerchangelog", "pk": 528, "fields": {"biker": 181, "change_time": "2019-06-16T15:37:46.712Z", "start_time": null, "end_time": "2019-06-16T15:37:41.873Z"}}, {"model": "biker.bikerchangelog", "pk": 529, "fields": {"biker": 186, "change_time": "2019-06-16T15:39:14.517Z", "start_time": "2019-06-16T15:25:52.048Z", "end_time": null}}, {"model": "biker.bikerchangelog", "pk": 530, "fields": {"biker": 186, "change_time": "2019-06-16T15:39:14.524Z", "start_time": null, "end_time": "2019-06-16T15:38:56.536Z"}}, {"model": "biker.bikerchangelog", "pk": 531, "fields": {"biker": 148, "change_time": "2019-06-16T15:39:16.256Z", "start_time": "2019-06-16T15:09:26.046Z", "end_time": null}}, {"model": "biker.bikerchangelog", "pk": 532, "fields": {"biker": 148, "change_time": "2019-06-16T15:39:16.275Z", "start_time": null, "end_time": "2019-06-16T15:39:05.651Z"}}, {"model": "biker.bikerchangelog", "pk": 533, "fields": {"biker": 174, "change_time": "2019-06-16T15:39:29.350Z", "start_time": "2019-06-16T15:21:00.469Z", "end_time": null}}, {"model": "biker.bikerchangelog", "pk": 534, "fields": {"biker": 174, "change_time": "2019-06-16T15:39:29.357Z", "start_time": null, "end_time": "2019-06-16T15:39:09.828Z"}}, {"model": "biker.bikerchangelog", "pk": 535, "fields": {"biker": 175, "change_time": "2019-06-16T15:39:29.985Z", "start_time": "2019-06-16T15:21:28.159Z", "end_time": null}}, {"model": "biker.bikerchangelog", "pk": 536, "fields": {"biker": 175, "change_time": "2019-06-16T15:39:29.991Z", "start_time": null, "end_time": "2019-06-16T15:39:10.451Z"}}, {"model": "biker.bikerchangelog", "pk": 537, "fields": {"biker": 188, "change_time": "2019-06-16T15:39:58.816Z", "start_time": "2019-06-16T15:26:49.665Z", "end_time": null}}, {"model": "biker.bikerchangelog", "pk": 538, "fields": {"biker": 188, "change_time": "2019-06-16T15:39:58.822Z", "start_time": null, "end_time": "2019-06-16T15:39:30.125Z"}}, {"model": "biker.bikerchangelog", "pk": 539, "fields": {"biker": 147, "change_time": "2019-06-16T15:40:00.913Z", "start_time": "2019-06-16T15:09:24.426Z", "end_time": null}}, {"model": "biker.bikerchangelog", "pk": 540, "fields": {"biker": 147, "change_time": "2019-06-16T15:40:00.919Z", "start_time": null, "end_time": "2019-06-16T15:39:34.914Z"}}, {"model": "biker.bikerchangelog", "pk": 541, "fields": {"biker": 149, "change_time": "2019-06-16T15:40:02.953Z", "start_time": "2019-06-16T15:09:26.844Z", "end_time": null}}, {"model": "biker.bikerchangelog", "pk": 542, "fields": {"biker": 149, "change_time": "2019-06-16T15:40:02.962Z", "start_time": null, "end_time": "2019-06-16T15:39:38.216Z"}}, {"model": "biker.bikerchangelog", "pk": 543, "fields": {"biker": 184, "change_time": "2019-06-16T15:40:03.596Z", "start_time": "2019-06-16T15:24:54.672Z", "end_time": null}}, {"model": "biker.bikerchangelog", "pk": 544, "fields": {"biker": 184, "change_time": "2019-06-16T15:40:03.604Z", "start_time": null, "end_time": "2019-06-16T15:39:46.609Z"}}, {"model": "biker.bikerchangelog", "pk": 545, "fields": {"biker": 185, "change_time": "2019-06-16T15:40:05.636Z", "start_time": "2019-06-16T15:25:22.537Z", "end_time": null}}, {"model": "biker.bikerchangelog", "pk": 546, "fields": {"biker": 185, "change_time": "2019-06-16T15:40:05.642Z", "start_time": null, "end_time": "2019-06-16T15:39:47.718Z"}}, {"model": "biker.bikerchangelog", "pk": 547, "fields": {"biker": 190, "change_time": "2019-06-16T15:40:56.822Z", "start_time": "2019-06-16T15:27:46.920Z", "end_time": null}}, {"model": "biker.bikerchangelog", "pk": 548, "fields": {"biker": 190, "change_time": "2019-06-16T15:40:56.828Z", "start_time": null, "end_time": "2019-06-16T15:40:44.554Z"}}, {"model": "biker.bikerchangelog", "pk": 549, "fields": {"biker": 189, "change_time": "2019-06-16T15:40:58.829Z", "start_time": "2019-06-16T15:27:18.035Z", "end_time": null}}, {"model": "biker.bikerchangelog", "pk": 550, "fields": {"biker": 189, "change_time": "2019-06-16T15:40:58.835Z", "start_time": null, "end_time": "2019-06-16T15:40:50.747Z"}}, {"model": "biker.bikerchangelog", "pk": 551, "fields": {"biker": 182, "change_time": "2019-06-16T15:49:37.926Z", "start_time": "2019-06-16T15:24:20.038Z", "end_time": null}}, {"model": "biker.bikerchangelog", "pk": 552, "fields": {"biker": 182, "change_time": "2019-06-16T15:49:37.933Z", "start_time": null, "end_time": "2019-06-16T15:49:28.521Z"}}, {"model": "biker.bikerchangelog", "pk": 553, "fields": {"biker": 183, "change_time": "2019-06-16T15:49:39.506Z", "start_time": "2019-06-16T15:24:25.030Z", "end_time": null}}, {"model": "biker.bikerchangelog", "pk": 554, "fields": {"biker": 183, "change_time": "2019-06-16T15:49:39.512Z", "start_time": null, "end_time": "2019-06-16T15:49:29.718Z"}}, {"model": "biker.bikerchangelog", "pk": 555, "fields": {"biker": 172, "change_time": "2019-06-16T15:54:47.681Z", "start_time": "2019-06-16T15:20:18.287Z", "end_time": null}}, {"model": "biker.bikerchangelog", "pk": 556, "fields": {"biker": 172, "change_time": "2019-06-16T15:54:47.688Z", "start_time": null, "end_time": "2019-06-16T15:54:33.726Z"}}, {"model": "biker.bikerchangelog", "pk": 557, "fields": {"biker": 173, "change_time": "2019-06-16T15:54:50.234Z", "start_time": "2019-06-16T15:20:28.742Z", "end_time": null}}, {"model": "biker.bikerchangelog", "pk": 558, "fields": {"biker": 173, "change_time": "2019-06-16T15:54:50.241Z", "start_time": null, "end_time": "2019-06-16T15:54:34.557Z"}}, {"model": "biker.competition", "pk": 1, "fields": {"title": "Kronometer Knej - Karlovica 2019", "description": "", "result_section_1": "Skupno", "result_section_2": "Ob\u010dinsko", "section_2_domestic_only": true}}]