[
  {
    "fields": {"name": "U\u010denci O\u0160"},
    "pk": 1,
    "model": "biker.category"
  },
  {
    "fields": {"name": "Mo\u0161ki do 40 let"},
    "pk": 2,
    "model": "biker.category"
  },
  {
    "fields": {"name": "Mo\u0161ki od 40 do 60 let"},
    "pk": 3,
    "model": "biker.category"
  },
  {
    "fields": {"name": "Mo\u0161ki 60 in ve\u010d"},
    "pk": 4,
    "model": "biker.category"
  },
  {
    "fields": {"name": "U\u010denke O\u0160"},
    "pk": 5,
    "model": "biker.category"
  },
  {
    "fields": {"name": "\u017denske do 35"},
    "pk": 6,
    "model": "biker.category"
  },
  {
    "fields": {"name": "\u017denske nad 35"},
    "pk": 7,
    "model": "biker.category"
  },
  {
    "fields": {"name": "Dvojice"},
    "pk": 10,
    "model": "biker.category"
  },
  {
    "fields": {
      "surname": "\u0160kulj",
      "end_time": "2015-06-14T15:21:42.698Z",
      "name": "Zala",
      "start_time": "2015-06-14T15:08:27.226Z",
      "category": 5,
      "number": 2,
      "domestic": true
    },
    "pk": 199,
    "model": "biker.biker"
  },
  {
    "fields": {
      "surname": "\u0160kulj",
      "end_time": "2015-06-14T15:19:25.068Z",
      "name": "Monika",
      "start_time": "2015-06-14T15:08:57.792Z",
      "category": 6,
      "number": 3,
      "domestic": true
    },
    "pk": 200,
    "model": "biker.biker"
  },
  {
    "fields": {
      "surname": "\u0160kulj",
      "end_time": "2015-06-14T15:17:53.957Z",
      "name": "Jo\u017ee",
      "start_time": "2015-06-14T15:09:27.786Z",
      "category": 3,
      "number": 4,
      "domestic": true
    },
    "pk": 201,
    "model": "biker.biker"
  },
  {
    "fields": {
      "surname": "Adami\u010d",
      "end_time": "2015-06-14T15:21:31.331Z",
      "name": "Lenart",
      "start_time": "2015-06-14T15:09:56.720Z",
      "category": 1,
      "number": 5,
      "domestic": true
    },
    "pk": 202,
    "model": "biker.biker"
  },
  {
    "fields": {
      "surname": "Adami\u010d",
      "end_time": "2015-06-14T15:24:14.578Z",
      "name": "Erazem",
      "start_time": "2015-06-14T15:10:24.821Z",
      "category": 1,
      "number": 6,
      "domestic": true
    },
    "pk": 203,
    "model": "biker.biker"
  },
  {
    "fields": {
      "surname": "Adami\u010d",
      "end_time": "2015-06-14T15:19:16.959Z",
      "name": "Jure",
      "start_time": "2015-06-14T15:10:54.910Z",
      "category": 2,
      "number": 7,
      "domestic": true
    },
    "pk": 204,
    "model": "biker.biker"
  },
  {
    "fields": {
      "surname": "Samsa",
      "end_time": "2015-06-14T15:27:14.927Z",
      "name": "Janja",
      "start_time": "2015-06-14T15:11:25.038Z",
      "category": 7,
      "number": 8,
      "domestic": true
    },
    "pk": 205,
    "model": "biker.biker"
  },
  {
    "fields": {
      "surname": "Peterlin",
      "end_time": "2015-06-14T15:21:44.089Z",
      "name": "Klemen",
      "start_time": "2015-06-14T15:11:53.963Z",
      "category": 2,
      "number": 9,
      "domestic": true
    },
    "pk": 206,
    "model": "biker.biker"
  },
  {
    "fields": {
      "surname": "Virant",
      "end_time": "2015-06-14T15:22:22.164Z",
      "name": "Jernej",
      "start_time": "2015-06-14T15:12:21.868Z",
      "category": 2,
      "number": 10,
      "domestic": true
    },
    "pk": 207,
    "model": "biker.biker"
  },
  {
    "fields": {
      "surname": "Tanko",
      "end_time": "2015-06-14T15:22:31.559Z",
      "name": "Andrej",
      "start_time": "2015-06-14T15:12:51.927Z",
      "category": 2,
      "number": 11,
      "domestic": true
    },
    "pk": 208,
    "model": "biker.biker"
  },
  {
    "fields": {
      "surname": "Zidar",
      "end_time": "2015-06-14T15:25:57.947Z",
      "name": "Alenka",
      "start_time": "2015-06-14T15:13:21.653Z",
      "category": 7,
      "number": 12,
      "domestic": true
    },
    "pk": 209,
    "model": "biker.biker"
  },
  {
    "fields": {
      "surname": "Zidar",
      "end_time": "2015-06-14T15:25:55.615Z",
      "name": "Sebastjan",
      "start_time": "2015-06-14T15:13:52.782Z",
      "category": 1,
      "number": 13,
      "domestic": true
    },
    "pk": 210,
    "model": "biker.biker"
  },
  {
    "fields": {
      "surname": "\u0160kulj",
      "end_time": "2015-06-14T15:23:40.424Z",
      "name": "Janez",
      "start_time": "2015-06-14T15:14:21.117Z",
      "category": 3,
      "number": 14,
      "domestic": true
    },
    "pk": 211,
    "model": "biker.biker"
  },
  {
    "fields": {
      "surname": "\u0160kulj",
      "end_time": "2015-06-14T15:23:54.858Z",
      "name": "Jure",
      "start_time": "2015-06-14T15:14:48.789Z",
      "category": 2,
      "number": 15,
      "domestic": true
    },
    "pk": 212,
    "model": "biker.biker"
  },
  {
    "fields": {
      "surname": "\u0160kulj",
      "end_time": "2015-06-14T15:30:45.811Z",
      "name": "Borut Jani",
      "start_time": "2015-06-14T15:15:17.910Z",
      "category": 1,
      "number": 16,
      "domestic": true
    },
    "pk": 213,
    "model": "biker.biker"
  },
  {
    "fields": {
      "surname": "Kri\u010dka",
      "end_time": "2015-06-14T15:23:37.447Z",
      "name": "Andrej",
      "start_time": "2015-06-14T15:15:46.562Z",
      "category": 2,
      "number": 17,
      "domestic": true
    },
    "pk": 214,
    "model": "biker.biker"
  },
  {
    "fields": {
      "surname": "Pape\u017e",
      "end_time": "2015-06-14T15:24:36.040Z",
      "name": "Rok",
      "start_time": "2015-06-14T15:16:15.131Z",
      "category": 2,
      "number": 18,
      "domestic": true
    },
    "pk": 215,
    "model": "biker.biker"
  },
  {
    "fields": {
      "surname": "Kotnik",
      "end_time": "2015-06-14T15:24:32.404Z",
      "name": "Herbert",
      "start_time": "2015-06-14T15:16:44.805Z",
      "category": 4,
      "number": 19,
      "domestic": false
    },
    "pk": 216,
    "model": "biker.biker"
  },
  {
    "fields": {
      "surname": "Peterlin",
      "end_time": "2015-06-14T15:25:40.859Z",
      "name": "Ludvik",
      "start_time": "2015-06-14T15:17:23.401Z",
      "category": 3,
      "number": 20,
      "domestic": false
    },
    "pk": 217,
    "model": "biker.biker"
  },
  {
    "fields": {
      "surname": "Vir\u0161ek",
      "end_time": "2015-06-14T15:26:01.592Z",
      "name": "Roman",
      "start_time": "2015-06-14T15:17:59.423Z",
      "category": 2,
      "number": 21,
      "domestic": false
    },
    "pk": 218,
    "model": "biker.biker"
  },
  {
    "fields": {
      "surname": "\u0160trukelj",
      "end_time": "2015-06-14T15:35:47.144Z",
      "name": "Miha",
      "start_time": "2015-06-14T15:18:28.407Z",
      "category": 3,
      "number": 22,
      "domestic": true
    },
    "pk": 219,
    "model": "biker.biker"
  },
  {
    "fields": {
      "surname": "\u0160trukelj",
      "end_time": "2015-06-14T15:42:00.930Z",
      "name": "Maja",
      "start_time": "2015-06-14T15:19:03.483Z",
      "category": 5,
      "number": 23,
      "domestic": true
    },
    "pk": 220,
    "model": "biker.biker"
  },
  {
    "fields": {
      "surname": "Jug",
      "end_time": "2015-06-14T15:42:01.759Z",
      "name": "Martina",
      "start_time": "2015-06-14T15:19:38.019Z",
      "category": 7,
      "number": 24,
      "domestic": true
    },
    "pk": 221,
    "model": "biker.biker"
  },
  {
    "fields": {
      "surname": "Stari\u010d",
      "end_time": "2015-06-14T15:31:02.869Z",
      "name": "Jo\u017ee",
      "start_time": "2015-06-14T15:20:36.561Z",
      "category": 3,
      "number": 30,
      "domestic": true
    },
    "pk": 222,
    "model": "biker.biker"
  },
  {
    "fields": {
      "surname": "Centa",
      "end_time": "2015-06-14T15:30:47.315Z",
      "name": "Uro\u0161",
      "start_time": "2015-06-14T15:20:07.078Z",
      "category": 2,
      "number": 25,
      "domestic": true
    },
    "pk": 223,
    "model": "biker.biker"
  },
  {
    "fields": {
      "surname": "Zupani\u010d",
      "end_time": "2015-06-14T15:35:24.492Z",
      "name": "Miha",
      "start_time": "2015-06-14T15:21:05.394Z",
      "category": 1,
      "number": 75,
      "domestic": true
    },
    "pk": 224,
    "model": "biker.biker"
  },
  {
    "fields": {
      "surname": "Zupani\u010d",
      "end_time": "2015-06-14T15:35:25.588Z",
      "name": "Igor",
      "start_time": "2015-06-14T15:21:33.782Z",
      "category": 2,
      "number": 76,
      "domestic": true
    },
    "pk": 225,
    "model": "biker.biker"
  },
  {
    "fields": {
      "surname": "Ho\u010devar",
      "end_time": "2015-06-14T15:20:28.701Z",
      "name": "Petra",
      "start_time": "2015-06-14T15:07:52.380Z",
      "category": 7,
      "number": 1,
      "domestic": true
    },
    "pk": 226,
    "model": "biker.biker"
  },
  {
    "fields": {
      "change_time": "2015-06-14T15:07:53.420Z",
      "end_time": null,
      "start_time": "2015-06-14T15:07:52.380Z",
      "biker": 226
    },
    "pk": 168,
    "model": "biker.bikerchangelog"
  },
  {
    "fields": {
      "change_time": "2015-06-14T15:08:28.176Z",
      "end_time": null,
      "start_time": "2015-06-14T15:08:27.227Z",
      "biker": 199
    },
    "pk": 169,
    "model": "biker.bikerchangelog"
  },
  {
    "fields": {
      "change_time": "2015-06-14T15:08:58.621Z",
      "end_time": null,
      "start_time": "2015-06-14T15:08:57.792Z",
      "biker": 200
    },
    "pk": 170,
    "model": "biker.bikerchangelog"
  },
  {
    "fields": {
      "change_time": "2015-06-14T15:09:28.776Z",
      "end_time": null,
      "start_time": "2015-06-14T15:09:27.786Z",
      "biker": 201
    },
    "pk": 171,
    "model": "biker.bikerchangelog"
  },
  {
    "fields": {
      "change_time": "2015-06-14T15:09:57.640Z",
      "end_time": null,
      "start_time": "2015-06-14T15:09:56.721Z",
      "biker": 202
    },
    "pk": 172,
    "model": "biker.bikerchangelog"
  },
  {
    "fields": {
      "change_time": "2015-06-14T15:10:25.606Z",
      "end_time": null,
      "start_time": "2015-06-14T15:10:24.821Z",
      "biker": 203
    },
    "pk": 173,
    "model": "biker.bikerchangelog"
  },
  {
    "fields": {
      "change_time": "2015-06-14T15:10:56.065Z",
      "end_time": null,
      "start_time": "2015-06-14T15:10:54.910Z",
      "biker": 204
    },
    "pk": 174,
    "model": "biker.bikerchangelog"
  },
  {
    "fields": {
      "change_time": "2015-06-14T15:11:26.011Z",
      "end_time": null,
      "start_time": "2015-06-14T15:11:25.038Z",
      "biker": 205
    },
    "pk": 175,
    "model": "biker.bikerchangelog"
  },
  {
    "fields": {
      "change_time": "2015-06-14T15:11:54.985Z",
      "end_time": null,
      "start_time": "2015-06-14T15:11:53.963Z",
      "biker": 206
    },
    "pk": 176,
    "model": "biker.bikerchangelog"
  },
  {
    "fields": {
      "change_time": "2015-06-14T15:12:22.707Z",
      "end_time": null,
      "start_time": "2015-06-14T15:12:21.868Z",
      "biker": 207
    },
    "pk": 177,
    "model": "biker.bikerchangelog"
  },
  {
    "fields": {
      "change_time": "2015-06-14T15:12:52.979Z",
      "end_time": null,
      "start_time": "2015-06-14T15:12:51.928Z",
      "biker": 208
    },
    "pk": 178,
    "model": "biker.bikerchangelog"
  },
  {
    "fields": {
      "change_time": "2015-06-14T15:13:22.510Z",
      "end_time": null,
      "start_time": "2015-06-14T15:13:21.653Z",
      "biker": 209
    },
    "pk": 179,
    "model": "biker.bikerchangelog"
  },
  {
    "fields": {
      "change_time": "2015-06-14T15:13:53.809Z",
      "end_time": null,
      "start_time": "2015-06-14T15:13:52.783Z",
      "biker": 210
    },
    "pk": 180,
    "model": "biker.bikerchangelog"
  },
  {
    "fields": {
      "change_time": "2015-06-14T15:14:21.881Z",
      "end_time": null,
      "start_time": "2015-06-14T15:14:21.117Z",
      "biker": 211
    },
    "pk": 181,
    "model": "biker.bikerchangelog"
  },
  {
    "fields": {
      "change_time": "2015-06-14T15:14:49.552Z",
      "end_time": null,
      "start_time": "2015-06-14T15:14:48.789Z",
      "biker": 212
    },
    "pk": 182,
    "model": "biker.bikerchangelog"
  },
  {
    "fields": {
      "change_time": "2015-06-14T15:15:18.869Z",
      "end_time": null,
      "start_time": "2015-06-14T15:15:17.910Z",
      "biker": 213
    },
    "pk": 183,
    "model": "biker.bikerchangelog"
  },
  {
    "fields": {
      "change_time": "2015-06-14T15:15:47.550Z",
      "end_time": null,
      "start_time": "2015-06-14T15:15:46.562Z",
      "biker": 214
    },
    "pk": 184,
    "model": "biker.bikerchangelog"
  },
  {
    "fields": {
      "change_time": "2015-06-14T15:16:15.992Z",
      "end_time": null,
      "start_time": "2015-06-14T15:16:15.132Z",
      "biker": 215
    },
    "pk": 185,
    "model": "biker.bikerchangelog"
  },
  {
    "fields": {
      "change_time": "2015-06-14T15:16:45.828Z",
      "end_time": null,
      "start_time": "2015-06-14T15:16:44.806Z",
      "biker": 216
    },
    "pk": 186,
    "model": "biker.bikerchangelog"
  },
  {
    "fields": {
      "change_time": "2015-06-14T15:17:24.176Z",
      "end_time": null,
      "start_time": "2015-06-14T15:17:23.401Z",
      "biker": 217
    },
    "pk": 187,
    "model": "biker.bikerchangelog"
  },
  {
    "fields": {
      "change_time": "2015-06-14T15:18:00.050Z",
      "end_time": null,
      "start_time": "2015-06-14T15:09:27.786Z",
      "biker": 201
    },
    "pk": 188,
    "model": "biker.bikerchangelog"
  },
  {
    "fields": {
      "change_time": "2015-06-14T15:18:00.074Z",
      "end_time": "2015-06-14T15:17:53.957Z",
      "start_time": null,
      "biker": 201
    },
    "pk": 189,
    "model": "biker.bikerchangelog"
  },
  {
    "fields": {
      "change_time": "2015-06-14T15:18:00.317Z",
      "end_time": null,
      "start_time": "2015-06-14T15:17:59.423Z",
      "biker": 218
    },
    "pk": 190,
    "model": "biker.bikerchangelog"
  },
  {
    "fields": {
      "change_time": "2015-06-14T15:18:29.269Z",
      "end_time": null,
      "start_time": "2015-06-14T15:18:28.408Z",
      "biker": 219
    },
    "pk": 191,
    "model": "biker.bikerchangelog"
  },
  {
    "fields": {
      "change_time": "2015-06-14T15:19:04.419Z",
      "end_time": null,
      "start_time": "2015-06-14T15:19:03.483Z",
      "biker": 220
    },
    "pk": 192,
    "model": "biker.bikerchangelog"
  },
  {
    "fields": {
      "change_time": "2015-06-14T15:19:21.993Z",
      "end_time": null,
      "start_time": "2015-06-14T15:10:54.910Z",
      "biker": 204
    },
    "pk": 193,
    "model": "biker.bikerchangelog"
  },
  {
    "fields": {
      "change_time": "2015-06-14T15:19:22.011Z",
      "end_time": "2015-06-14T15:19:16.959Z",
      "start_time": null,
      "biker": 204
    },
    "pk": 194,
    "model": "biker.bikerchangelog"
  },
  {
    "fields": {
      "change_time": "2015-06-14T15:19:31.722Z",
      "end_time": null,
      "start_time": "2015-06-14T15:08:57.792Z",
      "biker": 200
    },
    "pk": 195,
    "model": "biker.bikerchangelog"
  },
  {
    "fields": {
      "change_time": "2015-06-14T15:19:31.735Z",
      "end_time": "2015-06-14T15:19:25.068Z",
      "start_time": null,
      "biker": 200
    },
    "pk": 196,
    "model": "biker.bikerchangelog"
  },
  {
    "fields": {
      "change_time": "2015-06-14T15:19:39.105Z",
      "end_time": null,
      "start_time": "2015-06-14T15:19:38.019Z",
      "biker": 221
    },
    "pk": 197,
    "model": "biker.bikerchangelog"
  },
  {
    "fields": {
      "change_time": "2015-06-14T15:20:08.068Z",
      "end_time": null,
      "start_time": "2015-06-14T15:20:07.078Z",
      "biker": 223
    },
    "pk": 198,
    "model": "biker.bikerchangelog"
  },
  {
    "fields": {
      "change_time": "2015-06-14T15:20:34.113Z",
      "end_time": null,
      "start_time": "2015-06-14T15:07:52.380Z",
      "biker": 226
    },
    "pk": 199,
    "model": "biker.bikerchangelog"
  },
  {
    "fields": {
      "change_time": "2015-06-14T15:20:34.129Z",
      "end_time": "2015-06-14T15:20:28.701Z",
      "start_time": null,
      "biker": 226
    },
    "pk": 200,
    "model": "biker.bikerchangelog"
  },
  {
    "fields": {
      "change_time": "2015-06-14T15:20:37.645Z",
      "end_time": null,
      "start_time": "2015-06-14T15:20:36.561Z",
      "biker": 222
    },
    "pk": 201,
    "model": "biker.bikerchangelog"
  },
  {
    "fields": {
      "change_time": "2015-06-14T15:21:06.145Z",
      "end_time": null,
      "start_time": "2015-06-14T15:21:05.394Z",
      "biker": 224
    },
    "pk": 202,
    "model": "biker.bikerchangelog"
  },
  {
    "fields": {
      "change_time": "2015-06-14T15:21:34.777Z",
      "end_time": null,
      "start_time": "2015-06-14T15:21:33.783Z",
      "biker": 225
    },
    "pk": 203,
    "model": "biker.bikerchangelog"
  },
  {
    "fields": {
      "change_time": "2015-06-14T15:21:35.248Z",
      "end_time": null,
      "start_time": "2015-06-14T15:09:56.720Z",
      "biker": 202
    },
    "pk": 204,
    "model": "biker.bikerchangelog"
  },
  {
    "fields": {
      "change_time": "2015-06-14T15:21:35.268Z",
      "end_time": "2015-06-14T15:21:31.331Z",
      "start_time": null,
      "biker": 202
    },
    "pk": 205,
    "model": "biker.bikerchangelog"
  },
  {
    "fields": {
      "change_time": "2015-06-14T15:21:51.400Z",
      "end_time": null,
      "start_time": "2015-06-14T15:08:27.226Z",
      "biker": 199
    },
    "pk": 206,
    "model": "biker.bikerchangelog"
  },
  {
    "fields": {
      "change_time": "2015-06-14T15:21:51.416Z",
      "end_time": "2015-06-14T15:21:42.698Z",
      "start_time": null,
      "biker": 199
    },
    "pk": 207,
    "model": "biker.bikerchangelog"
  },
  {
    "fields": {
      "change_time": "2015-06-14T15:21:52.896Z",
      "end_time": null,
      "start_time": "2015-06-14T15:11:53.963Z",
      "biker": 206
    },
    "pk": 208,
    "model": "biker.bikerchangelog"
  },
  {
    "fields": {
      "change_time": "2015-06-14T15:21:52.961Z",
      "end_time": "2015-06-14T15:21:44.089Z",
      "start_time": null,
      "biker": 206
    },
    "pk": 209,
    "model": "biker.bikerchangelog"
  },
  {
    "fields": {
      "change_time": "2015-06-14T15:22:26.131Z",
      "end_time": null,
      "start_time": "2015-06-14T15:12:21.868Z",
      "biker": 207
    },
    "pk": 210,
    "model": "biker.bikerchangelog"
  },
  {
    "fields": {
      "change_time": "2015-06-14T15:22:26.142Z",
      "end_time": "2015-06-14T15:22:22.164Z",
      "start_time": null,
      "biker": 207
    },
    "pk": 211,
    "model": "biker.bikerchangelog"
  },
  {
    "fields": {
      "change_time": "2015-06-14T15:22:35.760Z",
      "end_time": null,
      "start_time": "2015-06-14T15:12:51.927Z",
      "biker": 208
    },
    "pk": 212,
    "model": "biker.bikerchangelog"
  },
  {
    "fields": {
      "change_time": "2015-06-14T15:22:35.817Z",
      "end_time": "2015-06-14T15:22:31.559Z",
      "start_time": null,
      "biker": 208
    },
    "pk": 213,
    "model": "biker.bikerchangelog"
  },
  {
    "fields": {
      "change_time": "2015-06-14T15:23:46.023Z",
      "end_time": null,
      "start_time": "2015-06-14T15:15:46.562Z",
      "biker": 214
    },
    "pk": 214,
    "model": "biker.bikerchangelog"
  },
  {
    "fields": {
      "change_time": "2015-06-14T15:23:46.050Z",
      "end_time": "2015-06-14T15:23:37.447Z",
      "start_time": null,
      "biker": 214
    },
    "pk": 215,
    "model": "biker.bikerchangelog"
  },
  {
    "fields": {
      "change_time": "2015-06-14T15:23:49.232Z",
      "end_time": null,
      "start_time": "2015-06-14T15:14:21.117Z",
      "biker": 211
    },
    "pk": 216,
    "model": "biker.bikerchangelog"
  },
  {
    "fields": {
      "change_time": "2015-06-14T15:23:49.245Z",
      "end_time": "2015-06-14T15:23:40.424Z",
      "start_time": null,
      "biker": 211
    },
    "pk": 217,
    "model": "biker.bikerchangelog"
  },
  {
    "fields": {
      "change_time": "2015-06-14T15:24:01.366Z",
      "end_time": null,
      "start_time": "2015-06-14T15:14:48.789Z",
      "biker": 212
    },
    "pk": 218,
    "model": "biker.bikerchangelog"
  },
  {
    "fields": {
      "change_time": "2015-06-14T15:24:01.382Z",
      "end_time": "2015-06-14T15:23:54.858Z",
      "start_time": null,
      "biker": 212
    },
    "pk": 219,
    "model": "biker.bikerchangelog"
  },
  {
    "fields": {
      "change_time": "2015-06-14T15:24:18.854Z",
      "end_time": null,
      "start_time": "2015-06-14T15:10:24.821Z",
      "biker": 203
    },
    "pk": 220,
    "model": "biker.bikerchangelog"
  },
  {
    "fields": {
      "change_time": "2015-06-14T15:24:18.870Z",
      "end_time": "2015-06-14T15:24:14.578Z",
      "start_time": null,
      "biker": 203
    },
    "pk": 221,
    "model": "biker.bikerchangelog"
  },
  {
    "fields": {
      "change_time": "2015-06-14T15:24:45.837Z",
      "end_time": null,
      "start_time": "2015-06-14T15:16:44.805Z",
      "biker": 216
    },
    "pk": 222,
    "model": "biker.bikerchangelog"
  },
  {
    "fields": {
      "change_time": "2015-06-14T15:24:45.849Z",
      "end_time": "2015-06-14T15:24:32.404Z",
      "start_time": null,
      "biker": 216
    },
    "pk": 223,
    "model": "biker.bikerchangelog"
  },
  {
    "fields": {
      "change_time": "2015-06-14T15:24:49.202Z",
      "end_time": null,
      "start_time": "2015-06-14T15:16:15.131Z",
      "biker": 215
    },
    "pk": 224,
    "model": "biker.bikerchangelog"
  },
  {
    "fields": {
      "change_time": "2015-06-14T15:24:49.227Z",
      "end_time": "2015-06-14T15:24:36.040Z",
      "start_time": null,
      "biker": 215
    },
    "pk": 225,
    "model": "biker.bikerchangelog"
  },
  {
    "fields": {
      "change_time": "2015-06-14T15:25:45.857Z",
      "end_time": null,
      "start_time": "2015-06-14T15:17:23.401Z",
      "biker": 217
    },
    "pk": 226,
    "model": "biker.bikerchangelog"
  },
  {
    "fields": {
      "change_time": "2015-06-14T15:25:45.883Z",
      "end_time": "2015-06-14T15:25:40.859Z",
      "start_time": null,
      "biker": 217
    },
    "pk": 227,
    "model": "biker.bikerchangelog"
  },
  {
    "fields": {
      "change_time": "2015-06-14T15:25:58.932Z",
      "end_time": null,
      "start_time": "2015-06-14T15:13:52.782Z",
      "biker": 210
    },
    "pk": 228,
    "model": "biker.bikerchangelog"
  },
  {
    "fields": {
      "change_time": "2015-06-14T15:25:58.955Z",
      "end_time": "2015-06-14T15:25:55.615Z",
      "start_time": null,
      "biker": 210
    },
    "pk": 229,
    "model": "biker.bikerchangelog"
  },
  {
    "fields": {
      "change_time": "2015-06-14T15:26:02.081Z",
      "end_time": null,
      "start_time": "2015-06-14T15:13:21.653Z",
      "biker": 209
    },
    "pk": 230,
    "model": "biker.bikerchangelog"
  },
  {
    "fields": {
      "change_time": "2015-06-14T15:26:02.092Z",
      "end_time": "2015-06-14T15:25:57.947Z",
      "start_time": null,
      "biker": 209
    },
    "pk": 231,
    "model": "biker.bikerchangelog"
  },
  {
    "fields": {
      "change_time": "2015-06-14T15:26:23.161Z",
      "end_time": null,
      "start_time": "2015-06-14T15:17:59.423Z",
      "biker": 218
    },
    "pk": 232,
    "model": "biker.bikerchangelog"
  },
  {
    "fields": {
      "change_time": "2015-06-14T15:26:23.175Z",
      "end_time": "2015-06-14T15:26:01.592Z",
      "start_time": null,
      "biker": 218
    },
    "pk": 233,
    "model": "biker.bikerchangelog"
  },
  {
    "fields": {
      "change_time": "2015-06-14T15:27:19.536Z",
      "end_time": null,
      "start_time": "2015-06-14T15:11:25.038Z",
      "biker": 205
    },
    "pk": 234,
    "model": "biker.bikerchangelog"
  },
  {
    "fields": {
      "change_time": "2015-06-14T15:27:19.548Z",
      "end_time": "2015-06-14T15:27:14.927Z",
      "start_time": null,
      "biker": 205
    },
    "pk": 235,
    "model": "biker.bikerchangelog"
  },
  {
    "fields": {
      "change_time": "2015-06-14T15:30:48.719Z",
      "end_time": null,
      "start_time": "2015-06-14T15:15:17.910Z",
      "biker": 213
    },
    "pk": 236,
    "model": "biker.bikerchangelog"
  },
  {
    "fields": {
      "change_time": "2015-06-14T15:30:48.784Z",
      "end_time": "2015-06-14T15:30:45.811Z",
      "start_time": null,
      "biker": 213
    },
    "pk": 237,
    "model": "biker.bikerchangelog"
  },
  {
    "fields": {
      "change_time": "2015-06-14T15:30:51.967Z",
      "end_time": null,
      "start_time": "2015-06-14T15:20:07.078Z",
      "biker": 223
    },
    "pk": 238,
    "model": "biker.bikerchangelog"
  },
  {
    "fields": {
      "change_time": "2015-06-14T15:30:51.992Z",
      "end_time": "2015-06-14T15:30:47.315Z",
      "start_time": null,
      "biker": 223
    },
    "pk": 239,
    "model": "biker.bikerchangelog"
  },
  {
    "fields": {
      "change_time": "2015-06-14T15:31:07.214Z",
      "end_time": null,
      "start_time": "2015-06-14T15:20:36.561Z",
      "biker": 222
    },
    "pk": 240,
    "model": "biker.bikerchangelog"
  },
  {
    "fields": {
      "change_time": "2015-06-14T15:31:07.236Z",
      "end_time": "2015-06-14T15:31:02.869Z",
      "start_time": null,
      "biker": 222
    },
    "pk": 241,
    "model": "biker.bikerchangelog"
  },
  {
    "fields": {
      "change_time": "2015-06-14T15:35:28.546Z",
      "end_time": null,
      "start_time": "2015-06-14T15:21:05.394Z",
      "biker": 224
    },
    "pk": 242,
    "model": "biker.bikerchangelog"
  },
  {
    "fields": {
      "change_time": "2015-06-14T15:35:28.560Z",
      "end_time": "2015-06-14T15:35:24.492Z",
      "start_time": null,
      "biker": 224
    },
    "pk": 243,
    "model": "biker.bikerchangelog"
  },
  {
    "fields": {
      "change_time": "2015-06-14T15:35:33.549Z",
      "end_time": null,
      "start_time": "2015-06-14T15:21:33.782Z",
      "biker": 225
    },
    "pk": 244,
    "model": "biker.bikerchangelog"
  },
  {
    "fields": {
      "change_time": "2015-06-14T15:35:33.582Z",
      "end_time": "2015-06-14T15:35:25.588Z",
      "start_time": null,
      "biker": 225
    },
    "pk": 245,
    "model": "biker.bikerchangelog"
  },
  {
    "fields": {
      "change_time": "2015-06-14T15:35:50.624Z",
      "end_time": null,
      "start_time": "2015-06-14T15:18:28.407Z",
      "biker": 219
    },
    "pk": 246,
    "model": "biker.bikerchangelog"
  },
  {
    "fields": {
      "change_time": "2015-06-14T15:35:50.641Z",
      "end_time": "2015-06-14T15:35:47.144Z",
      "start_time": null,
      "biker": 219
    },
    "pk": 247,
    "model": "biker.bikerchangelog"
  },
  {
    "fields": {
      "change_time": "2015-06-14T15:42:09.313Z",
      "end_time": null,
      "start_time": "2015-06-14T15:19:03.483Z",
      "biker": 220
    },
    "pk": 248,
    "model": "biker.bikerchangelog"
  },
  {
    "fields": {
      "change_time": "2015-06-14T15:42:09.325Z",
      "end_time": "2015-06-14T15:42:00.930Z",
      "start_time": null,
      "biker": 220
    },
    "pk": 249,
    "model": "biker.bikerchangelog"
  },
  {
    "fields": {
      "change_time": "2015-06-14T15:42:12.469Z",
      "end_time": null,
      "start_time": "2015-06-14T15:19:38.019Z",
      "biker": 221
    },
    "pk": 250,
    "model": "biker.bikerchangelog"
  },
  {
    "fields": {
      "change_time": "2015-06-14T15:42:12.484Z",
      "end_time": "2015-06-14T15:42:01.759Z",
      "start_time": null,
      "biker": 221
    },
    "pk": 251,
    "model": "biker.bikerchangelog"
  }
]