[
  {
    "model": "biker.category",
    "pk": 38,
    "fields": {
      "name": "predšolski otroci",
      "gender": "predšolski"
    }
  },
  {
    "model": "biker.category",
    "pk": 39,
    "fields": {
      "name": "učenke OŠ  (1. triada)",
      "gender": "učenke OŠ"
    }
  },
  {
    "model": "biker.category",
    "pk": 40,
    "fields": {
      "name": "učenke OŠ (2. triada)",
      "gender": "učenke OŠ"
    }
  },
  {
    "model": "biker.category",
    "pk": 41,
    "fields": {
      "name": "učenke OŠ (3. triada)",
      "gender": "učenke OŠ"
    }
  },
  {
    "model": "biker.category",
    "pk": 42,
    "fields": {
      "name": "učenci OŠ (1. triada)",
      "gender": "učenci OŠ"
    }
  },
  {
    "model": "biker.category",
    "pk": 43,
    "fields": {
      "name": "učenci OŠ (2. triada)",
      "gender": "učenci OŠ"
    }
  },
  {
    "model": "biker.category",
    "pk": 44,
    "fields": {
      "name": "učenci OŠ (3. triada)",
      "gender": "učenci OŠ"
    }
  },
  {
    "model": "biker.category",
    "pk": 45,
    "fields": {
      "name": "dekleta do 35",
      "gender": "dekleta do 35"
    }
  },
  {
    "model": "biker.category",
    "pk": 46,
    "fields": {
      "name": "dekleta nad 36",
      "gender": "dekleta nad 36"
    }
  },
  {
    "model": "biker.category",
    "pk": 47,
    "fields": {
      "name": "fantje do 40",
      "gender": "fantje do 40"
    }
  },
  {
    "model": "biker.category",
    "pk": 48,
    "fields": {
      "name": "fantje med 41 in 60",
      "gender": "fantje med 41 in 60"
    }
  },
  {
    "model": "biker.category",
    "pk": 49,
    "fields": {
      "name": "fantje nad 61",
      "gender": "fantje nad 61"
    }
  },
  {
    "model": "biker.biker",
    "pk": 378,
    "fields": {
      "number": 1,
      "name": "Neža",
      "surname": "Centa",
      "category": 38,
      "birth_year": null,
      "domestic": true,
      "start_time": "2023-06-18T14:59:07.210Z",
      "end_time": "2023-06-18T15:27:46.300Z"
    }
  },
  {
    "model": "biker.biker",
    "pk": 379,
    "fields": {
      "number": 2,
      "name": "Ivana",
      "surname": "Centa",
      "category": 39,
      "birth_year": null,
      "domestic": true,
      "start_time": "2023-06-18T14:59:37.327Z",
      "end_time": "2023-06-18T15:14:47.886Z"
    }
  },
  {
    "model": "biker.biker",
    "pk": 380,
    "fields": {
      "number": 3,
      "name": "Izak",
      "surname": "Centa",
      "category": 43,
      "birth_year": null,
      "domestic": true,
      "start_time": "2023-06-18T15:00:08.385Z",
      "end_time": "2023-06-18T15:13:12.416Z"
    }
  },
  {
    "model": "biker.biker",
    "pk": 381,
    "fields": {
      "number": 4,
      "name": "Peter",
      "surname": "Starič",
      "category": 42,
      "birth_year": null,
      "domestic": true,
      "start_time": "2023-06-18T15:00:39.455Z",
      "end_time": "2023-06-18T15:13:35.254Z"
    }
  },
  {
    "model": "biker.biker",
    "pk": 382,
    "fields": {
      "number": 5,
      "name": "Vid",
      "surname": "Starič",
      "category": 43,
      "birth_year": null,
      "domestic": true,
      "start_time": "2023-06-18T15:01:09.046Z",
      "end_time": "2023-06-18T15:14:25.441Z"
    }
  },
  {
    "model": "biker.biker",
    "pk": 383,
    "fields": {
      "number": 6,
      "name": "Filip",
      "surname": "Starič",
      "category": 43,
      "birth_year": null,
      "domestic": true,
      "start_time": "2023-06-18T15:01:44.441Z",
      "end_time": "2023-06-18T15:13:11.857Z"
    }
  },
  {
    "model": "biker.biker",
    "pk": 384,
    "fields": {
      "number": 7,
      "name": "Gaja",
      "surname": "Božnar",
      "category": 39,
      "birth_year": null,
      "domestic": true,
      "start_time": "2023-06-18T15:02:13.730Z",
      "end_time": "2023-06-18T15:16:13.934Z"
    }
  },
  {
    "model": "biker.biker",
    "pk": 385,
    "fields": {
      "number": 8,
      "name": "Ažbe",
      "surname": "Božnar",
      "category": 38,
      "birth_year": null,
      "domestic": true,
      "start_time": "2023-06-18T15:02:41.251Z",
      "end_time": "2023-06-18T15:15:55.791Z"
    }
  },
  {
    "model": "biker.biker",
    "pk": 386,
    "fields": {
      "number": 9,
      "name": "Matej",
      "surname": "Kromar",
      "category": 47,
      "birth_year": null,
      "domestic": false,
      "start_time": "2023-06-18T15:03:35.542Z",
      "end_time": "2023-06-18T15:10:18.219Z"
    }
  },
  {
    "model": "biker.biker",
    "pk": 387,
    "fields": {
      "number": 10,
      "name": "Patrik",
      "surname": "Zabukovec",
      "category": 43,
      "birth_year": null,
      "domestic": true,
      "start_time": "2023-06-18T15:04:12.002Z",
      "end_time": "2023-06-18T15:17:51.248Z"
    }
  },
  {
    "model": "biker.biker",
    "pk": 388,
    "fields": {
      "number": 11,
      "name": "Tjaš",
      "surname": "Meglen",
      "category": 42,
      "birth_year": null,
      "domestic": true,
      "start_time": "2023-06-18T15:04:48.393Z",
      "end_time": "2023-06-18T15:19:35.147Z"
    }
  },
  {
    "model": "biker.biker",
    "pk": 389,
    "fields": {
      "number": 12,
      "name": "Maks",
      "surname": "Meglen",
      "category": 43,
      "birth_year": null,
      "domestic": true,
      "start_time": "2023-06-18T15:05:24.506Z",
      "end_time": "2023-06-18T15:16:08.231Z"
    }
  },
  {
    "model": "biker.biker",
    "pk": 390,
    "fields": {
      "number": 13,
      "name": "Aiša",
      "surname": "Meglen",
      "category": 41,
      "birth_year": null,
      "domestic": true,
      "start_time": "2023-06-18T15:06:00.132Z",
      "end_time": "2023-06-18T15:19:52.532Z"
    }
  },
  {
    "model": "biker.biker",
    "pk": 391,
    "fields": {
      "number": 14,
      "name": "Žiga",
      "surname": "Širaj",
      "category": 44,
      "birth_year": null,
      "domestic": true,
      "start_time": "2023-06-18T15:06:34.258Z",
      "end_time": "2023-06-18T15:17:42.884Z"
    }
  },
  {
    "model": "biker.biker",
    "pk": 392,
    "fields": {
      "number": 15,
      "name": "Ela",
      "surname": "Feguš",
      "category": 39,
      "birth_year": null,
      "domestic": true,
      "start_time": "2023-06-18T15:07:05.267Z",
      "end_time": "2023-06-18T15:25:05.091Z"
    }
  },
  {
    "model": "biker.biker",
    "pk": 393,
    "fields": {
      "number": 16,
      "name": "Jaka",
      "surname": "Feguš",
      "category": 38,
      "birth_year": null,
      "domestic": true,
      "start_time": "2023-06-18T15:07:09.453Z",
      "end_time": "2023-06-18T15:34:15.021Z"
    }
  },
  {
    "model": "biker.biker",
    "pk": 394,
    "fields": {
      "number": 17,
      "name": "Silvester",
      "surname": "Jakša",
      "category": 47,
      "birth_year": null,
      "domestic": true,
      "start_time": "2023-06-18T15:07:51.265Z",
      "end_time": "2023-06-18T15:15:51.055Z"
    }
  },
  {
    "model": "biker.biker",
    "pk": 395,
    "fields": {
      "number": 18,
      "name": "Tomi",
      "surname": "Jakša",
      "category": 47,
      "birth_year": null,
      "domestic": true,
      "start_time": "2023-06-18T15:08:29.341Z",
      "end_time": "2023-06-18T15:18:48.254Z"
    }
  },
  {
    "model": "biker.biker",
    "pk": 396,
    "fields": {
      "number": 19,
      "name": "Janez",
      "surname": "Jakša",
      "category": 42,
      "birth_year": null,
      "domestic": true,
      "start_time": "2023-06-18T15:09:02.334Z",
      "end_time": "2023-06-18T15:23:34.065Z"
    }
  },
  {
    "model": "biker.biker",
    "pk": 397,
    "fields": {
      "number": 20,
      "name": "Aleks",
      "surname": "Jakša",
      "category": 47,
      "birth_year": null,
      "domestic": true,
      "start_time": "2023-06-18T15:09:38.978Z",
      "end_time": "2023-06-18T15:20:54.767Z"
    }
  },
  {
    "model": "biker.biker",
    "pk": 398,
    "fields": {
      "number": 21,
      "name": "Tine",
      "surname": "Jakša",
      "category": 38,
      "birth_year": null,
      "domestic": true,
      "start_time": "2023-06-18T15:10:08.848Z",
      "end_time": "2023-06-18T15:28:46.060Z"
    }
  },
  {
    "model": "biker.biker",
    "pk": 399,
    "fields": {
      "number": 22,
      "name": "Borut",
      "surname": "Hafner",
      "category": 48,
      "birth_year": null,
      "domestic": false,
      "start_time": "2023-06-18T15:10:52.115Z",
      "end_time": "2023-06-18T15:18:43.544Z"
    }
  },
  {
    "model": "biker.biker",
    "pk": 400,
    "fields": {
      "number": 23,
      "name": "Jure",
      "surname": "Jaklič",
      "category": 47,
      "birth_year": null,
      "domestic": true,
      "start_time": "2023-06-18T15:11:29.940Z",
      "end_time": "2023-06-18T15:19:41.860Z"
    }
  },
  {
    "model": "biker.biker",
    "pk": 401,
    "fields": {
      "number": 24,
      "name": "Luka",
      "surname": "Cukrov",
      "category": 43,
      "birth_year": null,
      "domestic": true,
      "start_time": "2023-06-18T15:12:08.638Z",
      "end_time": "2023-06-18T15:21:32.805Z"
    }
  },
  {
    "model": "biker.biker",
    "pk": 402,
    "fields": {
      "number": 25,
      "name": "Tinkara",
      "surname": "Adamič",
      "category": 40,
      "birth_year": null,
      "domestic": true,
      "start_time": "2023-06-18T15:12:37.960Z",
      "end_time": "2023-06-18T15:25:18.382Z"
    }
  },
  {
    "model": "biker.biker",
    "pk": 403,
    "fields": {
      "number": 26,
      "name": "Jure",
      "surname": "Adamič",
      "category": 48,
      "birth_year": null,
      "domestic": true,
      "start_time": "2023-06-18T15:13:17.107Z",
      "end_time": "2023-06-18T15:22:04.782Z"
    }
  },
  {
    "model": "biker.biker",
    "pk": 404,
    "fields": {
      "number": 27,
      "name": "Janez",
      "surname": "Lovšin",
      "category": 49,
      "birth_year": null,
      "domestic": true,
      "start_time": "2023-06-18T15:13:51.234Z",
      "end_time": "2023-06-18T15:23:35.158Z"
    }
  },
  {
    "model": "biker.biker",
    "pk": 405,
    "fields": {
      "number": 28,
      "name": "Marija",
      "surname": "Kutnar",
      "category": 46,
      "birth_year": null,
      "domestic": true,
      "start_time": "2023-06-18T15:14:29.677Z",
      "end_time": "2023-06-18T15:24:11.353Z"
    }
  },
  {
    "model": "biker.biker",
    "pk": 406,
    "fields": {
      "number": 29,
      "name": "Trina",
      "surname": "Papež",
      "category": 40,
      "birth_year": null,
      "domestic": true,
      "start_time": "2023-06-18T15:15:01.934Z",
      "end_time": "2023-06-18T15:27:57.465Z"
    }
  },
  {
    "model": "biker.biker",
    "pk": 407,
    "fields": {
      "number": 30,
      "name": "Lovro",
      "surname": "Papež",
      "category": 42,
      "birth_year": null,
      "domestic": true,
      "start_time": "2023-06-18T15:15:37.448Z",
      "end_time": "2023-06-18T15:27:46.300Z"
    }
  },
  {
    "model": "biker.biker",
    "pk": 408,
    "fields": {
      "number": 31,
      "name": "Igor",
      "surname": "Adamič",
      "category": 48,
      "birth_year": null,
      "domestic": false,
      "start_time": "2023-06-18T15:16:17.144Z",
      "end_time": "2023-06-18T15:23:38.943Z"
    }
  },
  {
    "model": "biker.biker",
    "pk": 409,
    "fields": {
      "number": 32,
      "name": "Tilen",
      "surname": "Cimperman",
      "category": 44,
      "birth_year": null,
      "domestic": true,
      "start_time": "2023-06-18T15:16:53.907Z",
      "end_time": "2023-06-18T15:27:29.015Z"
    }
  },
  {
    "model": "biker.biker",
    "pk": 410,
    "fields": {
      "number": 33,
      "name": "Val",
      "surname": "Dolšina",
      "category": 38,
      "birth_year": null,
      "domestic": true,
      "start_time": "2023-06-18T15:17:28.300Z",
      "end_time": "2023-06-18T15:36:54.995Z"
    }
  },
  {
    "model": "biker.biker",
    "pk": 411,
    "fields": {
      "number": 34,
      "name": "Svit",
      "surname": "Dolšina",
      "category": 42,
      "birth_year": null,
      "domestic": true,
      "start_time": "2023-06-18T15:18:01.159Z",
      "end_time": "2023-06-18T15:35:35.867Z"
    }
  },
  {
    "model": "biker.biker",
    "pk": 412,
    "fields": {
      "number": 35,
      "name": "Tadeja",
      "surname": "Šterk",
      "category": 46,
      "birth_year": null,
      "domestic": true,
      "start_time": "2023-06-18T15:18:15.318Z",
      "end_time": "2023-06-18T15:35:34.658Z"
    }
  },
  {
    "model": "biker.biker",
    "pk": 413,
    "fields": {
      "number": 36,
      "name": "Jaka",
      "surname": "Pečnik",
      "category": 47,
      "birth_year": null,
      "domestic": true,
      "start_time": "2023-06-18T15:18:55.684Z",
      "end_time": "2023-06-18T15:28:40.640Z"
    }
  },
  {
    "model": "biker.biker",
    "pk": 414,
    "fields": {
      "number": 37,
      "name": "Tomaž",
      "surname": "Pečnik",
      "category": 48,
      "birth_year": null,
      "domestic": true,
      "start_time": "2023-06-18T15:19:27.344Z",
      "end_time": "2023-06-18T15:29:25.840Z"
    }
  },
  {
    "model": "biker.biker",
    "pk": 415,
    "fields": {
      "number": 38,
      "name": "Miha",
      "surname": "Sivec",
      "category": 47,
      "birth_year": null,
      "domestic": true,
      "start_time": "2023-06-18T15:20:05.157Z",
      "end_time": "2023-06-18T15:27:37.662Z"
    }
  },
  {
    "model": "biker.biker",
    "pk": 416,
    "fields": {
      "number": 39,
      "name": "Maja",
      "surname": "Žužek",
      "category": 46,
      "birth_year": null,
      "domestic": true,
      "start_time": "2023-06-18T15:20:45.070Z",
      "end_time": "2023-06-18T15:31:42.718Z"
    }
  },
  {
    "model": "biker.biker",
    "pk": 417,
    "fields": {
      "number": 40,
      "name": "Jože",
      "surname": "Škulj",
      "category": 48,
      "birth_year": null,
      "domestic": true,
      "start_time": "2023-06-18T15:21:30.615Z",
      "end_time": "2023-06-18T15:29:48.728Z"
    }
  },
  {
    "model": "biker.biker",
    "pk": 418,
    "fields": {
      "number": 41,
      "name": "Jaka",
      "surname": "Krička",
      "category": 42,
      "birth_year": null,
      "domestic": true,
      "start_time": "2023-06-18T15:22:00.841Z",
      "end_time": "2023-06-18T15:37:53.420Z"
    }
  },
  {
    "model": "biker.biker",
    "pk": 419,
    "fields": {
      "number": 42,
      "name": "Andrej",
      "surname": "Krička",
      "category": 48,
      "birth_year": null,
      "domestic": true,
      "start_time": "2023-06-18T15:22:30.131Z",
      "end_time": "2023-06-18T15:30:22.973Z"
    }
  },
  {
    "model": "biker.biker",
    "pk": 420,
    "fields": {
      "number": 43,
      "name": "Kristjan",
      "surname": "Mehlin",
      "category": 44,
      "birth_year": null,
      "domestic": true,
      "start_time": "2023-06-18T15:23:02.073Z",
      "end_time": "2023-06-18T15:34:31.013Z"
    }
  },
  {
    "model": "biker.biker",
    "pk": 421,
    "fields": {
      "number": 44,
      "name": "Boštjan",
      "surname": "Mehlin",
      "category": 48,
      "birth_year": null,
      "domestic": true,
      "start_time": "2023-06-18T15:23:32.013Z",
      "end_time": "2023-06-18T15:34:24.176Z"
    }
  },
  {
    "model": "biker.biker",
    "pk": 422,
    "fields": {
      "number": 45,
      "name": "Teja",
      "surname": "Jakob",
      "category": 40,
      "birth_year": null,
      "domestic": true,
      "start_time": "2023-06-18T15:23:58.466Z",
      "end_time": "2023-06-18T15:39:13.248Z"
    }
  },
  {
    "model": "biker.biker",
    "pk": 423,
    "fields": {
      "number": 46,
      "name": "Aljaž",
      "surname": "Jaklič",
      "category": 43,
      "birth_year": null,
      "domestic": true,
      "start_time": "2023-06-18T15:24:26Z",
      "end_time": "2023-06-18T15:34:47Z"
    }
  },
  {
    "model": "biker.biker",
    "pk": 424,
    "fields": {
      "number": 47,
      "name": "Aleš",
      "surname": "Jakše",
      "category": 47,
      "birth_year": null,
      "domestic": true,
      "start_time": "2023-06-18T15:25:02.768Z",
      "end_time": "2023-06-18T15:32:50.356Z"
    }
  },
  {
    "model": "biker.biker",
    "pk": 425,
    "fields": {
      "number": 48,
      "name": "Erazem",
      "surname": "Stare",
      "category": 44,
      "birth_year": null,
      "domestic": false,
      "start_time": "2023-06-18T15:25:30.622Z",
      "end_time": "2023-06-18T15:36:37.710Z"
    }
  },
  {
    "model": "biker.biker",
    "pk": 426,
    "fields": {
      "number": 49,
      "name": "Mohor",
      "surname": "Stare",
      "category": 43,
      "birth_year": null,
      "domestic": false,
      "start_time": "2023-06-18T15:26:01.214Z",
      "end_time": "2023-06-18T15:37:57.914Z"
    }
  },
  {
    "model": "biker.biker",
    "pk": 427,
    "fields": {
      "number": 50,
      "name": "Miha",
      "surname": "Žgajnar",
      "category": 47,
      "birth_year": null,
      "domestic": true,
      "start_time": "2023-06-18T15:26:39.826Z",
      "end_time": "2023-06-18T15:34:21.566Z"
    }
  },
  {
    "model": "biker.biker",
    "pk": 428,
    "fields": {
      "number": 51,
      "name": "Matej",
      "surname": "Svetec",
      "category": 48,
      "birth_year": null,
      "domestic": false,
      "start_time": "2023-06-18T15:27:16.418Z",
      "end_time": "2023-06-18T15:35:28.321Z"
    }
  },
  {
    "model": "biker.biker",
    "pk": 429,
    "fields": {
      "number": 60,
      "name": "Jože",
      "surname": "Starič",
      "category": 48,
      "birth_year": null,
      "domestic": false,
      "start_time": "2023-06-18T15:29:37.123Z",
      "end_time": "2023-06-18T15:40:15.809Z"
    }
  },
  {
    "model": "biker.biker",
    "pk": 430,
    "fields": {
      "number": 52,
      "name": "Renato",
      "surname": "Kastigar",
      "category": 43,
      "birth_year": null,
      "domestic": true,
      "start_time": "2023-06-18T15:27:46.541Z",
      "end_time": "2023-06-18T15:45:04.588Z"
    }
  },
  {
    "model": "biker.bikerchangelog",
    "pk": 1202,
    "fields": {
      "biker": 378,
      "change_time": "2023-06-18T14:59:07.555Z",
      "start_time": "2023-06-18T14:59:07.210Z",
      "end_time": null
    }
  },
  {
    "model": "biker.bikerchangelog",
    "pk": 1203,
    "fields": {
      "biker": 379,
      "change_time": "2023-06-18T14:59:37.554Z",
      "start_time": "2023-06-18T14:59:37.327Z",
      "end_time": null
    }
  },
  {
    "model": "biker.bikerchangelog",
    "pk": 1204,
    "fields": {
      "biker": 380,
      "change_time": "2023-06-18T15:00:08.614Z",
      "start_time": "2023-06-18T15:00:08.385Z",
      "end_time": null
    }
  },
  {
    "model": "biker.bikerchangelog",
    "pk": 1205,
    "fields": {
      "biker": 381,
      "change_time": "2023-06-18T15:00:39.660Z",
      "start_time": "2023-06-18T15:00:39.455Z",
      "end_time": null
    }
  },
  {
    "model": "biker.bikerchangelog",
    "pk": 1206,
    "fields": {
      "biker": 382,
      "change_time": "2023-06-18T15:01:09.281Z",
      "start_time": "2023-06-18T15:01:09.046Z",
      "end_time": null
    }
  },
  {
    "model": "biker.bikerchangelog",
    "pk": 1207,
    "fields": {
      "biker": 383,
      "change_time": "2023-06-18T15:01:44.776Z",
      "start_time": "2023-06-18T15:01:44.441Z",
      "end_time": null
    }
  },
  {
    "model": "biker.bikerchangelog",
    "pk": 1208,
    "fields": {
      "biker": 384,
      "change_time": "2023-06-18T15:02:13.945Z",
      "start_time": "2023-06-18T15:02:13.730Z",
      "end_time": null
    }
  },
  {
    "model": "biker.bikerchangelog",
    "pk": 1209,
    "fields": {
      "biker": 385,
      "change_time": "2023-06-18T15:02:41.470Z",
      "start_time": "2023-06-18T15:02:41.251Z",
      "end_time": null
    }
  },
  {
    "model": "biker.bikerchangelog",
    "pk": 1210,
    "fields": {
      "biker": 386,
      "change_time": "2023-06-18T15:03:35.752Z",
      "start_time": "2023-06-18T15:03:35.542Z",
      "end_time": null
    }
  },
  {
    "model": "biker.bikerchangelog",
    "pk": 1211,
    "fields": {
      "biker": 387,
      "change_time": "2023-06-18T15:04:12.216Z",
      "start_time": "2023-06-18T15:04:12.002Z",
      "end_time": null
    }
  },
  {
    "model": "biker.bikerchangelog",
    "pk": 1212,
    "fields": {
      "biker": 388,
      "change_time": "2023-06-18T15:04:48.636Z",
      "start_time": "2023-06-18T15:04:48.393Z",
      "end_time": null
    }
  },
  {
    "model": "biker.bikerchangelog",
    "pk": 1213,
    "fields": {
      "biker": 389,
      "change_time": "2023-06-18T15:05:24.684Z",
      "start_time": "2023-06-18T15:05:24.506Z",
      "end_time": null
    }
  },
  {
    "model": "biker.bikerchangelog",
    "pk": 1214,
    "fields": {
      "biker": 390,
      "change_time": "2023-06-18T15:06:00.364Z",
      "start_time": "2023-06-18T15:06:00.132Z",
      "end_time": null
    }
  },
  {
    "model": "biker.bikerchangelog",
    "pk": 1215,
    "fields": {
      "biker": 391,
      "change_time": "2023-06-18T15:06:34.599Z",
      "start_time": "2023-06-18T15:06:34.258Z",
      "end_time": null
    }
  },
  {
    "model": "biker.bikerchangelog",
    "pk": 1216,
    "fields": {
      "biker": 392,
      "change_time": "2023-06-18T15:07:05.339Z",
      "start_time": "2023-06-18T15:07:05.267Z",
      "end_time": null
    }
  },
  {
    "model": "biker.bikerchangelog",
    "pk": 1217,
    "fields": {
      "biker": 393,
      "change_time": "2023-06-18T15:07:09.496Z",
      "start_time": "2023-06-18T15:07:09.453Z",
      "end_time": null
    }
  },
  {
    "model": "biker.bikerchangelog",
    "pk": 1218,
    "fields": {
      "biker": 394,
      "change_time": "2023-06-18T15:07:51.477Z",
      "start_time": "2023-06-18T15:07:51.265Z",
      "end_time": null
    }
  },
  {
    "model": "biker.bikerchangelog",
    "pk": 1219,
    "fields": {
      "biker": 395,
      "change_time": "2023-06-18T15:08:29.650Z",
      "start_time": "2023-06-18T15:08:29.341Z",
      "end_time": null
    }
  },
  {
    "model": "biker.bikerchangelog",
    "pk": 1220,
    "fields": {
      "biker": 396,
      "change_time": "2023-06-18T15:09:02.549Z",
      "start_time": "2023-06-18T15:09:02.334Z",
      "end_time": null
    }
  },
  {
    "model": "biker.bikerchangelog",
    "pk": 1221,
    "fields": {
      "biker": 397,
      "change_time": "2023-06-18T15:09:39.202Z",
      "start_time": "2023-06-18T15:09:38.978Z",
      "end_time": null
    }
  },
  {
    "model": "biker.bikerchangelog",
    "pk": 1222,
    "fields": {
      "biker": 398,
      "change_time": "2023-06-18T15:10:09.075Z",
      "start_time": "2023-06-18T15:10:08.848Z",
      "end_time": null
    }
  },
  {
    "model": "biker.bikerchangelog",
    "pk": 1223,
    "fields": {
      "biker": 386,
      "change_time": "2023-06-18T15:10:25.310Z",
      "start_time": null,
      "end_time": "2023-06-18T15:10:18.219Z"
    }
  },
  {
    "model": "biker.bikerchangelog",
    "pk": 1224,
    "fields": {
      "biker": 399,
      "change_time": "2023-06-18T15:10:52.318Z",
      "start_time": "2023-06-18T15:10:52.115Z",
      "end_time": null
    }
  },
  {
    "model": "biker.bikerchangelog",
    "pk": 1225,
    "fields": {
      "biker": 400,
      "change_time": "2023-06-18T15:11:30.160Z",
      "start_time": "2023-06-18T15:11:29.940Z",
      "end_time": null
    }
  },
  {
    "model": "biker.bikerchangelog",
    "pk": 1226,
    "fields": {
      "biker": 401,
      "change_time": "2023-06-18T15:12:08.861Z",
      "start_time": "2023-06-18T15:12:08.638Z",
      "end_time": null
    }
  },
  {
    "model": "biker.bikerchangelog",
    "pk": 1227,
    "fields": {
      "biker": 402,
      "change_time": "2023-06-18T15:12:38.293Z",
      "start_time": "2023-06-18T15:12:37.960Z",
      "end_time": null
    }
  },
  {
    "model": "biker.bikerchangelog",
    "pk": 1228,
    "fields": {
      "biker": 403,
      "change_time": "2023-06-18T15:13:17.355Z",
      "start_time": "2023-06-18T15:13:17.107Z",
      "end_time": null
    }
  },
  {
    "model": "biker.bikerchangelog",
    "pk": 1229,
    "fields": {
      "biker": 383,
      "change_time": "2023-06-18T15:13:19.948Z",
      "start_time": null,
      "end_time": "2023-06-18T15:13:11.857Z"
    }
  },
  {
    "model": "biker.bikerchangelog",
    "pk": 1230,
    "fields": {
      "biker": 380,
      "change_time": "2023-06-18T15:13:21.313Z",
      "start_time": null,
      "end_time": "2023-06-18T15:13:12.416Z"
    }
  },
  {
    "model": "biker.bikerchangelog",
    "pk": 1231,
    "fields": {
      "biker": 381,
      "change_time": "2023-06-18T15:13:37.735Z",
      "start_time": null,
      "end_time": "2023-06-18T15:13:35.254Z"
    }
  },
  {
    "model": "biker.bikerchangelog",
    "pk": 1232,
    "fields": {
      "biker": 404,
      "change_time": "2023-06-18T15:13:51.503Z",
      "start_time": "2023-06-18T15:13:51.234Z",
      "end_time": null
    }
  },
  {
    "model": "biker.bikerchangelog",
    "pk": 1233,
    "fields": {
      "biker": 382,
      "change_time": "2023-06-18T15:14:29.175Z",
      "start_time": null,
      "end_time": "2023-06-18T15:14:25.441Z"
    }
  },
  {
    "model": "biker.bikerchangelog",
    "pk": 1234,
    "fields": {
      "biker": 405,
      "change_time": "2023-06-18T15:14:29.728Z",
      "start_time": "2023-06-18T15:14:29.677Z",
      "end_time": null
    }
  },
  {
    "model": "biker.bikerchangelog",
    "pk": 1235,
    "fields": {
      "biker": 379,
      "change_time": "2023-06-18T15:14:52.610Z",
      "start_time": null,
      "end_time": "2023-06-18T15:14:47.886Z"
    }
  },
  {
    "model": "biker.bikerchangelog",
    "pk": 1236,
    "fields": {
      "biker": 406,
      "change_time": "2023-06-18T15:15:02.224Z",
      "start_time": "2023-06-18T15:15:01.934Z",
      "end_time": null
    }
  },
  {
    "model": "biker.bikerchangelog",
    "pk": 1237,
    "fields": {
      "biker": 407,
      "change_time": "2023-06-18T15:15:37.662Z",
      "start_time": "2023-06-18T15:15:37.448Z",
      "end_time": null
    }
  },
  {
    "model": "biker.bikerchangelog",
    "pk": 1238,
    "fields": {
      "biker": 394,
      "change_time": "2023-06-18T15:15:58.466Z",
      "start_time": null,
      "end_time": "2023-06-18T15:15:51.055Z"
    }
  },
  {
    "model": "biker.bikerchangelog",
    "pk": 1239,
    "fields": {
      "biker": 385,
      "change_time": "2023-06-18T15:15:59.968Z",
      "start_time": null,
      "end_time": "2023-06-18T15:15:55.791Z"
    }
  },
  {
    "model": "biker.bikerchangelog",
    "pk": 1240,
    "fields": {
      "biker": 408,
      "change_time": "2023-06-18T15:16:17.350Z",
      "start_time": "2023-06-18T15:16:17.144Z",
      "end_time": null
    }
  },
  {
    "model": "biker.bikerchangelog",
    "pk": 1241,
    "fields": {
      "biker": 389,
      "change_time": "2023-06-18T15:16:18.212Z",
      "start_time": null,
      "end_time": "2023-06-18T15:16:08.231Z"
    }
  },
  {
    "model": "biker.bikerchangelog",
    "pk": 1242,
    "fields": {
      "biker": 384,
      "change_time": "2023-06-18T15:16:19.660Z",
      "start_time": null,
      "end_time": "2023-06-18T15:16:13.934Z"
    }
  },
  {
    "model": "biker.bikerchangelog",
    "pk": 1243,
    "fields": {
      "biker": 409,
      "change_time": "2023-06-18T15:16:53.972Z",
      "start_time": "2023-06-18T15:16:53.907Z",
      "end_time": null
    }
  },
  {
    "model": "biker.bikerchangelog",
    "pk": 1244,
    "fields": {
      "biker": 410,
      "change_time": "2023-06-18T15:17:28.619Z",
      "start_time": "2023-06-18T15:17:28.300Z",
      "end_time": null
    }
  },
  {
    "model": "biker.bikerchangelog",
    "pk": 1245,
    "fields": {
      "biker": 411,
      "change_time": "2023-06-18T15:17:30.164Z",
      "start_time": "2023-06-18T15:17:30.114Z",
      "end_time": null
    }
  },
  {
    "model": "biker.bikerchangelog",
    "pk": 1246,
    "fields": {
      "biker": 391,
      "change_time": "2023-06-18T15:17:53.816Z",
      "start_time": null,
      "end_time": "2023-06-18T15:17:42.884Z"
    }
  },
  {
    "model": "biker.bikerchangelog",
    "pk": 1247,
    "fields": {
      "biker": 387,
      "change_time": "2023-06-18T15:17:55.246Z",
      "start_time": null,
      "end_time": "2023-06-18T15:17:51.248Z"
    }
  },
  {
    "model": "biker.bikerchangelog",
    "pk": 1248,
    "fields": {
      "biker": 411,
      "change_time": "2023-06-18T15:18:01.399Z",
      "start_time": "2023-06-18T15:18:01.159Z",
      "end_time": null
    }
  },
  {
    "model": "biker.bikerchangelog",
    "pk": 1249,
    "fields": {
      "biker": 412,
      "change_time": "2023-06-18T15:18:15.535Z",
      "start_time": "2023-06-18T15:18:15.318Z",
      "end_time": null
    }
  },
  {
    "model": "biker.bikerchangelog",
    "pk": 1250,
    "fields": {
      "biker": 399,
      "change_time": "2023-06-18T15:18:51.729Z",
      "start_time": null,
      "end_time": "2023-06-18T15:18:43.544Z"
    }
  },
  {
    "model": "biker.bikerchangelog",
    "pk": 1251,
    "fields": {
      "biker": 395,
      "change_time": "2023-06-18T15:18:53.392Z",
      "start_time": null,
      "end_time": "2023-06-18T15:18:48.254Z"
    }
  },
  {
    "model": "biker.bikerchangelog",
    "pk": 1252,
    "fields": {
      "biker": 413,
      "change_time": "2023-06-18T15:18:55.979Z",
      "start_time": "2023-06-18T15:18:55.684Z",
      "end_time": null
    }
  },
  {
    "model": "biker.bikerchangelog",
    "pk": 1253,
    "fields": {
      "biker": 414,
      "change_time": "2023-06-18T15:19:27.562Z",
      "start_time": "2023-06-18T15:19:27.344Z",
      "end_time": null
    }
  },
  {
    "model": "biker.bikerchangelog",
    "pk": 1254,
    "fields": {
      "biker": 388,
      "change_time": "2023-06-18T15:19:46.088Z",
      "start_time": null,
      "end_time": "2023-06-18T15:19:35.147Z"
    }
  },
  {
    "model": "biker.bikerchangelog",
    "pk": 1255,
    "fields": {
      "biker": 400,
      "change_time": "2023-06-18T15:19:47.395Z",
      "start_time": null,
      "end_time": "2023-06-18T15:19:41.860Z"
    }
  },
  {
    "model": "biker.bikerchangelog",
    "pk": 1256,
    "fields": {
      "biker": 390,
      "change_time": "2023-06-18T15:19:54.470Z",
      "start_time": null,
      "end_time": "2023-06-18T15:19:52.532Z"
    }
  },
  {
    "model": "biker.bikerchangelog",
    "pk": 1257,
    "fields": {
      "biker": 415,
      "change_time": "2023-06-18T15:20:05.353Z",
      "start_time": "2023-06-18T15:20:05.157Z",
      "end_time": null
    }
  },
  {
    "model": "biker.bikerchangelog",
    "pk": 1258,
    "fields": {
      "biker": 416,
      "change_time": "2023-06-18T15:20:45.274Z",
      "start_time": "2023-06-18T15:20:45.070Z",
      "end_time": null
    }
  },
  {
    "model": "biker.bikerchangelog",
    "pk": 1259,
    "fields": {
      "biker": 397,
      "change_time": "2023-06-18T15:20:56.670Z",
      "start_time": null,
      "end_time": "2023-06-18T15:20:54.767Z"
    }
  },
  {
    "model": "biker.bikerchangelog",
    "pk": 1260,
    "fields": {
      "biker": 417,
      "change_time": "2023-06-18T15:21:30.756Z",
      "start_time": "2023-06-18T15:21:30.615Z",
      "end_time": null
    }
  },
  {
    "model": "biker.bikerchangelog",
    "pk": 1261,
    "fields": {
      "biker": 401,
      "change_time": "2023-06-18T15:21:35.546Z",
      "start_time": null,
      "end_time": "2023-06-18T15:21:32.805Z"
    }
  },
  {
    "model": "biker.bikerchangelog",
    "pk": 1262,
    "fields": {
      "biker": 418,
      "change_time": "2023-06-18T15:22:01.071Z",
      "start_time": "2023-06-18T15:22:00.841Z",
      "end_time": null
    }
  },
  {
    "model": "biker.bikerchangelog",
    "pk": 1263,
    "fields": {
      "biker": 403,
      "change_time": "2023-06-18T15:22:06.859Z",
      "start_time": null,
      "end_time": "2023-06-18T15:22:04.782Z"
    }
  },
  {
    "model": "biker.bikerchangelog",
    "pk": 1264,
    "fields": {
      "biker": 419,
      "change_time": "2023-06-18T15:22:30.191Z",
      "start_time": "2023-06-18T15:22:30.131Z",
      "end_time": null
    }
  },
  {
    "model": "biker.bikerchangelog",
    "pk": 1265,
    "fields": {
      "biker": 420,
      "change_time": "2023-06-18T15:23:02.306Z",
      "start_time": "2023-06-18T15:23:02.073Z",
      "end_time": null
    }
  },
  {
    "model": "biker.bikerchangelog",
    "pk": 1266,
    "fields": {
      "biker": 421,
      "change_time": "2023-06-18T15:23:32.237Z",
      "start_time": "2023-06-18T15:23:32.013Z",
      "end_time": null
    }
  },
  {
    "model": "biker.bikerchangelog",
    "pk": 1267,
    "fields": {
      "biker": 396,
      "change_time": "2023-06-18T15:23:38.812Z",
      "start_time": null,
      "end_time": "2023-06-18T15:23:34.065Z"
    }
  },
  {
    "model": "biker.bikerchangelog",
    "pk": 1268,
    "fields": {
      "biker": 422,
      "change_time": "2023-06-18T15:23:58.785Z",
      "start_time": "2023-06-18T15:23:58.466Z",
      "end_time": null
    }
  },
  {
    "model": "biker.bikerchangelog",
    "pk": 1269,
    "fields": {
      "biker": 404,
      "change_time": "2023-06-18T15:24:03.730Z",
      "start_time": null,
      "end_time": "2023-06-18T15:23:35.158Z"
    }
  },
  {
    "model": "biker.bikerchangelog",
    "pk": 1270,
    "fields": {
      "biker": 408,
      "change_time": "2023-06-18T15:24:05.531Z",
      "start_time": null,
      "end_time": "2023-06-18T15:23:38.943Z"
    }
  },
  {
    "model": "biker.bikerchangelog",
    "pk": 1271,
    "fields": {
      "biker": 405,
      "change_time": "2023-06-18T15:24:24.457Z",
      "start_time": null,
      "end_time": "2023-06-18T15:24:11.353Z"
    }
  },
  {
    "model": "biker.bikerchangelog",
    "pk": 1272,
    "fields": {
      "biker": 423,
      "change_time": "2023-06-18T15:24:26.459Z",
      "start_time": "2023-06-18T15:24:26.239Z",
      "end_time": null
    }
  },
  {
    "model": "biker.bikerchangelog",
    "pk": 1273,
    "fields": {
      "biker": 424,
      "change_time": "2023-06-18T15:25:02.868Z",
      "start_time": "2023-06-18T15:25:02.768Z",
      "end_time": null
    }
  },
  {
    "model": "biker.bikerchangelog",
    "pk": 1274,
    "fields": {
      "biker": 392,
      "change_time": "2023-06-18T15:25:07.671Z",
      "start_time": null,
      "end_time": "2023-06-18T15:25:05.091Z"
    }
  },
  {
    "model": "biker.bikerchangelog",
    "pk": 1275,
    "fields": {
      "biker": 402,
      "change_time": "2023-06-18T15:25:20.670Z",
      "start_time": null,
      "end_time": "2023-06-18T15:25:18.382Z"
    }
  },
  {
    "model": "biker.bikerchangelog",
    "pk": 1276,
    "fields": {
      "biker": 425,
      "change_time": "2023-06-18T15:25:30.824Z",
      "start_time": "2023-06-18T15:25:30.622Z",
      "end_time": null
    }
  },
  {
    "model": "biker.bikerchangelog",
    "pk": 1277,
    "fields": {
      "biker": 426,
      "change_time": "2023-06-18T15:26:01.430Z",
      "start_time": "2023-06-18T15:26:01.214Z",
      "end_time": null
    }
  },
  {
    "model": "biker.bikerchangelog",
    "pk": 1278,
    "fields": {
      "biker": 427,
      "change_time": "2023-06-18T15:26:40.020Z",
      "start_time": "2023-06-18T15:26:39.826Z",
      "end_time": null
    }
  },
  {
    "model": "biker.bikerchangelog",
    "pk": 1279,
    "fields": {
      "biker": 428,
      "change_time": "2023-06-18T15:27:16.643Z",
      "start_time": "2023-06-18T15:27:16.418Z",
      "end_time": null
    }
  },
  {
    "model": "biker.bikerchangelog",
    "pk": 1280,
    "fields": {
      "biker": 409,
      "change_time": "2023-06-18T15:27:42.029Z",
      "start_time": null,
      "end_time": "2023-06-18T15:27:29.015Z"
    }
  },
  {
    "model": "biker.bikerchangelog",
    "pk": 1281,
    "fields": {
      "biker": 415,
      "change_time": "2023-06-18T15:27:43.517Z",
      "start_time": null,
      "end_time": "2023-06-18T15:27:37.662Z"
    }
  },
  {
    "model": "biker.bikerchangelog",
    "pk": 1282,
    "fields": {
      "biker": 430,
      "change_time": "2023-06-18T15:27:46.768Z",
      "start_time": "2023-06-18T15:27:46.541Z",
      "end_time": null
    }
  },
  {
    "model": "biker.bikerchangelog",
    "pk": 1283,
    "fields": {
      "biker": 378,
      "change_time": "2023-06-18T15:28:09.027Z",
      "start_time": null,
      "end_time": "2023-06-18T15:27:46.300Z"
    }
  },
  {
    "model": "biker.bikerchangelog",
    "pk": 1284,
    "fields": {
      "biker": 407,
      "change_time": "2023-06-18T15:28:10.199Z",
      "start_time": null,
      "end_time": "2023-06-18T15:27:46.300Z"
    }
  },
  {
    "model": "biker.bikerchangelog",
    "pk": 1285,
    "fields": {
      "biker": 406,
      "change_time": "2023-06-18T15:28:11.681Z",
      "start_time": null,
      "end_time": "2023-06-18T15:27:57.465Z"
    }
  },
  {
    "model": "biker.bikerchangelog",
    "pk": 1286,
    "fields": {
      "biker": 413,
      "change_time": "2023-06-18T15:28:50.006Z",
      "start_time": null,
      "end_time": "2023-06-18T15:28:40.640Z"
    }
  },
  {
    "model": "biker.bikerchangelog",
    "pk": 1287,
    "fields": {
      "biker": 398,
      "change_time": "2023-06-18T15:28:51.524Z",
      "start_time": null,
      "end_time": "2023-06-18T15:28:46.060Z"
    }
  },
  {
    "model": "biker.bikerchangelog",
    "pk": 1288,
    "fields": {
      "biker": 429,
      "change_time": "2023-06-18T15:29:22.483Z",
      "start_time": "2023-06-18T15:29:22.162Z",
      "end_time": null
    }
  },
  {
    "model": "biker.bikerchangelog",
    "pk": 1290,
    "fields": {
      "biker": 414,
      "change_time": "2023-06-18T15:29:28.630Z",
      "start_time": null,
      "end_time": "2023-06-18T15:29:25.840Z"
    }
  },
  {
    "model": "biker.bikerchangelog",
    "pk": 1291,
    "fields": {
      "biker": 429,
      "change_time": "2023-06-18T15:29:37.340Z",
      "start_time": "2023-06-18T15:29:37.123Z",
      "end_time": null
    }
  },
  {
    "model": "biker.bikerchangelog",
    "pk": 1292,
    "fields": {
      "biker": 417,
      "change_time": "2023-06-18T15:29:50.753Z",
      "start_time": null,
      "end_time": "2023-06-18T15:29:48.728Z"
    }
  },
  {
    "model": "biker.bikerchangelog",
    "pk": 1293,
    "fields": {
      "biker": 419,
      "change_time": "2023-06-18T15:30:25.280Z",
      "start_time": null,
      "end_time": "2023-06-18T15:30:22.973Z"
    }
  },
  {
    "model": "biker.bikerchangelog",
    "pk": 1294,
    "fields": {
      "biker": 416,
      "change_time": "2023-06-18T15:31:44.950Z",
      "start_time": null,
      "end_time": "2023-06-18T15:31:42.718Z"
    }
  },
  {
    "model": "biker.bikerchangelog",
    "pk": 1295,
    "fields": {
      "biker": 424,
      "change_time": "2023-06-18T15:32:52.276Z",
      "start_time": null,
      "end_time": "2023-06-18T15:32:50.356Z"
    }
  },
  {
    "model": "biker.bikerchangelog",
    "pk": 1296,
    "fields": {
      "biker": 393,
      "change_time": "2023-06-18T15:34:38.157Z",
      "start_time": null,
      "end_time": "2023-06-18T15:34:15.021Z"
    }
  },
  {
    "model": "biker.bikerchangelog",
    "pk": 1297,
    "fields": {
      "biker": 427,
      "change_time": "2023-06-18T15:34:39.463Z",
      "start_time": null,
      "end_time": "2023-06-18T15:34:21.566Z"
    }
  },
  {
    "model": "biker.bikerchangelog",
    "pk": 1298,
    "fields": {
      "biker": 421,
      "change_time": "2023-06-18T15:34:40.924Z",
      "start_time": null,
      "end_time": "2023-06-18T15:34:24.176Z"
    }
  },
  {
    "model": "biker.bikerchangelog",
    "pk": 1299,
    "fields": {
      "biker": 420,
      "change_time": "2023-06-18T15:34:42.303Z",
      "start_time": null,
      "end_time": "2023-06-18T15:34:31.013Z"
    }
  },
  {
    "model": "biker.bikerchangelog",
    "pk": 1300,
    "fields": {
      "biker": 423,
      "change_time": "2023-06-18T15:34:51.012Z",
      "start_time": null,
      "end_time": "2023-06-18T15:34:47.798Z"
    }
  },
  {
    "model": "biker.bikerchangelog",
    "pk": 1301,
    "fields": {
      "biker": 428,
      "change_time": "2023-06-18T15:35:38.796Z",
      "start_time": null,
      "end_time": "2023-06-18T15:35:28.321Z"
    }
  },
  {
    "model": "biker.bikerchangelog",
    "pk": 1302,
    "fields": {
      "biker": 412,
      "change_time": "2023-06-18T15:35:40.741Z",
      "start_time": null,
      "end_time": "2023-06-18T15:35:34.658Z"
    }
  },
  {
    "model": "biker.bikerchangelog",
    "pk": 1303,
    "fields": {
      "biker": 411,
      "change_time": "2023-06-18T15:35:42.573Z",
      "start_time": null,
      "end_time": "2023-06-18T15:35:35.867Z"
    }
  },
  {
    "model": "biker.bikerchangelog",
    "pk": 1304,
    "fields": {
      "biker": 425,
      "change_time": "2023-06-18T15:36:58.887Z",
      "start_time": null,
      "end_time": "2023-06-18T15:36:37.710Z"
    }
  },
  {
    "model": "biker.bikerchangelog",
    "pk": 1305,
    "fields": {
      "biker": 410,
      "change_time": "2023-06-18T15:37:01.254Z",
      "start_time": null,
      "end_time": "2023-06-18T15:36:54.995Z"
    }
  },
  {
    "model": "biker.bikerchangelog",
    "pk": 1306,
    "fields": {
      "biker": 418,
      "change_time": "2023-06-18T15:38:00.456Z",
      "start_time": null,
      "end_time": "2023-06-18T15:37:53.420Z"
    }
  },
  {
    "model": "biker.bikerchangelog",
    "pk": 1307,
    "fields": {
      "biker": 426,
      "change_time": "2023-06-18T15:38:02.492Z",
      "start_time": null,
      "end_time": "2023-06-18T15:37:57.914Z"
    }
  },
  {
    "model": "biker.bikerchangelog",
    "pk": 1308,
    "fields": {
      "biker": 422,
      "change_time": "2023-06-18T15:39:15.770Z",
      "start_time": null,
      "end_time": "2023-06-18T15:39:13.248Z"
    }
  },
  {
    "model": "biker.bikerchangelog",
    "pk": 1309,
    "fields": {
      "biker": 429,
      "change_time": "2023-06-18T15:40:18.214Z",
      "start_time": null,
      "end_time": "2023-06-18T15:40:15.809Z"
    }
  },
  {
    "model": "biker.bikerchangelog",
    "pk": 1310,
    "fields": {
      "biker": 430,
      "change_time": "2023-06-18T15:45:07.959Z",
      "start_time": null,
      "end_time": "2023-06-18T15:45:04.588Z"
    }
  },
  {
    "model": "biker.competition",
    "pk": 1,
    "fields": {
      "title": "Kronometer po Mišji dolini 2023",
      "description": "18. junij 2023 ob 17. uri",
      "result_section_1": "Skupno",
      "result_section_2": "Občinsko",
      "section_2_domestic_only": true
    }
  }
]
