[{"model": "biker.category", "pk": 2, "fields": {"name": "Mo\u0161ki do 40 let", "gender": "Mo\u0161ki do 40 let"}}, {"model": "biker.category", "pk": 3, "fields": {"name": "Mo\u0161ki od 40 do 60 let", "gender": "Mo\u0161ki od 40 do 60 let"}}, {"model": "biker.category", "pk": 4, "fields": {"name": "Mo\u0161ki 60 in ve\u010d", "gender": "Mo\u0161ki 60 in ve\u010d"}}, {"model": "biker.category", "pk": 6, "fields": {"name": "\u017denske do 35", "gender": "\u017denske do 35"}}, {"model": "biker.category", "pk": 7, "fields": {"name": "\u017denske nad 35", "gender": "\u017denske nad 35"}}, {"model": "biker.category", "pk": 8, "fields": {"name": "Dvojice", "gender": "Dvojice"}}, {"model": "biker.category", "pk": 9, "fields": {"name": "Pred\u0161olski", "gender": "Pred\u0161olski"}}, {"model": "biker.category", "pk": 10, "fields": {"name": "U\u010denke O\u0160 - 1. triada", "gender": "U\u010denke O\u0160"}}, {"model": "biker.category", "pk": 11, "fields": {"name": "U\u010denke O\u0160 - 2. triada", "gender": "U\u010denke O\u0160"}}, {"model": "biker.category", "pk": 12, "fields": {"name": "U\u010denke O\u0160 - 3. triada", "gender": "U\u010denke O\u0160"}}, {"model": "biker.category", "pk": 13, "fields": {"name": "U\u010denci O\u0160 - 1. triada", "gender": "U\u010denci O\u0160"}}, {"model": "biker.category", "pk": 14, "fields": {"name": "U\u010denci O\u0160 - 2. triada", "gender": "U\u010denci O\u0160"}}, {"model": "biker.category", "pk": 15, "fields": {"name": "U\u010denci O\u0160 - 3. triada", "gender": "U\u010denci O\u0160"}}, {"model": "biker.biker", "pk": 11, "fields": {"number": 1, "name": "Filip", "surname": "Stari\u010d", "category": 9, "birth_year": 2011, "domestic": true, "start_time": "2016-06-19T14:43:53.304Z", "end_time": "2016-06-19T15:06:16.444Z"}}, {"model": "biker.biker", "pk": 12, "fields": {"number": 2, "name": "An\u017ee", "surname": "Stari\u010d", "category": 8, "birth_year": 1987, "domestic": true, "start_time": "2016-06-19T14:44:05.370Z", "end_time": "2016-06-19T15:06:15.928Z"}}, {"model": "biker.biker", "pk": 13, "fields": {"number": 3, "name": "\u017dak", "surname": "Gradi\u0161ar", "category": 14, "birth_year": 2004, "domestic": true, "start_time": "2016-06-19T14:44:58.149Z", "end_time": "2016-06-19T14:56:22.361Z"}}, {"model": "biker.biker", "pk": 14, "fields": {"number": 4, "name": "\u010crt", "surname": "Gradi\u0161ar", "category": 14, "birth_year": 2005, "domestic": true, "start_time": "2016-06-19T14:45:26.946Z", "end_time": "2016-06-19T14:57:22.411Z"}}, {"model": "biker.biker", "pk": 15, "fields": {"number": 5, "name": "Ne\u017ea", "surname": "Gradi\u0161ar", "category": 10, "birth_year": 2007, "domestic": true, "start_time": "2016-06-19T14:45:56.303Z", "end_time": "2016-06-19T14:58:43.575Z"}}, {"model": "biker.biker", "pk": 16, "fields": {"number": 6, "name": "\u0160pela", "surname": "Ivanc", "category": 11, "birth_year": 2005, "domestic": true, "start_time": "2016-06-19T14:46:24.283Z", "end_time": "2016-06-19T14:58:40.977Z"}}, {"model": "biker.biker", "pk": 17, "fields": {"number": 7, "name": "Lovro", "surname": "Kutnar", "category": 15, "birth_year": 2003, "domestic": true, "start_time": "2016-06-19T14:46:50.940Z", "end_time": "2016-06-19T14:58:13.697Z"}}, {"model": "biker.biker", "pk": 18, "fields": {"number": 8, "name": "Andra\u017e", "surname": "Gruden", "category": 15, "birth_year": 2003, "domestic": true, "start_time": "2016-06-19T14:47:18.130Z", "end_time": "2016-06-19T14:58:23.948Z"}}, {"model": "biker.biker", "pk": 19, "fields": {"number": 9, "name": "\u017dan", "surname": "Debeljak", "category": 15, "birth_year": 2003, "domestic": true, "start_time": "2016-06-19T14:47:45.970Z", "end_time": "2016-06-19T14:58:34.249Z"}}, {"model": "biker.biker", "pk": 20, "fields": {"number": 10, "name": "\u017diga", "surname": "\u017du\u017eek", "category": 15, "birth_year": 2003, "domestic": true, "start_time": "2016-06-19T14:48:12.542Z", "end_time": "2016-06-19T14:59:45.775Z"}}, {"model": "biker.biker", "pk": 21, "fields": {"number": 11, "name": "Luka", "surname": "Marolt", "category": 15, "birth_year": 2003, "domestic": true, "start_time": "2016-06-19T14:48:39.124Z", "end_time": "2016-06-19T15:02:18.242Z"}}, {"model": "biker.biker", "pk": 22, "fields": {"number": 12, "name": "Erik", "surname": "Kri\u017eman", "category": 15, "birth_year": 2003, "domestic": true, "start_time": "2016-06-19T14:49:05.776Z", "end_time": "2016-06-19T15:01:27.666Z"}}, {"model": "biker.biker", "pk": 23, "fields": {"number": 13, "name": "\u017dan", "surname": "\u017du\u017eek", "category": 15, "birth_year": 2002, "domestic": true, "start_time": "2016-06-19T14:49:32.174Z", "end_time": "2016-06-19T15:00:24.878Z"}}, {"model": "biker.biker", "pk": 24, "fields": {"number": 14, "name": "Lana", "surname": "Brodnik", "category": 11, "birth_year": 2005, "domestic": true, "start_time": "2016-06-19T14:50:01.026Z", "end_time": "2016-06-19T15:03:39.628Z"}}, {"model": "biker.biker", "pk": 25, "fields": {"number": 15, "name": "Neja", "surname": "Ivanc", "category": 11, "birth_year": 2005, "domestic": true, "start_time": "2016-06-19T14:50:27.250Z", "end_time": "2016-06-19T15:03:34.891Z"}}, {"model": "biker.biker", "pk": 26, "fields": {"number": 16, "name": "Nik", "surname": "Knavs", "category": 14, "birth_year": 2004, "domestic": true, "start_time": "2016-06-19T14:50:53.774Z", "end_time": "2016-06-19T15:04:21.336Z"}}, {"model": "biker.biker", "pk": 27, "fields": {"number": 17, "name": "Bla\u017e", "surname": "Knavs", "category": 15, "birth_year": 2002, "domestic": true, "start_time": "2016-06-19T14:51:20Z", "end_time": "2016-06-19T15:06:28Z"}}, {"model": "biker.biker", "pk": 28, "fields": {"number": 18, "name": "Sebastjan", "surname": "Zidar", "category": 15, "birth_year": 2003, "domestic": true, "start_time": "2016-06-19T14:51:48.473Z", "end_time": "2016-06-19T15:03:00.795Z"}}, {"model": "biker.biker", "pk": 29, "fields": {"number": 19, "name": "Andrej", "surname": "Zakraj\u0161ek", "category": 14, "birth_year": 2005, "domestic": true, "start_time": "2016-06-19T14:52:15.635Z", "end_time": "2016-06-19T15:02:41.763Z"}}, {"model": "biker.biker", "pk": 30, "fields": {"number": 20, "name": "Lara", "surname": "Lavri\u010d", "category": 6, "birth_year": 1998, "domestic": true, "start_time": "2016-06-19T14:52:41.260Z", "end_time": "2016-06-19T15:04:32.949Z"}}, {"model": "biker.biker", "pk": 31, "fields": {"number": 21, "name": "Rok", "surname": "Lavri\u010d", "category": 2, "birth_year": 1992, "domestic": true, "start_time": "2016-06-19T14:53:15.701Z", "end_time": "2016-06-19T15:00:53.260Z"}}, {"model": "biker.biker", "pk": 32, "fields": {"number": 22, "name": "Miha", "surname": "Lavri\u010d", "category": 2, "birth_year": 1993, "domestic": true, "start_time": "2016-06-19T14:53:57.409Z", "end_time": "2016-06-19T15:01:24.579Z"}}, {"model": "biker.biker", "pk": 33, "fields": {"number": 23, "name": "Lovro", "surname": "Strnad", "category": 13, "birth_year": 2007, "domestic": true, "start_time": "2016-06-19T14:54:42.523Z", "end_time": "2016-06-19T15:08:34.282Z"}}, {"model": "biker.biker", "pk": 34, "fields": {"number": 24, "name": "Alja\u017e", "surname": "Strnad", "category": 14, "birth_year": 2004, "domestic": true, "start_time": "2016-06-19T14:55:11.527Z", "end_time": "2016-06-19T15:06:11.696Z"}}, {"model": "biker.biker", "pk": 35, "fields": {"number": 25, "name": "Marjan", "surname": "Strnad", "category": 2, "birth_year": 1977, "domestic": true, "start_time": "2016-06-19T14:55:39.644Z", "end_time": "2016-06-19T15:06:28.617Z"}}, {"model": "biker.biker", "pk": 36, "fields": {"number": 26, "name": "Miha", "surname": "Javor\u0161ek", "category": 2, "birth_year": 1985, "domestic": true, "start_time": "2016-06-19T14:56:05.725Z", "end_time": "2016-06-19T15:06:12.040Z"}}, {"model": "biker.biker", "pk": 37, "fields": {"number": 27, "name": "Mark", "surname": "Tom\u0161i\u010d Tekav\u010di\u010d", "category": 14, "birth_year": 2004, "domestic": true, "start_time": "2016-06-19T14:56:37.471Z", "end_time": "2016-06-19T15:08:14.987Z"}}, {"model": "biker.biker", "pk": 38, "fields": {"number": 28, "name": "\u017dak", "surname": "Tom\u0161i\u010d Tekav\u010di\u010d", "category": 14, "birth_year": 2006, "domestic": true, "start_time": "2016-06-19T14:56:42.195Z", "end_time": "2016-06-19T15:08:29.348Z"}}, {"model": "biker.biker", "pk": 39, "fields": {"number": 29, "name": "Ma\u0161a", "surname": "Tom\u0161i\u010d Tekav\u010di\u010d", "category": 11, "birth_year": 2004, "domestic": true, "start_time": "2016-06-19T14:57:09.897Z", "end_time": "2016-06-19T15:09:03.305Z"}}, {"model": "biker.biker", "pk": 40, "fields": {"number": 30, "name": "Toni Damijan", "surname": "Tekav\u010di\u010d", "category": 3, "birth_year": 1970, "domestic": true, "start_time": "2016-06-19T14:57:39.951Z", "end_time": "2016-06-19T15:09:04.164Z"}}, {"model": "biker.biker", "pk": 41, "fields": {"number": 31, "name": "Clavdia", "surname": "Tom\u0161i\u010d Tekav\u010di\u010d", "category": 7, "birth_year": 1967, "domestic": true, "start_time": "2016-06-19T14:58:11.368Z", "end_time": "2016-06-19T15:11:17.606Z"}}, {"model": "biker.biker", "pk": 42, "fields": {"number": 32, "name": "Borut Jani", "surname": "\u0160kulj", "category": 13, "birth_year": 2007, "domestic": true, "start_time": "2016-06-19T14:58:45.486Z", "end_time": "2016-06-19T15:13:39.563Z"}}, {"model": "biker.biker", "pk": 43, "fields": {"number": 33, "name": "Neja", "surname": "\u0160kulj", "category": 11, "birth_year": 2004, "domestic": true, "start_time": "2016-06-19T14:59:17Z", "end_time": "2016-06-19T15:13:29Z"}}, {"model": "biker.biker", "pk": 44, "fields": {"number": 34, "name": "Sreco", "surname": "Knafelc", "category": 4, "birth_year": null, "domestic": true, "start_time": "2016-06-19T15:00:06Z", "end_time": "2016-06-19T15:11:46Z"}}, {"model": "biker.biker", "pk": 45, "fields": {"number": 35, "name": "Alja", "surname": "Mari\u010d", "category": 6, "birth_year": 1999, "domestic": false, "start_time": "2016-06-19T15:00:35Z", "end_time": "2016-06-19T15:09:20Z"}}, {"model": "biker.biker", "pk": 46, "fields": {"number": 36, "name": "Anton", "surname": "Debeljak", "category": 3, "birth_year": 1967, "domestic": true, "start_time": "2016-06-19T15:01:03.630Z", "end_time": "2016-06-19T15:10:27.880Z"}}, {"model": "biker.biker", "pk": 47, "fields": {"number": 37, "name": "Mimica", "surname": "Debeljak", "category": 7, "birth_year": 1975, "domestic": true, "start_time": "2016-06-19T15:01:34.737Z", "end_time": "2016-06-19T15:11:25.252Z"}}, {"model": "biker.biker", "pk": 48, "fields": {"number": 38, "name": "Jo\u017ee", "surname": "Ivanc", "category": 3, "birth_year": 1974, "domestic": true, "start_time": "2016-06-19T15:02:03.300Z", "end_time": "2016-06-19T15:11:26.267Z"}}, {"model": "biker.biker", "pk": 49, "fields": {"number": 39, "name": "A\u017ebe", "surname": "Gradi\u0161ar", "category": 14, "birth_year": 2006, "domestic": true, "start_time": "2016-06-19T15:02:30.793Z", "end_time": "2016-06-19T15:13:36.108Z"}}, {"model": "biker.biker", "pk": 50, "fields": {"number": 40, "name": "Toma\u017e", "surname": "Ho\u010devar", "category": 2, "birth_year": 1988, "domestic": false, "start_time": "2016-06-19T15:03:03.569Z", "end_time": "2016-06-19T15:11:02.930Z"}}, {"model": "biker.biker", "pk": 51, "fields": {"number": 41, "name": "Alenka", "surname": "Zidar Zupan", "category": 7, "birth_year": 1971, "domestic": true, "start_time": "2016-06-19T15:03:33.276Z", "end_time": "2016-06-19T15:16:43.498Z"}}, {"model": "biker.biker", "pk": 52, "fields": {"number": 42, "name": "Jon", "surname": "Indihar", "category": 15, "birth_year": 2003, "domestic": true, "start_time": "2016-06-19T15:04:02Z", "end_time": "2016-06-19T15:13:39Z"}}, {"model": "biker.biker", "pk": 53, "fields": {"number": 43, "name": "Rok", "surname": "\u0160krjanec", "category": 15, "birth_year": 2001, "domestic": false, "start_time": "2016-06-19T15:04:31Z", "end_time": "2016-06-19T15:14:05Z"}}, {"model": "biker.biker", "pk": 54, "fields": {"number": 44, "name": "Ga\u0161per", "surname": "Gradi\u0161ar", "category": 13, "birth_year": 2008, "domestic": true, "start_time": "2016-06-19T15:05:01.870Z", "end_time": "2016-06-19T15:18:07.216Z"}}, {"model": "biker.biker", "pk": 55, "fields": {"number": 45, "name": "Jo\u017ee", "surname": "\u0160kulj", "category": 3, "birth_year": 1969, "domestic": true, "start_time": "2016-06-19T15:05:32.236Z", "end_time": "2016-06-19T15:13:38.288Z"}}, {"model": "biker.biker", "pk": 56, "fields": {"number": 46, "name": "Miha", "surname": "Sivec", "category": 2, "birth_year": 1986, "domestic": true, "start_time": "2016-06-19T15:06:03Z", "end_time": "2016-06-19T15:13:59Z"}}, {"model": "biker.biker", "pk": 57, "fields": {"number": 47, "name": "Valerija", "surname": "Gradi\u0161ar", "category": 9, "birth_year": 1978, "domestic": true, "start_time": "2016-06-19T15:06:32Z", "end_time": "2016-06-19T15:25:18Z"}}, {"model": "biker.biker", "pk": 58, "fields": {"number": 48, "name": "Roman", "surname": "Vir\u0161ek", "category": 2, "birth_year": 1982, "domestic": false, "start_time": "2016-06-19T15:07:06Z", "end_time": "2016-06-19T15:14:37Z"}}, {"model": "biker.biker", "pk": 59, "fields": {"number": 49, "name": "Jaka Ga\u0161per", "surname": "Pe\u010dnik", "category": 2, "birth_year": 1990, "domestic": true, "start_time": "2016-06-19T15:07:40.522Z", "end_time": "2016-06-19T15:15:13.024Z"}}, {"model": "biker.biker", "pk": 60, "fields": {"number": 50, "name": "Nika", "surname": "Maren\u010de", "category": 6, "birth_year": 1991, "domestic": true, "start_time": "2016-06-19T15:08:15.993Z", "end_time": "2016-06-19T15:17:41.572Z"}}, {"model": "biker.biker", "pk": 61, "fields": {"number": 51, "name": "Ale\u0161", "surname": "Brodnik", "category": 2, "birth_year": 1978, "domestic": true, "start_time": "2016-06-19T15:08:45Z", "end_time": "2016-06-19T15:18:27Z"}}, {"model": "biker.biker", "pk": 62, "fields": {"number": 52, "name": "Rok", "surname": "Pape\u017e", "category": 2, "birth_year": 1982, "domestic": true, "start_time": "2016-06-19T15:09:13.450Z", "end_time": "2016-06-19T15:17:18.089Z"}}, {"model": "biker.biker", "pk": 63, "fields": {"number": 53, "name": "Nik", "surname": "Hren", "category": 15, "birth_year": 2002, "domestic": true, "start_time": "2016-06-19T15:09:41.421Z", "end_time": "2016-06-19T15:19:34.709Z"}}, {"model": "biker.biker", "pk": 64, "fields": {"number": 54, "name": "Jo\u017ee", "surname": "\u0160kulj", "category": 4, "birth_year": null, "domestic": true, "start_time": "2016-06-19T15:11:13Z", "end_time": "2016-06-19T15:23:57Z"}}, {"model": "biker.bikerchangelog", "pk": 44, "fields": {"biker": 11, "change_time": "2016-06-19T14:43:53.083Z", "start_time": "2016-06-19T14:43:53.304Z", "end_time": null}}, {"model": "biker.bikerchangelog", "pk": 45, "fields": {"biker": 12, "change_time": "2016-06-19T14:44:04.862Z", "start_time": "2016-06-19T14:44:05.370Z", "end_time": null}}, {"model": "biker.bikerchangelog", "pk": 46, "fields": {"biker": 13, "change_time": "2016-06-19T14:44:57.790Z", "start_time": "2016-06-19T14:44:58.149Z", "end_time": null}}, {"model": "biker.bikerchangelog", "pk": 47, "fields": {"biker": 14, "change_time": "2016-06-19T14:45:26.522Z", "start_time": "2016-06-19T14:45:26.946Z", "end_time": null}}, {"model": "biker.bikerchangelog", "pk": 48, "fields": {"biker": 15, "change_time": "2016-06-19T14:45:55.852Z", "start_time": "2016-06-19T14:45:56.303Z", "end_time": null}}, {"model": "biker.bikerchangelog", "pk": 49, "fields": {"biker": 16, "change_time": "2016-06-19T14:46:23.940Z", "start_time": "2016-06-19T14:46:24.283Z", "end_time": null}}, {"model": "biker.bikerchangelog", "pk": 50, "fields": {"biker": 17, "change_time": "2016-06-19T14:46:50.424Z", "start_time": "2016-06-19T14:46:50.940Z", "end_time": null}}, {"model": "biker.bikerchangelog", "pk": 51, "fields": {"biker": 18, "change_time": "2016-06-19T14:47:48.714Z", "start_time": "2016-06-19T14:47:18.130Z", "end_time": null}}, {"model": "biker.bikerchangelog", "pk": 52, "fields": {"biker": 19, "change_time": "2016-06-19T14:47:49.915Z", "start_time": "2016-06-19T14:47:45.970Z", "end_time": null}}, {"model": "biker.bikerchangelog", "pk": 53, "fields": {"biker": 20, "change_time": "2016-06-19T14:48:12.073Z", "start_time": "2016-06-19T14:48:12.542Z", "end_time": null}}, {"model": "biker.bikerchangelog", "pk": 54, "fields": {"biker": 21, "change_time": "2016-06-19T14:48:38.664Z", "start_time": "2016-06-19T14:48:39.124Z", "end_time": null}}, {"model": "biker.bikerchangelog", "pk": 55, "fields": {"biker": 22, "change_time": "2016-06-19T14:49:05.552Z", "start_time": "2016-06-19T14:49:05.776Z", "end_time": null}}, {"model": "biker.bikerchangelog", "pk": 56, "fields": {"biker": 23, "change_time": "2016-06-19T14:49:31.680Z", "start_time": "2016-06-19T14:49:32.174Z", "end_time": null}}, {"model": "biker.bikerchangelog", "pk": 57, "fields": {"biker": 24, "change_time": "2016-06-19T14:50:00.748Z", "start_time": "2016-06-19T14:50:01.026Z", "end_time": null}}, {"model": "biker.bikerchangelog", "pk": 58, "fields": {"biker": 25, "change_time": "2016-06-19T14:50:26.957Z", "start_time": "2016-06-19T14:50:27.250Z", "end_time": null}}, {"model": "biker.bikerchangelog", "pk": 59, "fields": {"biker": 26, "change_time": "2016-06-19T14:50:53.489Z", "start_time": "2016-06-19T14:50:53.774Z", "end_time": null}}, {"model": "biker.bikerchangelog", "pk": 60, "fields": {"biker": 27, "change_time": "2016-06-19T14:51:19.731Z", "start_time": "2016-06-19T14:51:20.185Z", "end_time": null}}, {"model": "biker.bikerchangelog", "pk": 61, "fields": {"biker": 28, "change_time": "2016-06-19T14:51:48.169Z", "start_time": "2016-06-19T14:51:48.473Z", "end_time": null}}, {"model": "biker.bikerchangelog", "pk": 62, "fields": {"biker": 29, "change_time": "2016-06-19T14:52:15.142Z", "start_time": "2016-06-19T14:52:15.635Z", "end_time": null}}, {"model": "biker.bikerchangelog", "pk": 63, "fields": {"biker": 30, "change_time": "2016-06-19T14:52:40.984Z", "start_time": "2016-06-19T14:52:41.260Z", "end_time": null}}, {"model": "biker.bikerchangelog", "pk": 64, "fields": {"biker": 31, "change_time": "2016-06-19T14:53:15.506Z", "start_time": "2016-06-19T14:53:15.701Z", "end_time": null}}, {"model": "biker.bikerchangelog", "pk": 65, "fields": {"biker": 32, "change_time": "2016-06-19T14:53:57.112Z", "start_time": "2016-06-19T14:53:57.409Z", "end_time": null}}, {"model": "biker.bikerchangelog", "pk": 66, "fields": {"biker": 33, "change_time": "2016-06-19T14:54:42.506Z", "start_time": "2016-06-19T14:54:42.523Z", "end_time": null}}, {"model": "biker.bikerchangelog", "pk": 67, "fields": {"biker": 34, "change_time": "2016-06-19T14:55:11.316Z", "start_time": "2016-06-19T14:55:11.527Z", "end_time": null}}, {"model": "biker.bikerchangelog", "pk": 68, "fields": {"biker": 35, "change_time": "2016-06-19T14:55:39.408Z", "start_time": "2016-06-19T14:55:39.644Z", "end_time": null}}, {"model": "biker.bikerchangelog", "pk": 69, "fields": {"biker": 36, "change_time": "2016-06-19T14:56:05.557Z", "start_time": "2016-06-19T14:56:05.725Z", "end_time": null}}, {"model": "biker.bikerchangelog", "pk": 70, "fields": {"biker": 13, "change_time": "2016-06-19T14:56:32.622Z", "start_time": "2016-06-19T14:44:58.149Z", "end_time": null}}, {"model": "biker.bikerchangelog", "pk": 71, "fields": {"biker": 13, "change_time": "2016-06-19T14:56:32.629Z", "start_time": null, "end_time": "2016-06-19T14:56:22.361Z"}}, {"model": "biker.bikerchangelog", "pk": 72, "fields": {"biker": 37, "change_time": "2016-06-19T14:56:36.976Z", "start_time": "2016-06-19T14:56:37.471Z", "end_time": null}}, {"model": "biker.bikerchangelog", "pk": 73, "fields": {"biker": 38, "change_time": "2016-06-19T14:56:41.643Z", "start_time": "2016-06-19T14:56:42.195Z", "end_time": null}}, {"model": "biker.bikerchangelog", "pk": 74, "fields": {"biker": 39, "change_time": "2016-06-19T14:57:09.789Z", "start_time": "2016-06-19T14:57:09.897Z", "end_time": null}}, {"model": "biker.bikerchangelog", "pk": 75, "fields": {"biker": 40, "change_time": "2016-06-19T14:57:39.833Z", "start_time": "2016-06-19T14:57:39.951Z", "end_time": null}}, {"model": "biker.bikerchangelog", "pk": 76, "fields": {"biker": 14, "change_time": "2016-06-19T14:57:50.329Z", "start_time": "2016-06-19T14:45:26.946Z", "end_time": null}}, {"model": "biker.bikerchangelog", "pk": 77, "fields": {"biker": 14, "change_time": "2016-06-19T14:57:50.337Z", "start_time": null, "end_time": "2016-06-19T14:57:22.411Z"}}, {"model": "biker.bikerchangelog", "pk": 78, "fields": {"biker": 41, "change_time": "2016-06-19T14:58:11.326Z", "start_time": "2016-06-19T14:58:11.368Z", "end_time": null}}, {"model": "biker.bikerchangelog", "pk": 79, "fields": {"biker": 17, "change_time": "2016-06-19T14:58:25.002Z", "start_time": "2016-06-19T14:46:50.940Z", "end_time": null}}, {"model": "biker.bikerchangelog", "pk": 80, "fields": {"biker": 17, "change_time": "2016-06-19T14:58:25.022Z", "start_time": null, "end_time": "2016-06-19T14:58:13.697Z"}}, {"model": "biker.bikerchangelog", "pk": 81, "fields": {"biker": 18, "change_time": "2016-06-19T14:58:42.662Z", "start_time": "2016-06-19T14:47:18.130Z", "end_time": null}}, {"model": "biker.bikerchangelog", "pk": 82, "fields": {"biker": 18, "change_time": "2016-06-19T14:58:42.669Z", "start_time": null, "end_time": "2016-06-19T14:58:23.948Z"}}, {"model": "biker.bikerchangelog", "pk": 83, "fields": {"biker": 42, "change_time": "2016-06-19T14:58:45.085Z", "start_time": "2016-06-19T14:58:45.486Z", "end_time": null}}, {"model": "biker.bikerchangelog", "pk": 84, "fields": {"biker": 15, "change_time": "2016-06-19T14:58:56.776Z", "start_time": "2016-06-19T14:45:56.303Z", "end_time": null}}, {"model": "biker.bikerchangelog", "pk": 85, "fields": {"biker": 15, "change_time": "2016-06-19T14:58:56.783Z", "start_time": null, "end_time": "2016-06-19T14:58:43.575Z"}}, {"model": "biker.bikerchangelog", "pk": 86, "fields": {"biker": 16, "change_time": "2016-06-19T14:58:59.306Z", "start_time": "2016-06-19T14:46:24.283Z", "end_time": null}}, {"model": "biker.bikerchangelog", "pk": 87, "fields": {"biker": 16, "change_time": "2016-06-19T14:58:59.313Z", "start_time": null, "end_time": "2016-06-19T14:58:40.977Z"}}, {"model": "biker.bikerchangelog", "pk": 88, "fields": {"biker": 19, "change_time": "2016-06-19T14:59:01.967Z", "start_time": "2016-06-19T14:47:45.970Z", "end_time": null}}, {"model": "biker.bikerchangelog", "pk": 89, "fields": {"biker": 19, "change_time": "2016-06-19T14:59:01.973Z", "start_time": null, "end_time": "2016-06-19T14:58:34.249Z"}}, {"model": "biker.bikerchangelog", "pk": 90, "fields": {"biker": 43, "change_time": "2016-06-19T14:59:17.239Z", "start_time": "2016-06-19T14:59:17.174Z", "end_time": null}}, {"model": "biker.bikerchangelog", "pk": 91, "fields": {"biker": 44, "change_time": "2016-06-19T15:00:06.162Z", "start_time": "2016-06-19T15:00:06.442Z", "end_time": null}}, {"model": "biker.bikerchangelog", "pk": 92, "fields": {"biker": 20, "change_time": "2016-06-19T15:00:21.748Z", "start_time": "2016-06-19T14:48:12.542Z", "end_time": null}}, {"model": "biker.bikerchangelog", "pk": 93, "fields": {"biker": 20, "change_time": "2016-06-19T15:00:21.756Z", "start_time": null, "end_time": "2016-06-19T14:59:45.775Z"}}, {"model": "biker.bikerchangelog", "pk": 94, "fields": {"biker": 23, "change_time": "2016-06-19T15:00:34.606Z", "start_time": "2016-06-19T14:49:32.174Z", "end_time": null}}, {"model": "biker.bikerchangelog", "pk": 95, "fields": {"biker": 23, "change_time": "2016-06-19T15:00:34.613Z", "start_time": null, "end_time": "2016-06-19T15:00:24.878Z"}}, {"model": "biker.bikerchangelog", "pk": 96, "fields": {"biker": 45, "change_time": "2016-06-19T15:00:34.725Z", "start_time": "2016-06-19T15:00:35.053Z", "end_time": null}}, {"model": "biker.bikerchangelog", "pk": 97, "fields": {"biker": 31, "change_time": "2016-06-19T15:01:02.362Z", "start_time": "2016-06-19T14:53:15.701Z", "end_time": null}}, {"model": "biker.bikerchangelog", "pk": 98, "fields": {"biker": 31, "change_time": "2016-06-19T15:01:02.374Z", "start_time": null, "end_time": "2016-06-19T15:00:53.260Z"}}, {"model": "biker.bikerchangelog", "pk": 99, "fields": {"biker": 46, "change_time": "2016-06-19T15:01:03.089Z", "start_time": "2016-06-19T15:01:03.630Z", "end_time": null}}, {"model": "biker.bikerchangelog", "pk": 100, "fields": {"biker": 47, "change_time": "2016-06-19T15:01:34.328Z", "start_time": "2016-06-19T15:01:34.737Z", "end_time": null}}, {"model": "biker.bikerchangelog", "pk": 101, "fields": {"biker": 32, "change_time": "2016-06-19T15:01:41.614Z", "start_time": "2016-06-19T14:53:57.409Z", "end_time": null}}, {"model": "biker.bikerchangelog", "pk": 102, "fields": {"biker": 32, "change_time": "2016-06-19T15:01:41.620Z", "start_time": null, "end_time": "2016-06-19T15:01:24.579Z"}}, {"model": "biker.bikerchangelog", "pk": 103, "fields": {"biker": 22, "change_time": "2016-06-19T15:01:58.168Z", "start_time": "2016-06-19T14:49:05.776Z", "end_time": null}}, {"model": "biker.bikerchangelog", "pk": 104, "fields": {"biker": 22, "change_time": "2016-06-19T15:01:58.173Z", "start_time": null, "end_time": "2016-06-19T15:01:27.666Z"}}, {"model": "biker.bikerchangelog", "pk": 105, "fields": {"biker": 48, "change_time": "2016-06-19T15:02:02.980Z", "start_time": "2016-06-19T15:02:03.300Z", "end_time": null}}, {"model": "biker.bikerchangelog", "pk": 106, "fields": {"biker": 21, "change_time": "2016-06-19T15:02:23.389Z", "start_time": "2016-06-19T14:48:39.124Z", "end_time": null}}, {"model": "biker.bikerchangelog", "pk": 107, "fields": {"biker": 21, "change_time": "2016-06-19T15:02:23.396Z", "start_time": null, "end_time": "2016-06-19T15:02:18.242Z"}}, {"model": "biker.bikerchangelog", "pk": 108, "fields": {"biker": 49, "change_time": "2016-06-19T15:02:30.437Z", "start_time": "2016-06-19T15:02:30.793Z", "end_time": null}}, {"model": "biker.bikerchangelog", "pk": 109, "fields": {"biker": 29, "change_time": "2016-06-19T15:02:48.664Z", "start_time": "2016-06-19T14:52:15.635Z", "end_time": null}}, {"model": "biker.bikerchangelog", "pk": 110, "fields": {"biker": 29, "change_time": "2016-06-19T15:02:48.670Z", "start_time": null, "end_time": "2016-06-19T15:02:41.763Z"}}, {"model": "biker.bikerchangelog", "pk": 111, "fields": {"biker": 50, "change_time": "2016-06-19T15:03:03.266Z", "start_time": "2016-06-19T15:03:03.569Z", "end_time": null}}, {"model": "biker.bikerchangelog", "pk": 112, "fields": {"biker": 28, "change_time": "2016-06-19T15:03:16.181Z", "start_time": "2016-06-19T14:51:48.473Z", "end_time": null}}, {"model": "biker.bikerchangelog", "pk": 113, "fields": {"biker": 28, "change_time": "2016-06-19T15:03:16.187Z", "start_time": null, "end_time": "2016-06-19T15:03:00.795Z"}}, {"model": "biker.bikerchangelog", "pk": 114, "fields": {"biker": 51, "change_time": "2016-06-19T15:03:32.978Z", "start_time": "2016-06-19T15:03:33.276Z", "end_time": null}}, {"model": "biker.bikerchangelog", "pk": 115, "fields": {"biker": 24, "change_time": "2016-06-19T15:03:51.449Z", "start_time": "2016-06-19T14:50:01.026Z", "end_time": null}}, {"model": "biker.bikerchangelog", "pk": 116, "fields": {"biker": 24, "change_time": "2016-06-19T15:03:51.457Z", "start_time": null, "end_time": "2016-06-19T15:03:39.628Z"}}, {"model": "biker.bikerchangelog", "pk": 117, "fields": {"biker": 25, "change_time": "2016-06-19T15:03:54.013Z", "start_time": "2016-06-19T14:50:27.250Z", "end_time": null}}, {"model": "biker.bikerchangelog", "pk": 118, "fields": {"biker": 25, "change_time": "2016-06-19T15:03:54.025Z", "start_time": null, "end_time": "2016-06-19T15:03:34.891Z"}}, {"model": "biker.bikerchangelog", "pk": 119, "fields": {"biker": 52, "change_time": "2016-06-19T15:04:01.787Z", "start_time": "2016-06-19T15:04:02.087Z", "end_time": null}}, {"model": "biker.bikerchangelog", "pk": 120, "fields": {"biker": 53, "change_time": "2016-06-19T15:04:31.378Z", "start_time": "2016-06-19T15:04:31.430Z", "end_time": null}}, {"model": "biker.bikerchangelog", "pk": 121, "fields": {"biker": 26, "change_time": "2016-06-19T15:04:32.742Z", "start_time": "2016-06-19T14:50:53.774Z", "end_time": null}}, {"model": "biker.bikerchangelog", "pk": 122, "fields": {"biker": 26, "change_time": "2016-06-19T15:04:32.750Z", "start_time": null, "end_time": "2016-06-19T15:04:21.336Z"}}, {"model": "biker.bikerchangelog", "pk": 123, "fields": {"biker": 30, "change_time": "2016-06-19T15:04:47.406Z", "start_time": "2016-06-19T14:52:41.260Z", "end_time": null}}, {"model": "biker.bikerchangelog", "pk": 124, "fields": {"biker": 30, "change_time": "2016-06-19T15:04:47.413Z", "start_time": null, "end_time": "2016-06-19T15:04:32.949Z"}}, {"model": "biker.bikerchangelog", "pk": 125, "fields": {"biker": 54, "change_time": "2016-06-19T15:05:01.347Z", "start_time": "2016-06-19T15:05:01.870Z", "end_time": null}}, {"model": "biker.bikerchangelog", "pk": 126, "fields": {"biker": 55, "change_time": "2016-06-19T15:05:32.010Z", "start_time": "2016-06-19T15:05:32.236Z", "end_time": null}}, {"model": "biker.bikerchangelog", "pk": 127, "fields": {"biker": 56, "change_time": "2016-06-19T15:06:03.201Z", "start_time": "2016-06-19T15:06:03.536Z", "end_time": null}}, {"model": "biker.bikerchangelog", "pk": 128, "fields": {"biker": 34, "change_time": "2016-06-19T15:06:22.503Z", "start_time": "2016-06-19T14:55:11.527Z", "end_time": null}}, {"model": "biker.bikerchangelog", "pk": 129, "fields": {"biker": 34, "change_time": "2016-06-19T15:06:22.510Z", "start_time": null, "end_time": "2016-06-19T15:06:11.696Z"}}, {"model": "biker.bikerchangelog", "pk": 130, "fields": {"biker": 57, "change_time": "2016-06-19T15:06:32.768Z", "start_time": "2016-06-19T15:06:32.709Z", "end_time": null}}, {"model": "biker.bikerchangelog", "pk": 131, "fields": {"biker": 36, "change_time": "2016-06-19T15:06:35.779Z", "start_time": "2016-06-19T14:56:05.725Z", "end_time": null}}, {"model": "biker.bikerchangelog", "pk": 132, "fields": {"biker": 36, "change_time": "2016-06-19T15:06:35.786Z", "start_time": null, "end_time": "2016-06-19T15:06:12.040Z"}}, {"model": "biker.bikerchangelog", "pk": 133, "fields": {"biker": 11, "change_time": "2016-06-19T15:06:50.090Z", "start_time": "2016-06-19T14:43:53.304Z", "end_time": null}}, {"model": "biker.bikerchangelog", "pk": 134, "fields": {"biker": 11, "change_time": "2016-06-19T15:06:50.097Z", "start_time": null, "end_time": "2016-06-19T15:06:16.444Z"}}, {"model": "biker.bikerchangelog", "pk": 135, "fields": {"biker": 12, "change_time": "2016-06-19T15:06:52.605Z", "start_time": "2016-06-19T14:44:05.370Z", "end_time": null}}, {"model": "biker.bikerchangelog", "pk": 136, "fields": {"biker": 12, "change_time": "2016-06-19T15:06:52.617Z", "start_time": null, "end_time": "2016-06-19T15:06:15.928Z"}}, {"model": "biker.bikerchangelog", "pk": 137, "fields": {"biker": 58, "change_time": "2016-06-19T15:07:06.510Z", "start_time": "2016-06-19T15:07:06.869Z", "end_time": null}}, {"model": "biker.bikerchangelog", "pk": 138, "fields": {"biker": 35, "change_time": "2016-06-19T15:07:18.595Z", "start_time": "2016-06-19T14:55:39.644Z", "end_time": null}}, {"model": "biker.bikerchangelog", "pk": 139, "fields": {"biker": 35, "change_time": "2016-06-19T15:07:18.603Z", "start_time": null, "end_time": "2016-06-19T15:06:28.617Z"}}, {"model": "biker.bikerchangelog", "pk": 140, "fields": {"biker": 33, "change_time": "2016-06-19T15:07:39.259Z", "start_time": "2016-06-19T14:54:42.523Z", "end_time": null}}, {"model": "biker.bikerchangelog", "pk": 141, "fields": {"biker": 33, "change_time": "2016-06-19T15:07:39.265Z", "start_time": null, "end_time": "2016-06-19T15:06:34.484Z"}}, {"model": "biker.bikerchangelog", "pk": 142, "fields": {"biker": 59, "change_time": "2016-06-19T15:07:40.653Z", "start_time": "2016-06-19T15:07:40.522Z", "end_time": null}}, {"model": "biker.bikerchangelog", "pk": 143, "fields": {"biker": 60, "change_time": "2016-06-19T15:08:15.685Z", "start_time": "2016-06-19T15:08:15.993Z", "end_time": null}}, {"model": "biker.bikerchangelog", "pk": 144, "fields": {"biker": 61, "change_time": "2016-06-19T15:08:46.151Z", "start_time": "2016-06-19T15:08:45.458Z", "end_time": null}}, {"model": "biker.bikerchangelog", "pk": 145, "fields": {"biker": 62, "change_time": "2016-06-19T15:09:13.173Z", "start_time": "2016-06-19T15:09:13.450Z", "end_time": null}}, {"model": "biker.bikerchangelog", "pk": 146, "fields": {"biker": 63, "change_time": "2016-06-19T15:09:40.912Z", "start_time": "2016-06-19T15:09:41.421Z", "end_time": null}}, {"model": "biker.bikerchangelog", "pk": 147, "fields": {"biker": 37, "change_time": "2016-06-19T15:09:42.148Z", "start_time": "2016-06-19T14:56:37.471Z", "end_time": null}}, {"model": "biker.bikerchangelog", "pk": 148, "fields": {"biker": 37, "change_time": "2016-06-19T15:09:42.158Z", "start_time": null, "end_time": "2016-06-19T15:08:14.987Z"}}, {"model": "biker.bikerchangelog", "pk": 149, "fields": {"biker": 33, "change_time": "2016-06-19T15:10:15.777Z", "start_time": "2016-06-19T14:54:42.523Z", "end_time": null}}, {"model": "biker.bikerchangelog", "pk": 150, "fields": {"biker": 33, "change_time": "2016-06-19T15:10:15.784Z", "start_time": null, "end_time": "2016-06-19T15:08:34.282Z"}}, {"model": "biker.bikerchangelog", "pk": 151, "fields": {"biker": 38, "change_time": "2016-06-19T15:10:23.003Z", "start_time": "2016-06-19T14:56:42.195Z", "end_time": null}}, {"model": "biker.bikerchangelog", "pk": 152, "fields": {"biker": 38, "change_time": "2016-06-19T15:10:23.010Z", "start_time": null, "end_time": "2016-06-19T15:08:29.348Z"}}, {"model": "biker.bikerchangelog", "pk": 153, "fields": {"biker": 39, "change_time": "2016-06-19T15:10:27.344Z", "start_time": "2016-06-19T14:57:09.897Z", "end_time": null}}, {"model": "biker.bikerchangelog", "pk": 154, "fields": {"biker": 39, "change_time": "2016-06-19T15:10:27.350Z", "start_time": null, "end_time": "2016-06-19T15:09:03.305Z"}}, {"model": "biker.bikerchangelog", "pk": 155, "fields": {"biker": 40, "change_time": "2016-06-19T15:10:29.695Z", "start_time": "2016-06-19T14:57:39.951Z", "end_time": null}}, {"model": "biker.bikerchangelog", "pk": 156, "fields": {"biker": 40, "change_time": "2016-06-19T15:10:29.702Z", "start_time": null, "end_time": "2016-06-19T15:09:04.164Z"}}, {"model": "biker.bikerchangelog", "pk": 157, "fields": {"biker": 45, "change_time": "2016-06-19T15:10:32.074Z", "start_time": "2016-06-19T15:00:35.053Z", "end_time": null}}, {"model": "biker.bikerchangelog", "pk": 158, "fields": {"biker": 45, "change_time": "2016-06-19T15:10:32.082Z", "start_time": null, "end_time": "2016-06-19T15:09:20.924Z"}}, {"model": "biker.bikerchangelog", "pk": 159, "fields": {"biker": 46, "change_time": "2016-06-19T15:10:47.265Z", "start_time": "2016-06-19T15:01:03.630Z", "end_time": null}}, {"model": "biker.bikerchangelog", "pk": 160, "fields": {"biker": 46, "change_time": "2016-06-19T15:10:47.271Z", "start_time": null, "end_time": "2016-06-19T15:10:27.880Z"}}, {"model": "biker.bikerchangelog", "pk": 161, "fields": {"biker": 50, "change_time": "2016-06-19T15:11:07.508Z", "start_time": "2016-06-19T15:03:03.569Z", "end_time": null}}, {"model": "biker.bikerchangelog", "pk": 162, "fields": {"biker": 50, "change_time": "2016-06-19T15:11:07.514Z", "start_time": null, "end_time": "2016-06-19T15:11:02.930Z"}}, {"model": "biker.bikerchangelog", "pk": 163, "fields": {"biker": 64, "change_time": "2016-06-19T15:11:13.045Z", "start_time": "2016-06-19T15:11:13.095Z", "end_time": null}}, {"model": "biker.bikerchangelog", "pk": 164, "fields": {"biker": 41, "change_time": "2016-06-19T15:11:29.010Z", "start_time": "2016-06-19T14:58:11.368Z", "end_time": null}}, {"model": "biker.bikerchangelog", "pk": 165, "fields": {"biker": 41, "change_time": "2016-06-19T15:11:29.017Z", "start_time": null, "end_time": "2016-06-19T15:11:17.606Z"}}, {"model": "biker.bikerchangelog", "pk": 166, "fields": {"biker": 47, "change_time": "2016-06-19T15:11:32.239Z", "start_time": "2016-06-19T15:01:34.737Z", "end_time": null}}, {"model": "biker.bikerchangelog", "pk": 167, "fields": {"biker": 47, "change_time": "2016-06-19T15:11:32.245Z", "start_time": null, "end_time": "2016-06-19T15:11:25.252Z"}}, {"model": "biker.bikerchangelog", "pk": 168, "fields": {"biker": 48, "change_time": "2016-06-19T15:11:32.549Z", "start_time": "2016-06-19T15:02:03.300Z", "end_time": null}}, {"model": "biker.bikerchangelog", "pk": 169, "fields": {"biker": 48, "change_time": "2016-06-19T15:11:32.554Z", "start_time": null, "end_time": "2016-06-19T15:11:26.267Z"}}, {"model": "biker.bikerchangelog", "pk": 170, "fields": {"biker": 44, "change_time": "2016-06-19T15:12:00.132Z", "start_time": "2016-06-19T15:00:06.442Z", "end_time": null}}, {"model": "biker.bikerchangelog", "pk": 171, "fields": {"biker": 44, "change_time": "2016-06-19T15:12:00.139Z", "start_time": null, "end_time": "2016-06-19T15:11:46.434Z"}}, {"model": "biker.bikerchangelog", "pk": 172, "fields": {"biker": 43, "change_time": "2016-06-19T15:14:32.674Z", "start_time": "2016-06-19T14:59:17.174Z", "end_time": null}}, {"model": "biker.bikerchangelog", "pk": 173, "fields": {"biker": 43, "change_time": "2016-06-19T15:14:32.680Z", "start_time": null, "end_time": "2016-06-19T15:13:29.318Z"}}, {"model": "biker.bikerchangelog", "pk": 174, "fields": {"biker": 49, "change_time": "2016-06-19T15:14:34.538Z", "start_time": "2016-06-19T15:02:30.793Z", "end_time": null}}, {"model": "biker.bikerchangelog", "pk": 175, "fields": {"biker": 49, "change_time": "2016-06-19T15:14:34.549Z", "start_time": null, "end_time": "2016-06-19T15:13:36.108Z"}}, {"model": "biker.bikerchangelog", "pk": 176, "fields": {"biker": 55, "change_time": "2016-06-19T15:14:37.966Z", "start_time": "2016-06-19T15:05:32.236Z", "end_time": null}}, {"model": "biker.bikerchangelog", "pk": 177, "fields": {"biker": 55, "change_time": "2016-06-19T15:14:37.974Z", "start_time": null, "end_time": "2016-06-19T15:13:38.288Z"}}, {"model": "biker.bikerchangelog", "pk": 178, "fields": {"biker": 52, "change_time": "2016-06-19T15:14:50.624Z", "start_time": "2016-06-19T15:04:02.087Z", "end_time": null}}, {"model": "biker.bikerchangelog", "pk": 179, "fields": {"biker": 52, "change_time": "2016-06-19T15:14:50.631Z", "start_time": null, "end_time": "2016-06-19T15:13:38.376Z"}}, {"model": "biker.bikerchangelog", "pk": 180, "fields": {"biker": 42, "change_time": "2016-06-19T15:14:53.855Z", "start_time": "2016-06-19T14:58:45.486Z", "end_time": null}}, {"model": "biker.bikerchangelog", "pk": 181, "fields": {"biker": 42, "change_time": "2016-06-19T15:14:53.863Z", "start_time": null, "end_time": "2016-06-19T15:13:39.563Z"}}, {"model": "biker.bikerchangelog", "pk": 182, "fields": {"biker": 52, "change_time": "2016-06-19T15:15:07.973Z", "start_time": "2016-06-19T15:04:02.087Z", "end_time": null}}, {"model": "biker.bikerchangelog", "pk": 183, "fields": {"biker": 52, "change_time": "2016-06-19T15:15:07.980Z", "start_time": null, "end_time": "2016-06-19T15:14:37.586Z"}}, {"model": "biker.bikerchangelog", "pk": 184, "fields": {"biker": 59, "change_time": "2016-06-19T15:16:12.658Z", "start_time": "2016-06-19T15:07:40.522Z", "end_time": null}}, {"model": "biker.bikerchangelog", "pk": 185, "fields": {"biker": 59, "change_time": "2016-06-19T15:16:12.664Z", "start_time": null, "end_time": "2016-06-19T15:15:13.024Z"}}, {"model": "biker.bikerchangelog", "pk": 186, "fields": {"biker": 51, "change_time": "2016-06-19T15:16:45.301Z", "start_time": "2016-06-19T15:03:33.276Z", "end_time": null}}, {"model": "biker.bikerchangelog", "pk": 187, "fields": {"biker": 51, "change_time": "2016-06-19T15:16:45.308Z", "start_time": null, "end_time": "2016-06-19T15:16:43.498Z"}}, {"model": "biker.bikerchangelog", "pk": 188, "fields": {"biker": 62, "change_time": "2016-06-19T15:17:22.482Z", "start_time": "2016-06-19T15:09:13.450Z", "end_time": null}}, {"model": "biker.bikerchangelog", "pk": 189, "fields": {"biker": 62, "change_time": "2016-06-19T15:17:22.487Z", "start_time": null, "end_time": "2016-06-19T15:17:18.089Z"}}, {"model": "biker.bikerchangelog", "pk": 190, "fields": {"biker": 60, "change_time": "2016-06-19T15:17:44.054Z", "start_time": "2016-06-19T15:08:15.993Z", "end_time": null}}, {"model": "biker.bikerchangelog", "pk": 191, "fields": {"biker": 60, "change_time": "2016-06-19T15:17:44.060Z", "start_time": null, "end_time": "2016-06-19T15:17:41.572Z"}}, {"model": "biker.bikerchangelog", "pk": 192, "fields": {"biker": 54, "change_time": "2016-06-19T15:18:10.900Z", "start_time": "2016-06-19T15:05:01.870Z", "end_time": null}}, {"model": "biker.bikerchangelog", "pk": 193, "fields": {"biker": 54, "change_time": "2016-06-19T15:18:10.907Z", "start_time": null, "end_time": "2016-06-19T15:18:07.216Z"}}, {"model": "biker.bikerchangelog", "pk": 194, "fields": {"biker": 61, "change_time": "2016-06-19T15:18:27.562Z", "start_time": "2016-06-19T15:08:45.458Z", "end_time": null}}, {"model": "biker.bikerchangelog", "pk": 195, "fields": {"biker": 61, "change_time": "2016-06-19T15:18:27.569Z", "start_time": null, "end_time": "2016-06-19T15:18:27.741Z"}}, {"model": "biker.bikerchangelog", "pk": 196, "fields": {"biker": 63, "change_time": "2016-06-19T15:19:36.609Z", "start_time": "2016-06-19T15:09:41.421Z", "end_time": null}}, {"model": "biker.bikerchangelog", "pk": 197, "fields": {"biker": 63, "change_time": "2016-06-19T15:19:36.615Z", "start_time": null, "end_time": "2016-06-19T15:19:34.709Z"}}, {"model": "biker.bikerchangelog", "pk": 198, "fields": {"biker": 64, "change_time": "2016-06-19T15:24:02.181Z", "start_time": "2016-06-19T15:11:13.095Z", "end_time": null}}, {"model": "biker.bikerchangelog", "pk": 199, "fields": {"biker": 64, "change_time": "2016-06-19T15:24:02.189Z", "start_time": null, "end_time": "2016-06-19T15:23:57.641Z"}}, {"model": "biker.bikerchangelog", "pk": 200, "fields": {"biker": 57, "change_time": "2016-06-19T15:25:28.013Z", "start_time": "2016-06-19T15:06:32.709Z", "end_time": null}}, {"model": "biker.bikerchangelog", "pk": 201, "fields": {"biker": 57, "change_time": "2016-06-19T15:25:28.020Z", "start_time": null, "end_time": "2016-06-19T15:25:18.185Z"}}, {"model": "biker.competition", "pk": 1, "fields": {"title": "Kronometer Knej-Karlovica 2016", "description": ""}}]