[
    {
        "model": "biker.category",
        "fields": {
            "name": "U\u010denci O\u0160"
        },
        "pk": 1
    },
    {
        "model": "biker.category",
        "fields": {
            "name": "Mo\u0161ki do 40 let"
        },
        "pk": 2
    },
    {
        "model": "biker.category",
        "fields": {
            "name": "Mo\u0161ki od 40 do 60 let"
        },
        "pk": 3
    },
    {
        "model": "biker.category",
        "fields": {
            "name": "Mo\u0161ki 60 in ve\u010d"
        },
        "pk": 4
    },
    {
        "model": "biker.category",
        "fields": {
            "name": "U\u010denke O\u0160"
        },
        "pk": 5
    },
    {
        "model": "biker.category",
        "fields": {
            "name": "\u017denske do 35"
        },
        "pk": 6
    },
    {
        "model": "biker.category",
        "fields": {
            "name": "\u017denske nad 35"
        },
        "pk": 7
    },
    {
        "model": "biker.category",
        "fields": {
            "name": "Pred\u0161olski"
        },
        "pk": 8
    },
    {
        "model": "biker.category",
        "fields": {
            "name": "Mo\u0161ke dvojice"
        },
        "pk": 9
    },
    {
        "model": "biker.biker",
        "fields": {
            "number": 1,
            "surname": "Peterlin",
            "end_time": "2014-06-15T15:08:25.733Z",
            "category": 2,
            "name": "Nejc",
            "domestic": false,
            "start_time": "2014-06-15T15:00:53.575Z"
        },
        "pk": 150
    },
    {
        "model": "biker.biker",
        "fields": {
            "number": 2,
            "surname": "Pugelj",
            "end_time": "2014-06-15T15:11:39.813Z",
            "category": 6,
            "name": "\u0160pela",
            "domestic": false,
            "start_time": "2014-06-15T15:01:29.285Z"
        },
        "pk": 151
    },
    {
        "model": "biker.biker",
        "fields": {
            "number": 3,
            "surname": "Kolar Stare",
            "end_time": "2014-06-15T15:15:21.828Z",
            "category": 1,
            "name": "Aleksij",
            "domestic": false,
            "start_time": "2014-06-15T15:02:06.216Z"
        },
        "pk": 152
    },
    {
        "model": "biker.biker",
        "fields": {
            "number": 4,
            "surname": "Stare",
            "end_time": "2014-06-15T15:13:35.792Z",
            "category": 3,
            "name": "Milan",
            "domestic": true,
            "start_time": "2014-06-15T15:02:42.367Z"
        },
        "pk": 153
    },
    {
        "model": "biker.biker",
        "fields": {
            "number": 5,
            "surname": "Kutnar",
            "end_time": "2014-06-15T15:15:07.559Z",
            "category": 1,
            "name": "Lovro",
            "domestic": true,
            "start_time": "2014-06-15T15:03:17.950Z"
        },
        "pk": 154
    },
    {
        "model": "biker.biker",
        "fields": {
            "number": 6,
            "surname": "Kutnar",
            "end_time": "2014-06-15T15:14:53.079Z",
            "category": 6,
            "name": "Eva",
            "domestic": true,
            "start_time": "2014-06-15T15:03:51.970Z"
        },
        "pk": 155
    },
    {
        "model": "biker.biker",
        "fields": {
            "number": 7,
            "surname": "Kutnar",
            "end_time": "2014-06-15T15:12:39.823Z",
            "category": 4,
            "name": "Franc",
            "domestic": true,
            "start_time": "2014-06-15T15:04:26.480Z"
        },
        "pk": 156
    },
    {
        "model": "biker.biker",
        "fields": {
            "number": 8,
            "surname": "Kutnar",
            "end_time": "2014-06-15T15:12:06.460Z",
            "category": 2,
            "name": "Ale\u0161",
            "domestic": false,
            "start_time": "2014-06-15T15:05:01.197Z"
        },
        "pk": 157
    },
    {
        "model": "biker.biker",
        "fields": {
            "number": 9,
            "surname": "Hrovat",
            "end_time": "2014-06-15T15:12:03.346Z",
            "category": 2,
            "name": "Jan",
            "domestic": false,
            "start_time": "2014-06-15T15:05:36.335Z"
        },
        "pk": 158
    },
    {
        "model": "biker.biker",
        "fields": {
            "number": 10,
            "surname": "Centa",
            "end_time": "2014-06-15T15:16:02.846Z",
            "category": 2,
            "name": "Uro\u0161",
            "domestic": true,
            "start_time": "2014-06-15T15:06:10.493Z"
        },
        "pk": 159
    },
    {
        "model": "biker.biker",
        "fields": {
            "number": 11,
            "surname": "Adami\u010d",
            "end_time": "2014-06-15T15:15:29.546Z",
            "category": 2,
            "name": "Jure",
            "domestic": true,
            "start_time": "2014-06-15T15:06:45.947Z"
        },
        "pk": 160
    },
    {
        "model": "biker.biker",
        "fields": {
            "number": 12,
            "surname": "Adami\u010d",
            "end_time": "2014-06-15T15:22:29.479Z",
            "category": 1,
            "name": "Erazem",
            "domestic": true,
            "start_time": "2014-06-15T15:07:21.815Z"
        },
        "pk": 161
    },
    {
        "model": "biker.biker",
        "fields": {
            "number": 13,
            "surname": "Adami\u010d",
            "end_time": "2014-06-15T15:20:22.115Z",
            "category": 1,
            "name": "Lenart",
            "domestic": true,
            "start_time": "2014-06-15T15:07:59.914Z"
        },
        "pk": 162
    },
    {
        "model": "biker.biker",
        "fields": {
            "number": 14,
            "surname": "Samsa",
            "end_time": "2014-06-15T15:22:30.346Z",
            "category": 7,
            "name": "Janja",
            "domestic": true,
            "start_time": "2014-06-15T15:08:35.476Z"
        },
        "pk": 163
    },
    {
        "model": "biker.biker",
        "fields": {
            "number": 15,
            "surname": "Zakraj\u0161ek",
            "end_time": "2014-06-15T15:20:42.769Z",
            "category": 2,
            "name": "Luka",
            "domestic": true,
            "start_time": "2014-06-15T15:09:15.588Z"
        },
        "pk": 164
    },
    {
        "model": "biker.biker",
        "fields": {
            "number": 16,
            "surname": "\u017du\u017eek",
            "end_time": "2014-06-15T15:26:28.255Z",
            "category": 1,
            "name": "Alja\u017e",
            "domestic": true,
            "start_time": "2014-06-15T15:09:54.197Z"
        },
        "pk": 165
    },
    {
        "model": "biker.biker",
        "fields": {
            "number": 17,
            "surname": "\u017du\u017eek",
            "end_time": "2014-06-15T15:22:44.062Z",
            "category": 5,
            "name": "Beti",
            "domestic": true,
            "start_time": "2014-06-15T15:10:29.707Z"
        },
        "pk": 166
    },
    {
        "model": "biker.biker",
        "fields": {
            "number": 18,
            "surname": "\u017du\u017eek",
            "end_time": "2014-06-15T15:22:44.280Z",
            "category": 6,
            "name": "Irena",
            "domestic": true,
            "start_time": "2014-06-15T15:11:06.200Z"
        },
        "pk": 167
    },
    {
        "model": "biker.biker",
        "fields": {
            "number": 19,
            "surname": "Svete",
            "end_time": "2014-06-15T15:20:04.016Z",
            "category": 2,
            "name": "Bla\u017e",
            "domestic": true,
            "start_time": "2014-06-15T15:11:41.052Z"
        },
        "pk": 168
    },
    {
        "model": "biker.biker",
        "fields": {
            "number": 20,
            "surname": "Kastelic",
            "end_time": "2014-06-15T15:20:47.308Z",
            "category": 4,
            "name": "Ivan",
            "domestic": false,
            "start_time": "2014-06-15T15:12:18.200Z"
        },
        "pk": 169
    },
    {
        "model": "biker.biker",
        "fields": {
            "number": 21,
            "surname": "Holc",
            "end_time": "2014-06-15T15:19:52.125Z",
            "category": 2,
            "name": "Andrej",
            "domestic": false,
            "start_time": "2014-06-15T15:12:58.572Z"
        },
        "pk": 170
    },
    {
        "model": "biker.biker",
        "fields": {
            "number": 22,
            "surname": "Oblak",
            "end_time": "2014-06-15T15:24:54.272Z",
            "category": 2,
            "name": "Mark",
            "domestic": true,
            "start_time": "2014-06-15T15:13:34.825Z"
        },
        "pk": 171
    },
    {
        "model": "biker.biker",
        "fields": {
            "number": 23,
            "surname": "Oblak",
            "end_time": "2014-06-15T15:26:35.471Z",
            "category": 7,
            "name": "Katja",
            "domestic": true,
            "start_time": "2014-06-15T15:14:11.696Z"
        },
        "pk": 172
    },
    {
        "model": "biker.biker",
        "fields": {
            "number": 24,
            "surname": "Tanko",
            "end_time": "2014-06-15T15:23:47.117Z",
            "category": 2,
            "name": "Toma\u017e",
            "domestic": true,
            "start_time": "2014-06-15T15:14:46.423Z"
        },
        "pk": 173
    },
    {
        "model": "biker.biker",
        "fields": {
            "number": 25,
            "surname": "\u0160kulj",
            "end_time": "2014-06-15T15:24:05.880Z",
            "category": 3,
            "name": "Janez",
            "domestic": true,
            "start_time": "2014-06-15T15:15:19.259Z"
        },
        "pk": 174
    },
    {
        "model": "biker.biker",
        "fields": {
            "number": 26,
            "surname": "Rajbar",
            "end_time": "2014-06-15T15:24:52.461Z",
            "category": 3,
            "name": "Slavko",
            "domestic": false,
            "start_time": "2014-06-15T15:15:55.858Z"
        },
        "pk": 175
    },
    {
        "model": "biker.biker",
        "fields": {
            "number": 27,
            "surname": "Peterlin",
            "end_time": "2014-06-15T15:24:39.466Z",
            "category": 3,
            "name": "Ludvik",
            "domestic": false,
            "start_time": "2014-06-15T15:16:33.197Z"
        },
        "pk": 176
    },
    {
        "model": "biker.biker",
        "fields": {
            "number": 28,
            "surname": "\u017du\u017eek",
            "end_time": "2014-06-15T15:30:32.213Z",
            "category": 5,
            "name": "Sara",
            "domestic": false,
            "start_time": "2014-06-15T15:17:10.969Z"
        },
        "pk": 177
    },
    {
        "model": "biker.biker",
        "fields": {
            "number": 29,
            "surname": "\u017du\u017eek",
            "end_time": "2014-06-15T15:33:11.375Z",
            "category": 5,
            "name": "Pia",
            "domestic": false,
            "start_time": "2014-06-15T15:17:49.641Z"
        },
        "pk": 178
    },
    {
        "model": "biker.biker",
        "fields": {
            "number": 30,
            "surname": "Brodnik",
            "end_time": "2014-06-15T15:32:02.730Z",
            "category": 5,
            "name": "Lana",
            "domestic": true,
            "start_time": "2014-06-15T15:18:29.319Z"
        },
        "pk": 179
    },
    {
        "model": "biker.biker",
        "fields": {
            "number": 31,
            "surname": "Brodnik",
            "end_time": "2014-06-15T15:29:05Z",
            "category": 2,
            "name": "Ale\u0161",
            "domestic": true,
            "start_time": "2014-06-15T15:18:59Z"
        },
        "pk": 180
    },
    {
        "model": "biker.biker",
        "fields": {
            "number": 32,
            "surname": "\u0160kulj",
            "end_time": "2014-06-15T15:33:01.773Z",
            "category": 5,
            "name": "Zala",
            "domestic": true,
            "start_time": "2014-06-15T15:19:38.569Z"
        },
        "pk": 181
    },
    {
        "model": "biker.biker",
        "fields": {
            "number": 33,
            "surname": "\u0160kulj",
            "end_time": "2014-06-15T15:28:16.753Z",
            "category": 3,
            "name": "Jo\u017ee",
            "domestic": true,
            "start_time": "2014-06-15T15:20:15.538Z"
        },
        "pk": 182
    },
    {
        "model": "biker.biker",
        "fields": {
            "number": 34,
            "surname": "Pape\u017e",
            "end_time": "2014-06-15T15:29:12.453Z",
            "category": 2,
            "name": "Rok",
            "domestic": true,
            "start_time": "2014-06-15T15:20:54.693Z"
        },
        "pk": 183
    },
    {
        "model": "biker.biker",
        "fields": {
            "number": 35,
            "surname": "Sivec",
            "end_time": "2014-06-15T15:29:32.963Z",
            "category": 2,
            "name": "Miha",
            "domestic": true,
            "start_time": "2014-06-15T15:21:30.628Z"
        },
        "pk": 184
    },
    {
        "model": "biker.biker",
        "fields": {
            "number": 36,
            "surname": "\u0160ilc",
            "end_time": "2014-06-15T15:30:11.403Z",
            "category": 3,
            "name": "Franc",
            "domestic": false,
            "start_time": "2014-06-15T15:22:07.351Z"
        },
        "pk": 185
    },
    {
        "model": "biker.biker",
        "fields": {
            "number": 37,
            "surname": "Skubic",
            "end_time": "2014-06-15T15:29:48.072Z",
            "category": 3,
            "name": "Borislav",
            "domestic": false,
            "start_time": "2014-06-15T15:22:44.443Z"
        },
        "pk": 186
    },
    {
        "model": "biker.biker",
        "fields": {
            "number": 38,
            "surname": "Zidar Zupan",
            "end_time": "2014-06-15T15:35:59.203Z",
            "category": 7,
            "name": "Alenka",
            "domestic": true,
            "start_time": "2014-06-15T15:23:23.832Z"
        },
        "pk": 187
    },
    {
        "model": "biker.biker",
        "fields": {
            "number": 60,
            "surname": "Stari\u010d",
            "end_time": "2014-06-15T15:37:50.555Z",
            "category": 9,
            "name": "Jo\u017ee",
            "domestic": true,
            "start_time": "2014-06-15T15:27:30.559Z"
        },
        "pk": 188
    },
    {
        "model": "biker.biker",
        "fields": {
            "number": 39,
            "surname": "Kri\u010dka",
            "end_time": "2014-06-15T15:31:48.051Z",
            "category": 2,
            "name": "Andrej",
            "domestic": true,
            "start_time": "2014-06-15T15:24:04.834Z"
        },
        "pk": 189
    },
    {
        "model": "biker.biker",
        "fields": {
            "number": 59,
            "surname": "Brodnik",
            "end_time": "2014-06-15T15:37:00Z",
            "category": 4,
            "name": "Tone",
            "domestic": true,
            "start_time": "2014-06-15T15:25:54Z"
        },
        "pk": 190
    },
    {
        "model": "biker.biker",
        "fields": {
            "number": 56,
            "surname": "Strnad",
            "end_time": "2014-06-15T15:38:40Z",
            "category": 1,
            "name": "Alja\u017e",
            "domestic": true,
            "start_time": "2014-06-15T15:26:34Z"
        },
        "pk": 191
    },
    {
        "model": "biker.bikerchangelog",
        "fields": {
            "change_time": "2014-06-15T13:32:17.664Z",
            "biker": 150,
            "start_time": "2014-06-15T13:32:15.164Z",
            "end_time": null
        },
        "pk": 18
    },
    {
        "model": "biker.bikerchangelog",
        "fields": {
            "change_time": "2014-06-15T13:33:05.026Z",
            "biker": 151,
            "start_time": "2014-06-15T13:33:02.322Z",
            "end_time": null
        },
        "pk": 19
    },
    {
        "model": "biker.bikerchangelog",
        "fields": {
            "change_time": "2014-06-15T13:34:08.265Z",
            "biker": 150,
            "start_time": "2014-06-15T13:34:04.365Z",
            "end_time": null
        },
        "pk": 20
    },
    {
        "model": "biker.bikerchangelog",
        "fields": {
            "change_time": "2014-06-15T13:34:35.066Z",
            "biker": 150,
            "start_time": "2014-06-15T13:34:32.772Z",
            "end_time": null
        },
        "pk": 21
    },
    {
        "model": "biker.bikerchangelog",
        "fields": {
            "change_time": "2014-06-15T15:00:54.956Z",
            "biker": 150,
            "start_time": "2014-06-15T15:00:53.575Z",
            "end_time": null
        },
        "pk": 22
    },
    {
        "model": "biker.bikerchangelog",
        "fields": {
            "change_time": "2014-06-15T15:01:30.471Z",
            "biker": 151,
            "start_time": "2014-06-15T15:01:29.285Z",
            "end_time": null
        },
        "pk": 23
    },
    {
        "model": "biker.bikerchangelog",
        "fields": {
            "change_time": "2014-06-15T15:02:07.431Z",
            "biker": 152,
            "start_time": "2014-06-15T15:02:06.216Z",
            "end_time": null
        },
        "pk": 24
    },
    {
        "model": "biker.bikerchangelog",
        "fields": {
            "change_time": "2014-06-15T15:02:43.462Z",
            "biker": 153,
            "start_time": "2014-06-15T15:02:42.367Z",
            "end_time": null
        },
        "pk": 25
    },
    {
        "model": "biker.bikerchangelog",
        "fields": {
            "change_time": "2014-06-15T15:03:19.282Z",
            "biker": 154,
            "start_time": "2014-06-15T15:03:17.950Z",
            "end_time": null
        },
        "pk": 26
    },
    {
        "model": "biker.bikerchangelog",
        "fields": {
            "change_time": "2014-06-15T15:03:53.081Z",
            "biker": 155,
            "start_time": "2014-06-15T15:03:51.971Z",
            "end_time": null
        },
        "pk": 27
    },
    {
        "model": "biker.bikerchangelog",
        "fields": {
            "change_time": "2014-06-15T15:04:28.087Z",
            "biker": 156,
            "start_time": "2014-06-15T15:04:26.480Z",
            "end_time": null
        },
        "pk": 28
    },
    {
        "model": "biker.bikerchangelog",
        "fields": {
            "change_time": "2014-06-15T15:05:02.245Z",
            "biker": 157,
            "start_time": "2014-06-15T15:05:01.198Z",
            "end_time": null
        },
        "pk": 29
    },
    {
        "model": "biker.bikerchangelog",
        "fields": {
            "change_time": "2014-06-15T15:05:37.472Z",
            "biker": 158,
            "start_time": "2014-06-15T15:05:36.335Z",
            "end_time": null
        },
        "pk": 30
    },
    {
        "model": "biker.bikerchangelog",
        "fields": {
            "change_time": "2014-06-15T15:06:11.929Z",
            "biker": 159,
            "start_time": "2014-06-15T15:06:10.493Z",
            "end_time": null
        },
        "pk": 31
    },
    {
        "model": "biker.bikerchangelog",
        "fields": {
            "change_time": "2014-06-15T15:06:46.882Z",
            "biker": 160,
            "start_time": "2014-06-15T15:06:45.948Z",
            "end_time": null
        },
        "pk": 32
    },
    {
        "model": "biker.bikerchangelog",
        "fields": {
            "change_time": "2014-06-15T15:07:22.938Z",
            "biker": 161,
            "start_time": "2014-06-15T15:07:21.815Z",
            "end_time": null
        },
        "pk": 33
    },
    {
        "model": "biker.bikerchangelog",
        "fields": {
            "change_time": "2014-06-15T15:08:01.343Z",
            "biker": 162,
            "start_time": "2014-06-15T15:07:59.914Z",
            "end_time": null
        },
        "pk": 34
    },
    {
        "model": "biker.bikerchangelog",
        "fields": {
            "change_time": "2014-06-15T15:08:30.831Z",
            "biker": 150,
            "start_time": "2014-06-15T15:00:53.575Z",
            "end_time": null
        },
        "pk": 35
    },
    {
        "model": "biker.bikerchangelog",
        "fields": {
            "change_time": "2014-06-15T15:08:30.842Z",
            "biker": 150,
            "start_time": null,
            "end_time": "2014-06-15T15:08:25.733Z"
        },
        "pk": 36
    },
    {
        "model": "biker.bikerchangelog",
        "fields": {
            "change_time": "2014-06-15T15:08:36.650Z",
            "biker": 163,
            "start_time": "2014-06-15T15:08:35.476Z",
            "end_time": null
        },
        "pk": 37
    },
    {
        "model": "biker.bikerchangelog",
        "fields": {
            "change_time": "2014-06-15T15:09:17.132Z",
            "biker": 164,
            "start_time": "2014-06-15T15:09:15.588Z",
            "end_time": null
        },
        "pk": 38
    },
    {
        "model": "biker.bikerchangelog",
        "fields": {
            "change_time": "2014-06-15T15:09:55.491Z",
            "biker": 165,
            "start_time": "2014-06-15T15:09:54.197Z",
            "end_time": null
        },
        "pk": 39
    },
    {
        "model": "biker.bikerchangelog",
        "fields": {
            "change_time": "2014-06-15T15:10:31.008Z",
            "biker": 166,
            "start_time": "2014-06-15T15:10:29.707Z",
            "end_time": null
        },
        "pk": 40
    },
    {
        "model": "biker.bikerchangelog",
        "fields": {
            "change_time": "2014-06-15T15:11:07.527Z",
            "biker": 167,
            "start_time": "2014-06-15T15:11:06.200Z",
            "end_time": null
        },
        "pk": 41
    },
    {
        "model": "biker.bikerchangelog",
        "fields": {
            "change_time": "2014-06-15T15:11:42.500Z",
            "biker": 168,
            "start_time": "2014-06-15T15:11:41.053Z",
            "end_time": null
        },
        "pk": 42
    },
    {
        "model": "biker.bikerchangelog",
        "fields": {
            "change_time": "2014-06-15T15:12:15.050Z",
            "biker": 151,
            "start_time": "2014-06-15T15:01:29.285Z",
            "end_time": null
        },
        "pk": 43
    },
    {
        "model": "biker.bikerchangelog",
        "fields": {
            "change_time": "2014-06-15T15:12:15.059Z",
            "biker": 151,
            "start_time": null,
            "end_time": "2014-06-15T15:11:39.813Z"
        },
        "pk": 44
    },
    {
        "model": "biker.bikerchangelog",
        "fields": {
            "change_time": "2014-06-15T15:12:19.068Z",
            "biker": 158,
            "start_time": "2014-06-15T15:05:36.335Z",
            "end_time": null
        },
        "pk": 45
    },
    {
        "model": "biker.bikerchangelog",
        "fields": {
            "change_time": "2014-06-15T15:12:19.077Z",
            "biker": 158,
            "start_time": null,
            "end_time": "2014-06-15T15:12:03.346Z"
        },
        "pk": 46
    },
    {
        "model": "biker.bikerchangelog",
        "fields": {
            "change_time": "2014-06-15T15:12:19.121Z",
            "biker": 169,
            "start_time": "2014-06-15T15:12:18.200Z",
            "end_time": null
        },
        "pk": 47
    },
    {
        "model": "biker.bikerchangelog",
        "fields": {
            "change_time": "2014-06-15T15:12:24.751Z",
            "biker": 157,
            "start_time": "2014-06-15T15:05:01.197Z",
            "end_time": null
        },
        "pk": 48
    },
    {
        "model": "biker.bikerchangelog",
        "fields": {
            "change_time": "2014-06-15T15:12:24.759Z",
            "biker": 157,
            "start_time": null,
            "end_time": "2014-06-15T15:12:06.460Z"
        },
        "pk": 49
    },
    {
        "model": "biker.bikerchangelog",
        "fields": {
            "change_time": "2014-06-15T15:12:44.762Z",
            "biker": 156,
            "start_time": "2014-06-15T15:04:26.480Z",
            "end_time": null
        },
        "pk": 50
    },
    {
        "model": "biker.bikerchangelog",
        "fields": {
            "change_time": "2014-06-15T15:12:44.770Z",
            "biker": 156,
            "start_time": null,
            "end_time": "2014-06-15T15:12:39.823Z"
        },
        "pk": 51
    },
    {
        "model": "biker.bikerchangelog",
        "fields": {
            "change_time": "2014-06-15T15:12:59.886Z",
            "biker": 170,
            "start_time": "2014-06-15T15:12:58.572Z",
            "end_time": null
        },
        "pk": 52
    },
    {
        "model": "biker.bikerchangelog",
        "fields": {
            "change_time": "2014-06-15T15:13:36.006Z",
            "biker": 171,
            "start_time": "2014-06-15T15:13:34.826Z",
            "end_time": null
        },
        "pk": 53
    },
    {
        "model": "biker.bikerchangelog",
        "fields": {
            "change_time": "2014-06-15T15:13:39.121Z",
            "biker": 153,
            "start_time": "2014-06-15T15:02:42.367Z",
            "end_time": null
        },
        "pk": 54
    },
    {
        "model": "biker.bikerchangelog",
        "fields": {
            "change_time": "2014-06-15T15:13:39.129Z",
            "biker": 153,
            "start_time": null,
            "end_time": "2014-06-15T15:13:35.792Z"
        },
        "pk": 55
    },
    {
        "model": "biker.bikerchangelog",
        "fields": {
            "change_time": "2014-06-15T15:14:12.621Z",
            "biker": 172,
            "start_time": "2014-06-15T15:14:11.696Z",
            "end_time": null
        },
        "pk": 56
    },
    {
        "model": "biker.bikerchangelog",
        "fields": {
            "change_time": "2014-06-15T15:14:47.528Z",
            "biker": 173,
            "start_time": "2014-06-15T15:14:46.423Z",
            "end_time": null
        },
        "pk": 57
    },
    {
        "model": "biker.bikerchangelog",
        "fields": {
            "change_time": "2014-06-15T15:15:00.735Z",
            "biker": 155,
            "start_time": "2014-06-15T15:03:51.970Z",
            "end_time": null
        },
        "pk": 58
    },
    {
        "model": "biker.bikerchangelog",
        "fields": {
            "change_time": "2014-06-15T15:15:00.744Z",
            "biker": 155,
            "start_time": null,
            "end_time": "2014-06-15T15:14:53.079Z"
        },
        "pk": 59
    },
    {
        "model": "biker.bikerchangelog",
        "fields": {
            "change_time": "2014-06-15T15:15:19.661Z",
            "biker": 154,
            "start_time": "2014-06-15T15:03:17.950Z",
            "end_time": null
        },
        "pk": 60
    },
    {
        "model": "biker.bikerchangelog",
        "fields": {
            "change_time": "2014-06-15T15:15:19.676Z",
            "biker": 154,
            "start_time": null,
            "end_time": "2014-06-15T15:15:07.559Z"
        },
        "pk": 61
    },
    {
        "model": "biker.bikerchangelog",
        "fields": {
            "change_time": "2014-06-15T15:15:20.588Z",
            "biker": 174,
            "start_time": "2014-06-15T15:15:19.259Z",
            "end_time": null
        },
        "pk": 62
    },
    {
        "model": "biker.bikerchangelog",
        "fields": {
            "change_time": "2014-06-15T15:15:29.374Z",
            "biker": 152,
            "start_time": "2014-06-15T15:02:06.216Z",
            "end_time": null
        },
        "pk": 63
    },
    {
        "model": "biker.bikerchangelog",
        "fields": {
            "change_time": "2014-06-15T15:15:29.385Z",
            "biker": 152,
            "start_time": null,
            "end_time": "2014-06-15T15:15:21.828Z"
        },
        "pk": 64
    },
    {
        "model": "biker.bikerchangelog",
        "fields": {
            "change_time": "2014-06-15T15:15:39.059Z",
            "biker": 160,
            "start_time": "2014-06-15T15:06:45.947Z",
            "end_time": null
        },
        "pk": 65
    },
    {
        "model": "biker.bikerchangelog",
        "fields": {
            "change_time": "2014-06-15T15:15:39.069Z",
            "biker": 160,
            "start_time": null,
            "end_time": "2014-06-15T15:15:29.546Z"
        },
        "pk": 66
    },
    {
        "model": "biker.bikerchangelog",
        "fields": {
            "change_time": "2014-06-15T15:15:57.185Z",
            "biker": 175,
            "start_time": "2014-06-15T15:15:55.858Z",
            "end_time": null
        },
        "pk": 67
    },
    {
        "model": "biker.bikerchangelog",
        "fields": {
            "change_time": "2014-06-15T15:16:09.230Z",
            "biker": 159,
            "start_time": "2014-06-15T15:06:10.493Z",
            "end_time": null
        },
        "pk": 68
    },
    {
        "model": "biker.bikerchangelog",
        "fields": {
            "change_time": "2014-06-15T15:16:09.241Z",
            "biker": 159,
            "start_time": null,
            "end_time": "2014-06-15T15:16:02.846Z"
        },
        "pk": 69
    },
    {
        "model": "biker.bikerchangelog",
        "fields": {
            "change_time": "2014-06-15T15:16:34.573Z",
            "biker": 176,
            "start_time": "2014-06-15T15:16:33.197Z",
            "end_time": null
        },
        "pk": 70
    },
    {
        "model": "biker.bikerchangelog",
        "fields": {
            "change_time": "2014-06-15T15:17:12.061Z",
            "biker": 177,
            "start_time": "2014-06-15T15:17:10.969Z",
            "end_time": null
        },
        "pk": 71
    },
    {
        "model": "biker.bikerchangelog",
        "fields": {
            "change_time": "2014-06-15T15:17:50.927Z",
            "biker": 178,
            "start_time": "2014-06-15T15:17:49.642Z",
            "end_time": null
        },
        "pk": 72
    },
    {
        "model": "biker.bikerchangelog",
        "fields": {
            "change_time": "2014-06-15T15:18:30.544Z",
            "biker": 179,
            "start_time": "2014-06-15T15:18:29.319Z",
            "end_time": null
        },
        "pk": 73
    },
    {
        "model": "biker.bikerchangelog",
        "fields": {
            "change_time": "2014-06-15T15:19:00.297Z",
            "biker": 180,
            "start_time": "2014-06-15T15:18:59.141Z",
            "end_time": null
        },
        "pk": 74
    },
    {
        "model": "biker.bikerchangelog",
        "fields": {
            "change_time": "2014-06-15T15:19:39.685Z",
            "biker": 181,
            "start_time": "2014-06-15T15:19:38.569Z",
            "end_time": null
        },
        "pk": 75
    },
    {
        "model": "biker.bikerchangelog",
        "fields": {
            "change_time": "2014-06-15T15:19:59.022Z",
            "biker": 170,
            "start_time": "2014-06-15T15:12:58.572Z",
            "end_time": null
        },
        "pk": 76
    },
    {
        "model": "biker.bikerchangelog",
        "fields": {
            "change_time": "2014-06-15T15:19:59.031Z",
            "biker": 170,
            "start_time": null,
            "end_time": "2014-06-15T15:19:52.125Z"
        },
        "pk": 77
    },
    {
        "model": "biker.bikerchangelog",
        "fields": {
            "change_time": "2014-06-15T15:20:11.221Z",
            "biker": 168,
            "start_time": "2014-06-15T15:11:41.052Z",
            "end_time": null
        },
        "pk": 78
    },
    {
        "model": "biker.bikerchangelog",
        "fields": {
            "change_time": "2014-06-15T15:20:11.230Z",
            "biker": 168,
            "start_time": null,
            "end_time": "2014-06-15T15:20:04.016Z"
        },
        "pk": 79
    },
    {
        "model": "biker.bikerchangelog",
        "fields": {
            "change_time": "2014-06-15T15:20:16.851Z",
            "biker": 182,
            "start_time": "2014-06-15T15:20:15.538Z",
            "end_time": null
        },
        "pk": 80
    },
    {
        "model": "biker.bikerchangelog",
        "fields": {
            "change_time": "2014-06-15T15:20:26.330Z",
            "biker": 162,
            "start_time": "2014-06-15T15:07:59.914Z",
            "end_time": null
        },
        "pk": 81
    },
    {
        "model": "biker.bikerchangelog",
        "fields": {
            "change_time": "2014-06-15T15:20:26.342Z",
            "biker": 162,
            "start_time": null,
            "end_time": "2014-06-15T15:20:22.115Z"
        },
        "pk": 82
    },
    {
        "model": "biker.bikerchangelog",
        "fields": {
            "change_time": "2014-06-15T15:20:55.817Z",
            "biker": 183,
            "start_time": "2014-06-15T15:20:54.693Z",
            "end_time": null
        },
        "pk": 83
    },
    {
        "model": "biker.bikerchangelog",
        "fields": {
            "change_time": "2014-06-15T15:20:56.190Z",
            "biker": 164,
            "start_time": "2014-06-15T15:09:15.588Z",
            "end_time": null
        },
        "pk": 84
    },
    {
        "model": "biker.bikerchangelog",
        "fields": {
            "change_time": "2014-06-15T15:20:56.199Z",
            "biker": 164,
            "start_time": null,
            "end_time": "2014-06-15T15:20:42.769Z"
        },
        "pk": 85
    },
    {
        "model": "biker.bikerchangelog",
        "fields": {
            "change_time": "2014-06-15T15:20:59.959Z",
            "biker": 169,
            "start_time": "2014-06-15T15:12:18.200Z",
            "end_time": null
        },
        "pk": 86
    },
    {
        "model": "biker.bikerchangelog",
        "fields": {
            "change_time": "2014-06-15T15:20:59.969Z",
            "biker": 169,
            "start_time": null,
            "end_time": "2014-06-15T15:20:47.308Z"
        },
        "pk": 87
    },
    {
        "model": "biker.bikerchangelog",
        "fields": {
            "change_time": "2014-06-15T15:21:31.814Z",
            "biker": 184,
            "start_time": "2014-06-15T15:21:30.628Z",
            "end_time": null
        },
        "pk": 88
    },
    {
        "model": "biker.bikerchangelog",
        "fields": {
            "change_time": "2014-06-15T15:22:08.240Z",
            "biker": 185,
            "start_time": "2014-06-15T15:22:07.351Z",
            "end_time": null
        },
        "pk": 89
    },
    {
        "model": "biker.bikerchangelog",
        "fields": {
            "change_time": "2014-06-15T15:22:37.192Z",
            "biker": 161,
            "start_time": "2014-06-15T15:07:21.815Z",
            "end_time": null
        },
        "pk": 90
    },
    {
        "model": "biker.bikerchangelog",
        "fields": {
            "change_time": "2014-06-15T15:22:37.202Z",
            "biker": 161,
            "start_time": null,
            "end_time": "2014-06-15T15:22:29.479Z"
        },
        "pk": 91
    },
    {
        "model": "biker.bikerchangelog",
        "fields": {
            "change_time": "2014-06-15T15:22:39.048Z",
            "biker": 163,
            "start_time": "2014-06-15T15:08:35.476Z",
            "end_time": null
        },
        "pk": 92
    },
    {
        "model": "biker.bikerchangelog",
        "fields": {
            "change_time": "2014-06-15T15:22:39.056Z",
            "biker": 163,
            "start_time": null,
            "end_time": "2014-06-15T15:22:30.346Z"
        },
        "pk": 93
    },
    {
        "model": "biker.bikerchangelog",
        "fields": {
            "change_time": "2014-06-15T15:22:45.555Z",
            "biker": 186,
            "start_time": "2014-06-15T15:22:44.443Z",
            "end_time": null
        },
        "pk": 94
    },
    {
        "model": "biker.bikerchangelog",
        "fields": {
            "change_time": "2014-06-15T15:22:51.503Z",
            "biker": 166,
            "start_time": "2014-06-15T15:10:29.707Z",
            "end_time": null
        },
        "pk": 95
    },
    {
        "model": "biker.bikerchangelog",
        "fields": {
            "change_time": "2014-06-15T15:22:51.512Z",
            "biker": 166,
            "start_time": null,
            "end_time": "2014-06-15T15:22:44.062Z"
        },
        "pk": 96
    },
    {
        "model": "biker.bikerchangelog",
        "fields": {
            "change_time": "2014-06-15T15:22:53.850Z",
            "biker": 167,
            "start_time": "2014-06-15T15:11:06.200Z",
            "end_time": null
        },
        "pk": 97
    },
    {
        "model": "biker.bikerchangelog",
        "fields": {
            "change_time": "2014-06-15T15:22:53.859Z",
            "biker": 167,
            "start_time": null,
            "end_time": "2014-06-15T15:22:44.280Z"
        },
        "pk": 98
    },
    {
        "model": "biker.bikerchangelog",
        "fields": {
            "change_time": "2014-06-15T15:23:24.975Z",
            "biker": 187,
            "start_time": "2014-06-15T15:23:23.832Z",
            "end_time": null
        },
        "pk": 99
    },
    {
        "model": "biker.bikerchangelog",
        "fields": {
            "change_time": "2014-06-15T15:23:59.998Z",
            "biker": 173,
            "start_time": "2014-06-15T15:14:46.423Z",
            "end_time": null
        },
        "pk": 100
    },
    {
        "model": "biker.bikerchangelog",
        "fields": {
            "change_time": "2014-06-15T15:24:00.006Z",
            "biker": 173,
            "start_time": null,
            "end_time": "2014-06-15T15:23:47.117Z"
        },
        "pk": 101
    },
    {
        "model": "biker.bikerchangelog",
        "fields": {
            "change_time": "2014-06-15T15:24:06.158Z",
            "biker": 189,
            "start_time": "2014-06-15T15:24:04.834Z",
            "end_time": null
        },
        "pk": 102
    },
    {
        "model": "biker.bikerchangelog",
        "fields": {
            "change_time": "2014-06-15T15:24:16.064Z",
            "biker": 174,
            "start_time": "2014-06-15T15:15:19.259Z",
            "end_time": null
        },
        "pk": 103
    },
    {
        "model": "biker.bikerchangelog",
        "fields": {
            "change_time": "2014-06-15T15:24:16.074Z",
            "biker": 174,
            "start_time": null,
            "end_time": "2014-06-15T15:24:05.880Z"
        },
        "pk": 104
    },
    {
        "model": "biker.bikerchangelog",
        "fields": {
            "change_time": "2014-06-15T15:24:43.828Z",
            "biker": 176,
            "start_time": "2014-06-15T15:16:33.197Z",
            "end_time": null
        },
        "pk": 105
    },
    {
        "model": "biker.bikerchangelog",
        "fields": {
            "change_time": "2014-06-15T15:24:43.838Z",
            "biker": 176,
            "start_time": null,
            "end_time": "2014-06-15T15:24:39.466Z"
        },
        "pk": 106
    },
    {
        "model": "biker.bikerchangelog",
        "fields": {
            "change_time": "2014-06-15T15:25:02.971Z",
            "biker": 175,
            "start_time": "2014-06-15T15:15:55.858Z",
            "end_time": null
        },
        "pk": 107
    },
    {
        "model": "biker.bikerchangelog",
        "fields": {
            "change_time": "2014-06-15T15:25:02.980Z",
            "biker": 175,
            "start_time": null,
            "end_time": "2014-06-15T15:24:52.461Z"
        },
        "pk": 108
    },
    {
        "model": "biker.bikerchangelog",
        "fields": {
            "change_time": "2014-06-15T15:25:04.871Z",
            "biker": 171,
            "start_time": "2014-06-15T15:13:34.825Z",
            "end_time": null
        },
        "pk": 109
    },
    {
        "model": "biker.bikerchangelog",
        "fields": {
            "change_time": "2014-06-15T15:25:04.880Z",
            "biker": 171,
            "start_time": null,
            "end_time": "2014-06-15T15:24:54.272Z"
        },
        "pk": 110
    },
    {
        "model": "biker.bikerchangelog",
        "fields": {
            "change_time": "2014-06-15T15:25:55.351Z",
            "biker": 190,
            "start_time": "2014-06-15T15:25:54.171Z",
            "end_time": null
        },
        "pk": 111
    },
    {
        "model": "biker.bikerchangelog",
        "fields": {
            "change_time": "2014-06-15T15:26:32.421Z",
            "biker": 165,
            "start_time": "2014-06-15T15:09:54.197Z",
            "end_time": null
        },
        "pk": 112
    },
    {
        "model": "biker.bikerchangelog",
        "fields": {
            "change_time": "2014-06-15T15:26:32.430Z",
            "biker": 165,
            "start_time": null,
            "end_time": "2014-06-15T15:26:28.255Z"
        },
        "pk": 113
    },
    {
        "model": "biker.bikerchangelog",
        "fields": {
            "change_time": "2014-06-15T15:26:35.858Z",
            "biker": 191,
            "start_time": "2014-06-15T15:26:34.631Z",
            "end_time": null
        },
        "pk": 114
    },
    {
        "model": "biker.bikerchangelog",
        "fields": {
            "change_time": "2014-06-15T15:26:41.773Z",
            "biker": 172,
            "start_time": "2014-06-15T15:14:11.696Z",
            "end_time": null
        },
        "pk": 115
    },
    {
        "model": "biker.bikerchangelog",
        "fields": {
            "change_time": "2014-06-15T15:26:41.782Z",
            "biker": 172,
            "start_time": null,
            "end_time": "2014-06-15T15:26:35.471Z"
        },
        "pk": 116
    },
    {
        "model": "biker.bikerchangelog",
        "fields": {
            "change_time": "2014-06-15T15:27:31.826Z",
            "biker": 188,
            "start_time": "2014-06-15T15:27:30.559Z",
            "end_time": null
        },
        "pk": 117
    },
    {
        "model": "biker.bikerchangelog",
        "fields": {
            "change_time": "2014-06-15T15:28:24.917Z",
            "biker": 182,
            "start_time": "2014-06-15T15:20:15.538Z",
            "end_time": null
        },
        "pk": 118
    },
    {
        "model": "biker.bikerchangelog",
        "fields": {
            "change_time": "2014-06-15T15:28:24.928Z",
            "biker": 182,
            "start_time": null,
            "end_time": "2014-06-15T15:28:16.753Z"
        },
        "pk": 119
    },
    {
        "model": "biker.bikerchangelog",
        "fields": {
            "change_time": "2014-06-15T15:29:35.890Z",
            "biker": 180,
            "start_time": "2014-06-15T15:18:59.141Z",
            "end_time": null
        },
        "pk": 120
    },
    {
        "model": "biker.bikerchangelog",
        "fields": {
            "change_time": "2014-06-15T15:29:35.901Z",
            "biker": 180,
            "start_time": null,
            "end_time": "2014-06-15T15:29:05.069Z"
        },
        "pk": 121
    },
    {
        "model": "biker.bikerchangelog",
        "fields": {
            "change_time": "2014-06-15T15:29:36.507Z",
            "biker": 183,
            "start_time": "2014-06-15T15:20:54.693Z",
            "end_time": null
        },
        "pk": 122
    },
    {
        "model": "biker.bikerchangelog",
        "fields": {
            "change_time": "2014-06-15T15:29:36.516Z",
            "biker": 183,
            "start_time": null,
            "end_time": "2014-06-15T15:29:12.453Z"
        },
        "pk": 123
    },
    {
        "model": "biker.bikerchangelog",
        "fields": {
            "change_time": "2014-06-15T15:29:38.423Z",
            "biker": 184,
            "start_time": "2014-06-15T15:21:30.628Z",
            "end_time": null
        },
        "pk": 124
    },
    {
        "model": "biker.bikerchangelog",
        "fields": {
            "change_time": "2014-06-15T15:29:38.431Z",
            "biker": 184,
            "start_time": null,
            "end_time": "2014-06-15T15:29:32.963Z"
        },
        "pk": 125
    },
    {
        "model": "biker.bikerchangelog",
        "fields": {
            "change_time": "2014-06-15T15:29:58.063Z",
            "biker": 186,
            "start_time": "2014-06-15T15:22:44.443Z",
            "end_time": null
        },
        "pk": 126
    },
    {
        "model": "biker.bikerchangelog",
        "fields": {
            "change_time": "2014-06-15T15:29:58.072Z",
            "biker": 186,
            "start_time": null,
            "end_time": "2014-06-15T15:29:48.072Z"
        },
        "pk": 127
    },
    {
        "model": "biker.bikerchangelog",
        "fields": {
            "change_time": "2014-06-15T15:30:15.750Z",
            "biker": 185,
            "start_time": "2014-06-15T15:22:07.351Z",
            "end_time": null
        },
        "pk": 128
    },
    {
        "model": "biker.bikerchangelog",
        "fields": {
            "change_time": "2014-06-15T15:30:15.761Z",
            "biker": 185,
            "start_time": null,
            "end_time": "2014-06-15T15:30:11.403Z"
        },
        "pk": 129
    },
    {
        "model": "biker.bikerchangelog",
        "fields": {
            "change_time": "2014-06-15T15:30:35.534Z",
            "biker": 177,
            "start_time": "2014-06-15T15:17:10.969Z",
            "end_time": null
        },
        "pk": 130
    },
    {
        "model": "biker.bikerchangelog",
        "fields": {
            "change_time": "2014-06-15T15:30:35.557Z",
            "biker": 177,
            "start_time": null,
            "end_time": "2014-06-15T15:30:32.213Z"
        },
        "pk": 131
    },
    {
        "model": "biker.bikerchangelog",
        "fields": {
            "change_time": "2014-06-15T15:31:57.075Z",
            "biker": 189,
            "start_time": "2014-06-15T15:24:04.834Z",
            "end_time": null
        },
        "pk": 132
    },
    {
        "model": "biker.bikerchangelog",
        "fields": {
            "change_time": "2014-06-15T15:31:57.083Z",
            "biker": 189,
            "start_time": null,
            "end_time": "2014-06-15T15:31:48.051Z"
        },
        "pk": 133
    },
    {
        "model": "biker.bikerchangelog",
        "fields": {
            "change_time": "2014-06-15T15:32:09.822Z",
            "biker": 179,
            "start_time": "2014-06-15T15:18:29.319Z",
            "end_time": null
        },
        "pk": 134
    },
    {
        "model": "biker.bikerchangelog",
        "fields": {
            "change_time": "2014-06-15T15:32:09.835Z",
            "biker": 179,
            "start_time": null,
            "end_time": "2014-06-15T15:32:02.730Z"
        },
        "pk": 135
    },
    {
        "model": "biker.bikerchangelog",
        "fields": {
            "change_time": "2014-06-15T15:33:05.416Z",
            "biker": 181,
            "start_time": "2014-06-15T15:19:38.569Z",
            "end_time": null
        },
        "pk": 136
    },
    {
        "model": "biker.bikerchangelog",
        "fields": {
            "change_time": "2014-06-15T15:33:05.429Z",
            "biker": 181,
            "start_time": null,
            "end_time": "2014-06-15T15:33:01.773Z"
        },
        "pk": 137
    },
    {
        "model": "biker.bikerchangelog",
        "fields": {
            "change_time": "2014-06-15T15:33:14.073Z",
            "biker": 178,
            "start_time": "2014-06-15T15:17:49.641Z",
            "end_time": null
        },
        "pk": 138
    },
    {
        "model": "biker.bikerchangelog",
        "fields": {
            "change_time": "2014-06-15T15:33:14.082Z",
            "biker": 178,
            "start_time": null,
            "end_time": "2014-06-15T15:33:11.375Z"
        },
        "pk": 139
    },
    {
        "model": "biker.bikerchangelog",
        "fields": {
            "change_time": "2014-06-15T15:36:03.233Z",
            "biker": 187,
            "start_time": "2014-06-15T15:23:23.832Z",
            "end_time": null
        },
        "pk": 140
    },
    {
        "model": "biker.bikerchangelog",
        "fields": {
            "change_time": "2014-06-15T15:36:03.242Z",
            "biker": 187,
            "start_time": null,
            "end_time": "2014-06-15T15:35:59.203Z"
        },
        "pk": 141
    },
    {
        "model": "biker.bikerchangelog",
        "fields": {
            "change_time": "2014-06-15T15:37:03.188Z",
            "biker": 190,
            "start_time": "2014-06-15T15:25:54.171Z",
            "end_time": null
        },
        "pk": 142
    },
    {
        "model": "biker.bikerchangelog",
        "fields": {
            "change_time": "2014-06-15T15:37:03.196Z",
            "biker": 190,
            "start_time": null,
            "end_time": "2014-06-15T15:37:00.141Z"
        },
        "pk": 143
    },
    {
        "model": "biker.bikerchangelog",
        "fields": {
            "change_time": "2014-06-15T15:37:54.690Z",
            "biker": 188,
            "start_time": "2014-06-15T15:27:30.559Z",
            "end_time": null
        },
        "pk": 144
    },
    {
        "model": "biker.bikerchangelog",
        "fields": {
            "change_time": "2014-06-15T15:37:54.698Z",
            "biker": 188,
            "start_time": null,
            "end_time": "2014-06-15T15:37:50.555Z"
        },
        "pk": 145
    },
    {
        "model": "biker.bikerchangelog",
        "fields": {
            "change_time": "2014-06-15T15:38:43.465Z",
            "biker": 191,
            "start_time": "2014-06-15T15:26:34.631Z",
            "end_time": null
        },
        "pk": 146
    },
    {
        "model": "biker.bikerchangelog",
        "fields": {
            "change_time": "2014-06-15T15:38:43.475Z",
            "biker": 191,
            "start_time": null,
            "end_time": "2014-06-15T15:38:40.480Z"
        },
        "pk": 147
    }
]
