[
  {
    "model": "biker.category",
    "pk": 25,
    "fields": {
      "name": "Pred\u0161olski",
      "gender": "Pred\u0161olski"
    }
  },
  {
    "model": "biker.category",
    "pk": 26,
    "fields": {
      "name": "u\u010denci - 1. triada",
      "gender": "u\u010denci O\u0160"
    }
  },
  {
    "model": "biker.category",
    "pk": 27,
    "fields": {
      "name": "u\u010denci - 2. triada",
      "gender": "u\u010denci O\u0160"
    }
  },
  {
    "model": "biker.category",
    "pk": 28,
    "fields": {
      "name": "u\u010denci - 3. triada",
      "gender": "u\u010denci O\u0160"
    }
  },
  {
    "model": "biker.category",
    "pk": 29,
    "fields": {
      "name": "u\u010denke - 1. triada",
      "gender": "u\u010denke O\u0160"
    }
  },
  {
    "model": "biker.category",
    "pk": 30,
    "fields": {
      "name": "u\u010denke - 2. triada",
      "gender": "u\u010denke O\u0160"
    }
  },
  {
    "model": "biker.category",
    "pk": 31,
    "fields": {
      "name": "u\u010denke - 3. triada",
      "gender": "u\u010denke O\u0160"
    }
  },
  {
    "model": "biker.category",
    "pk": 32,
    "fields": {
      "name": "dekleta do 35 let",
      "gender": "dekleta do 35 let"
    }
  },
  {
    "model": "biker.category",
    "pk": 33,
    "fields": {
      "name": "dekleta nad 35 let",
      "gender": "dekleta nad 35 let"
    }
  },
  {
    "model": "biker.category",
    "pk": 34,
    "fields": {
      "name": "fantje do 40",
      "gender": "fantje do 40"
    }
  },
  {
    "model": "biker.category",
    "pk": 35,
    "fields": {
      "name": "fantje 40 do 60",
      "gender": "fantje 40 do 60"
    }
  },
  {
    "model": "biker.category",
    "pk": 36,
    "fields": {
      "name": "fantje nad 60",
      "gender": "fantje nad 60"
    }
  },
  {
    "model": "biker.category",
    "pk": 37,
    "fields": {
      "name": "dvojice",
      "gender": "dvojice"
    }
  },
  {
    "model": "biker.biker",
    "pk": 141,
    "fields": {
      "number": 1,
      "name": "Du\u0161an",
      "surname": "Gradi\u0161ar",
      "category": 35,
      "birth_year": 1965,
      "domestic": true,
      "start_time": "2017-06-18T14:58:45.985Z",
      "end_time": "2017-06-18T15:10:15.471Z"
    }
  },
  {
    "model": "biker.biker",
    "pk": 142,
    "fields": {
      "number": 2,
      "name": "\u010crt",
      "surname": "Gradi\u0161ar",
      "category": 27,
      "birth_year": 2005,
      "domestic": true,
      "start_time": "2017-06-18T14:59:13.858Z",
      "end_time": "2017-06-18T15:11:13.001Z"
    }
  },
  {
    "model": "biker.biker",
    "pk": 143,
    "fields": {
      "number": 3,
      "name": "Ne\u017ea",
      "surname": "Gradi\u0161ar",
      "category": 30,
      "birth_year": 2007,
      "domestic": true,
      "start_time": "2017-06-18T14:59:40.597Z",
      "end_time": "2017-06-18T15:12:41.023Z"
    }
  },
  {
    "model": "biker.biker",
    "pk": 144,
    "fields": {
      "number": 4,
      "name": "Sonja",
      "surname": "Ilovar Gradi\u0161ar",
      "category": 33,
      "birth_year": 1972,
      "domestic": true,
      "start_time": "2017-06-18T15:00:08.485Z",
      "end_time": "2017-06-18T15:11:59.069Z"
    }
  },
  {
    "model": "biker.biker",
    "pk": 145,
    "fields": {
      "number": 5,
      "name": "\u017dak",
      "surname": "Gradi\u0161ar",
      "category": 28,
      "birth_year": 2004,
      "domestic": true,
      "start_time": "2017-06-18T15:00:36.099Z",
      "end_time": "2017-06-18T15:11:40.799Z"
    }
  },
  {
    "model": "biker.biker",
    "pk": 146,
    "fields": {
      "number": 6,
      "name": "Miha",
      "surname": "Lavri\u010d",
      "category": 34,
      "birth_year": 1993,
      "domestic": true,
      "start_time": "2017-06-18T15:01:31.857Z",
      "end_time": "2017-06-18T15:08:52.830Z"
    }
  },
  {
    "model": "biker.biker",
    "pk": 147,
    "fields": {
      "number": 7,
      "name": "Rok",
      "surname": "Lavri\u010d",
      "category": 34,
      "birth_year": 1992,
      "domestic": true,
      "start_time": "2017-06-18T15:02:03.618Z",
      "end_time": "2017-06-18T15:09:26.996Z"
    }
  },
  {
    "model": "biker.biker",
    "pk": 148,
    "fields": {
      "number": 8,
      "name": "Janina",
      "surname": "Tom\u0161i\u010d",
      "category": 30,
      "birth_year": 2007,
      "domestic": true,
      "start_time": "2017-06-18T15:02:30.234Z",
      "end_time": "2017-06-18T15:18:55.902Z"
    }
  },
  {
    "model": "biker.biker",
    "pk": 149,
    "fields": {
      "number": 9,
      "name": "Nada",
      "surname": "Tom\u0161i\u010d",
      "category": 33,
      "birth_year": 1978,
      "domestic": true,
      "start_time": "2017-06-18T15:02:56.098Z",
      "end_time": "2017-06-18T15:18:57.224Z"
    }
  },
  {
    "model": "biker.biker",
    "pk": 150,
    "fields": {
      "number": 10,
      "name": "Ga\u0161per",
      "surname": "Ivanc",
      "category": 27,
      "birth_year": 2007,
      "domestic": true,
      "start_time": "2017-06-18T15:03:23Z",
      "end_time": "2017-06-18T15:15:44Z"
    }
  },
  {
    "model": "biker.biker",
    "pk": 151,
    "fields": {
      "number": 11,
      "name": "\u0160pela",
      "surname": "Ivanc",
      "category": 30,
      "birth_year": 2005,
      "domestic": true,
      "start_time": "2017-06-18T15:03:51.869Z",
      "end_time": "2017-06-18T15:15:21.035Z"
    }
  },
  {
    "model": "biker.biker",
    "pk": 152,
    "fields": {
      "number": 12,
      "name": "Janez",
      "surname": "Ivanc",
      "category": 35,
      "birth_year": 1974,
      "domestic": true,
      "start_time": "2017-06-18T15:04:20.224Z",
      "end_time": "2017-06-18T15:15:25.244Z"
    }
  },
  {
    "model": "biker.biker",
    "pk": 153,
    "fields": {
      "number": 13,
      "name": "Erazem",
      "surname": "Adami\u010d",
      "category": 27,
      "birth_year": 2007,
      "domestic": true,
      "start_time": "2017-06-18T15:04:49.476Z",
      "end_time": "2017-06-18T15:17:02.103Z"
    }
  },
  {
    "model": "biker.biker",
    "pk": 154,
    "fields": {
      "number": 14,
      "name": "Tinkara",
      "surname": "Adami\u010d",
      "category": 25,
      "birth_year": 2012,
      "domestic": true,
      "start_time": "2017-06-18T15:05:20.486Z",
      "end_time": "2017-06-18T15:23:02.666Z"
    }
  },
  {
    "model": "biker.biker",
    "pk": 155,
    "fields": {
      "number": 15,
      "name": "Janja",
      "surname": "Samsa",
      "category": 33,
      "birth_year": 1976,
      "domestic": true,
      "start_time": "2017-06-18T15:05:49.869Z",
      "end_time": "2017-06-18T15:18:23.236Z"
    }
  },
  {
    "model": "biker.biker",
    "pk": 156,
    "fields": {
      "number": 16,
      "name": "Neli",
      "surname": "Cimperman",
      "category": 30,
      "birth_year": 2007,
      "domestic": true,
      "start_time": "2017-06-18T15:06:18.860Z",
      "end_time": "2017-06-18T15:21:37.665Z"
    }
  },
  {
    "model": "biker.biker",
    "pk": 157,
    "fields": {
      "number": 17,
      "name": "Tilen",
      "surname": "Cimperman",
      "category": 26,
      "birth_year": 2009,
      "domestic": true,
      "start_time": "2017-06-18T15:06:47.984Z",
      "end_time": "2017-06-18T15:22:01.604Z"
    }
  },
  {
    "model": "biker.biker",
    "pk": 158,
    "fields": {
      "number": 18,
      "name": "Jadranka",
      "surname": "Matija\u0161ec",
      "category": 33,
      "birth_year": 1977,
      "domestic": true,
      "start_time": "2017-06-18T15:07:17.361Z",
      "end_time": "2017-06-18T15:22:02.336Z"
    }
  },
  {
    "model": "biker.biker",
    "pk": 159,
    "fields": {
      "number": 19,
      "name": "Lenart",
      "surname": "Adami\u010d",
      "category": 28,
      "birth_year": 2004,
      "domestic": true,
      "start_time": "2017-06-18T15:07:46.245Z",
      "end_time": "2017-06-18T15:18:35.532Z"
    }
  },
  {
    "model": "biker.biker",
    "pk": 160,
    "fields": {
      "number": 20,
      "name": "Miha",
      "surname": "Kaplan",
      "category": 28,
      "birth_year": 2004,
      "domestic": true,
      "start_time": "2017-06-18T15:08:15.600Z",
      "end_time": "2017-06-18T15:23:21.273Z"
    }
  },
  {
    "model": "biker.biker",
    "pk": 161,
    "fields": {
      "number": 21,
      "name": "Jakob",
      "surname": "Spindler",
      "category": 28,
      "birth_year": 2004,
      "domestic": true,
      "start_time": "2017-06-18T15:08:44.339Z",
      "end_time": "2017-06-18T15:22:49.060Z"
    }
  },
  {
    "model": "biker.biker",
    "pk": 162,
    "fields": {
      "number": 22,
      "name": "\u017diga",
      "surname": "Vilhar",
      "category": 28,
      "birth_year": 2003,
      "domestic": true,
      "start_time": "2017-06-18T15:09:15.361Z",
      "end_time": "2017-06-18T15:18:29.573Z"
    }
  },
  {
    "model": "biker.biker",
    "pk": 163,
    "fields": {
      "number": 23,
      "name": "\u017dan",
      "surname": "Debeljak",
      "category": 28,
      "birth_year": 2003,
      "domestic": true,
      "start_time": "2017-06-18T15:09:43.611Z",
      "end_time": "2017-06-18T15:20:06.319Z"
    }
  },
  {
    "model": "biker.biker",
    "pk": 164,
    "fields": {
      "number": 24,
      "name": "Vid",
      "surname": "Kova\u010di\u010d",
      "category": 28,
      "birth_year": 2004,
      "domestic": true,
      "start_time": "2017-06-18T15:10:12.227Z",
      "end_time": "2017-06-18T15:20:44.279Z"
    }
  },
  {
    "model": "biker.biker",
    "pk": 165,
    "fields": {
      "number": 25,
      "name": "An\u017ee",
      "surname": "\u0160eme",
      "category": 28,
      "birth_year": 2004,
      "domestic": true,
      "start_time": "2017-06-18T15:10:40.236Z",
      "end_time": "2017-06-18T15:20:37.916Z"
    }
  },
  {
    "model": "biker.biker",
    "pk": 166,
    "fields": {
      "number": 26,
      "name": "Ga\u0161per",
      "surname": "Gradi\u0161ar",
      "category": 26,
      "birth_year": 2008,
      "domestic": true,
      "start_time": "2017-06-18T15:11:09.126Z",
      "end_time": "2017-06-18T15:23:07.973Z"
    }
  },
  {
    "model": "biker.biker",
    "pk": 167,
    "fields": {
      "number": 27,
      "name": "Marko",
      "surname": "\u0160kulj",
      "category": 34,
      "birth_year": 1989,
      "domestic": true,
      "start_time": "2017-06-18T15:11:37.727Z",
      "end_time": "2017-06-18T15:22:12.556Z"
    }
  },
  {
    "model": "biker.biker",
    "pk": 168,
    "fields": {
      "number": 28,
      "name": "Franci",
      "surname": "Zakraj\u0161ek",
      "category": 35,
      "birth_year": 1974,
      "domestic": true,
      "start_time": "2017-06-18T15:12:07.101Z",
      "end_time": "2017-06-18T15:21:46.011Z"
    }
  },
  {
    "model": "biker.biker",
    "pk": 169,
    "fields": {
      "number": 29,
      "name": "\u010crtomir",
      "surname": "Vilhar",
      "category": 35,
      "birth_year": 1959,
      "domestic": true,
      "start_time": "2017-06-18T15:12:36.748Z",
      "end_time": "2017-06-18T15:22:25.755Z"
    }
  },
  {
    "model": "biker.biker",
    "pk": 170,
    "fields": {
      "number": 30,
      "name": "Luka",
      "surname": "Ponikvar",
      "category": 27,
      "birth_year": 2006,
      "domestic": true,
      "start_time": "2017-06-18T15:13:06.236Z",
      "end_time": "2017-06-18T15:27:07.742Z"
    }
  },
  {
    "model": "biker.biker",
    "pk": 171,
    "fields": {
      "number": 31,
      "name": "Franci",
      "surname": "Pajek",
      "category": 35,
      "birth_year": 1969,
      "domestic": false,
      "start_time": "2017-06-18T15:13:36.875Z",
      "end_time": "2017-06-18T15:21:34.737Z"
    }
  },
  {
    "model": "biker.biker",
    "pk": 172,
    "fields": {
      "number": 32,
      "name": "Marta",
      "surname": "Pajek",
      "category": 33,
      "birth_year": 1970,
      "domestic": false,
      "start_time": "2017-06-18T15:14:06.633Z",
      "end_time": "2017-06-18T15:24:00.668Z"
    }
  },
  {
    "model": "biker.biker",
    "pk": 173,
    "fields": {
      "number": 33,
      "name": "Alenka",
      "surname": "Milavec",
      "category": 33,
      "birth_year": 1971,
      "domestic": true,
      "start_time": "2017-06-18T15:14:35.622Z",
      "end_time": "2017-06-18T15:26:41.565Z"
    }
  },
  {
    "model": "biker.biker",
    "pk": 174,
    "fields": {
      "number": 34,
      "name": "Gorazd",
      "surname": "Milavec",
      "category": 35,
      "birth_year": 1966,
      "domestic": true,
      "start_time": "2017-06-18T15:15:04.623Z",
      "end_time": "2017-06-18T15:24:19.680Z"
    }
  },
  {
    "model": "biker.biker",
    "pk": 175,
    "fields": {
      "number": 35,
      "name": "Nik",
      "surname": "Zajc",
      "category": 27,
      "birth_year": 2007,
      "domestic": true,
      "start_time": "2017-06-18T15:15:32Z",
      "end_time": "2017-06-18T15:32:12Z"
    }
  },
  {
    "model": "biker.biker",
    "pk": 176,
    "fields": {
      "number": 36,
      "name": "Matej",
      "surname": "Zajc",
      "category": 27,
      "birth_year": 2005,
      "domestic": false,
      "start_time": "2017-06-18T15:16:02Z",
      "end_time": "2017-06-18T15:29:41Z"
    }
  },
  {
    "model": "biker.biker",
    "pk": 177,
    "fields": {
      "number": 37,
      "name": "Nastja",
      "surname": "Horvat",
      "category": 31,
      "birth_year": 2003,
      "domestic": true,
      "start_time": "2017-06-18T15:16:30.103Z",
      "end_time": "2017-06-18T15:31:25.363Z"
    }
  },
  {
    "model": "biker.biker",
    "pk": 178,
    "fields": {
      "number": 38,
      "name": "Miha",
      "surname": "Zupani\u010d",
      "category": 27,
      "birth_year": 2006,
      "domestic": true,
      "start_time": "2017-06-18T15:16:58.117Z",
      "end_time": "2017-06-18T15:30:30.423Z"
    }
  },
  {
    "model": "biker.biker",
    "pk": 179,
    "fields": {
      "number": 39,
      "name": "An\u017ee",
      "surname": "Cukrov",
      "category": 27,
      "birth_year": 2007,
      "domestic": true,
      "start_time": "2017-06-18T15:17:26.982Z",
      "end_time": "2017-06-18T15:33:10.573Z"
    }
  },
  {
    "model": "biker.biker",
    "pk": 180,
    "fields": {
      "number": 40,
      "name": "Petra",
      "surname": "Ho\u010devar",
      "category": 33,
      "birth_year": 1978,
      "domestic": true,
      "start_time": "2017-06-18T15:17:55.503Z",
      "end_time": "2017-06-18T15:29:27.995Z"
    }
  },
  {
    "model": "biker.biker",
    "pk": 181,
    "fields": {
      "number": 41,
      "name": "Tom",
      "surname": "Ho\u010devar",
      "category": 27,
      "birth_year": 2007,
      "domestic": true,
      "start_time": "2017-06-18T15:18:23.606Z",
      "end_time": "2017-06-18T15:32:20.744Z"
    }
  },
  {
    "model": "biker.biker",
    "pk": 182,
    "fields": {
      "number": 42,
      "name": "Matej",
      "surname": "Hren",
      "category": 35,
      "birth_year": 1966,
      "domestic": true,
      "start_time": "2017-06-18T15:18:51.354Z",
      "end_time": "2017-06-18T15:28:43.569Z"
    }
  },
  {
    "model": "biker.biker",
    "pk": 183,
    "fields": {
      "number": 43,
      "name": "Alen",
      "surname": "Zgonc",
      "category": 27,
      "birth_year": 2006,
      "domestic": true,
      "start_time": "2017-06-18T15:19:19.864Z",
      "end_time": "2017-06-18T15:32:15.474Z"
    }
  },
  {
    "model": "biker.biker",
    "pk": 184,
    "fields": {
      "number": 44,
      "name": "A\u017ebe",
      "surname": "Gradi\u0161ar",
      "category": 27,
      "birth_year": 2006,
      "domestic": true,
      "start_time": "2017-06-18T15:19:50.877Z",
      "end_time": "2017-06-18T15:31:21.608Z"
    }
  },
  {
    "model": "biker.biker",
    "pk": 185,
    "fields": {
      "number": 45,
      "name": "Ale\u0161",
      "surname": "Grosar",
      "category": 34,
      "birth_year": 1979,
      "domestic": false,
      "start_time": "2017-06-18T15:20:19.239Z",
      "end_time": "2017-06-18T15:28:10.892Z"
    }
  },
  {
    "model": "biker.biker",
    "pk": 186,
    "fields": {
      "number": 46,
      "name": "Nika",
      "surname": "Maren\u010de",
      "category": 32,
      "birth_year": 1991,
      "domestic": true,
      "start_time": "2017-06-18T15:20:48.232Z",
      "end_time": "2017-06-18T15:29:54.294Z"
    }
  },
  {
    "model": "biker.biker",
    "pk": 187,
    "fields": {
      "number": 47,
      "name": "Jon",
      "surname": "Tepej Pe\u010dnik",
      "category": 25,
      "birth_year": 2011,
      "domestic": true,
      "start_time": "2017-06-18T15:21:17.743Z",
      "end_time": "2017-06-18T15:42:52.496Z"
    }
  },
  {
    "model": "biker.biker",
    "pk": 188,
    "fields": {
      "number": 48,
      "name": "Filip",
      "surname": "Stari\u010d",
      "category": 25,
      "birth_year": 2011,
      "domestic": true,
      "start_time": "2017-06-18T15:21:47.115Z",
      "end_time": "2017-06-18T15:36:40.503Z"
    }
  },
  {
    "model": "biker.biker",
    "pk": 189,
    "fields": {
      "number": 49,
      "name": "Jo\u017ee",
      "surname": "Stari\u010d",
      "category": 35,
      "birth_year": 1965,
      "domestic": true,
      "start_time": "2017-06-18T15:22:16.116Z",
      "end_time": "2017-06-18T15:42:54.516Z"
    }
  },
  {
    "model": "biker.biker",
    "pk": 190,
    "fields": {
      "number": 50,
      "name": "Bojan",
      "surname": "Novak",
      "category": 34,
      "birth_year": 1977,
      "domestic": false,
      "start_time": "2017-06-18T15:22:44.239Z",
      "end_time": "2017-06-18T15:33:02.957Z"
    }
  },
  {
    "model": "biker.biker",
    "pk": 191,
    "fields": {
      "number": 51,
      "name": "Anton",
      "surname": "Selan",
      "category": 35,
      "birth_year": 1960,
      "domestic": true,
      "start_time": "2017-06-18T15:23:13.354Z",
      "end_time": "2017-06-18T15:34:24.385Z"
    }
  },
  {
    "model": "biker.biker",
    "pk": 192,
    "fields": {
      "number": 52,
      "name": "Anton",
      "surname": "Debeljak",
      "category": 35,
      "birth_year": null,
      "domestic": true,
      "start_time": "2017-06-18T15:23:41.479Z",
      "end_time": "2017-06-18T15:33:26.363Z"
    }
  },
  {
    "model": "biker.biker",
    "pk": 193,
    "fields": {
      "number": 53,
      "name": "Mimica",
      "surname": "Debeljak",
      "category": 33,
      "birth_year": 1975,
      "domestic": true,
      "start_time": "2017-06-18T15:24:10.606Z",
      "end_time": "2017-06-18T15:34:17.718Z"
    }
  },
  {
    "model": "biker.biker",
    "pk": 194,
    "fields": {
      "number": 54,
      "name": "Natalija",
      "surname": "Debeljak",
      "category": 32,
      "birth_year": 2000,
      "domestic": true,
      "start_time": "2017-06-18T15:24:39.876Z",
      "end_time": "2017-06-18T15:34:50.496Z"
    }
  },
  {
    "model": "biker.biker",
    "pk": 195,
    "fields": {
      "number": 55,
      "name": "Miha in Matija",
      "surname": "\u0160trukelj",
      "category": 37,
      "birth_year": 1974,
      "domestic": true,
      "start_time": "2017-06-18T15:25:08.858Z",
      "end_time": "2017-06-18T15:38:32.302Z"
    }
  },
  {
    "model": "biker.biker",
    "pk": 196,
    "fields": {
      "number": 56,
      "name": "Maja",
      "surname": "\u0160trukelj",
      "category": 30,
      "birth_year": 2007,
      "domestic": true,
      "start_time": "2017-06-18T15:25:38.106Z",
      "end_time": "2017-06-18T15:41:41.204Z"
    }
  },
  {
    "model": "biker.biker",
    "pk": 197,
    "fields": {
      "number": 57,
      "name": "Martina",
      "surname": "Jug",
      "category": 33,
      "birth_year": 1978,
      "domestic": true,
      "start_time": "2017-06-18T15:26:06.616Z",
      "end_time": "2017-06-18T15:38:25.081Z"
    }
  },
  {
    "model": "biker.biker",
    "pk": 198,
    "fields": {
      "number": 58,
      "name": "Alenka",
      "surname": "Zidar Zupan",
      "category": 33,
      "birth_year": null,
      "domestic": true,
      "start_time": "2017-06-18T15:28:26.378Z",
      "end_time": "2017-06-18T15:39:57.810Z"
    }
  },
  {
    "model": "biker.biker",
    "pk": 199,
    "fields": {
      "number": 59,
      "name": "Sebastjan",
      "surname": "Zidar",
      "category": 28,
      "birth_year": null,
      "domestic": true,
      "start_time": "2017-06-18T15:26:40.743Z",
      "end_time": "2017-06-18T15:40:05.136Z"
    }
  },
  {
    "model": "biker.biker",
    "pk": 200,
    "fields": {
      "number": 60,
      "name": "Toma\u017e",
      "surname": "Tanko",
      "category": 34,
      "birth_year": null,
      "domestic": true,
      "start_time": "2017-06-18T15:27:14.241Z",
      "end_time": "2017-06-18T15:36:29.134Z"
    }
  },
  {
    "model": "biker.biker",
    "pk": 201,
    "fields": {
      "number": 61,
      "name": "Jo\u017ee",
      "surname": "Ivanc",
      "category": 35,
      "birth_year": 1974,
      "domestic": true,
      "start_time": "2017-06-18T15:27:49.982Z",
      "end_time": "2017-06-18T15:36:37.481Z"
    }
  },
  {
    "model": "biker.biker",
    "pk": 202,
    "fields": {
      "number": 62,
      "name": "Izak",
      "surname": "Centa",
      "category": 25,
      "birth_year": null,
      "domestic": false,
      "start_time": "2017-06-18T15:29:27.751Z",
      "end_time": null
    }
  },
  {
    "model": "biker.bikerchangelog",
    "pk": 429,
    "fields": {
      "biker": 141,
      "change_time": "2017-06-18T14:56:30.192Z",
      "start_time": "2017-06-18T14:56:28.988Z",
      "end_time": null
    }
  },
  {
    "model": "biker.bikerchangelog",
    "pk": 430,
    "fields": {
      "biker": 141,
      "change_time": "2017-06-18T14:56:58.486Z",
      "start_time": "2017-06-18T14:56:56.290Z",
      "end_time": null
    }
  },
  {
    "model": "biker.bikerchangelog",
    "pk": 431,
    "fields": {
      "biker": 142,
      "change_time": "2017-06-18T14:57:24.767Z",
      "start_time": "2017-06-18T14:57:23.473Z",
      "end_time": null
    }
  },
  {
    "model": "biker.bikerchangelog",
    "pk": 432,
    "fields": {
      "biker": 141,
      "change_time": "2017-06-18T14:58:47.511Z",
      "start_time": "2017-06-18T14:58:45.985Z",
      "end_time": null
    }
  },
  {
    "model": "biker.bikerchangelog",
    "pk": 433,
    "fields": {
      "biker": 142,
      "change_time": "2017-06-18T14:59:15.110Z",
      "start_time": "2017-06-18T14:59:13.858Z",
      "end_time": null
    }
  },
  {
    "model": "biker.bikerchangelog",
    "pk": 434,
    "fields": {
      "biker": 143,
      "change_time": "2017-06-18T14:59:41.824Z",
      "start_time": "2017-06-18T14:59:40.597Z",
      "end_time": null
    }
  },
  {
    "model": "biker.bikerchangelog",
    "pk": 435,
    "fields": {
      "biker": 144,
      "change_time": "2017-06-18T15:00:09.922Z",
      "start_time": "2017-06-18T15:00:08.485Z",
      "end_time": null
    }
  },
  {
    "model": "biker.bikerchangelog",
    "pk": 436,
    "fields": {
      "biker": 145,
      "change_time": "2017-06-18T15:00:37.399Z",
      "start_time": "2017-06-18T15:00:36.099Z",
      "end_time": null
    }
  },
  {
    "model": "biker.bikerchangelog",
    "pk": 437,
    "fields": {
      "biker": 146,
      "change_time": "2017-06-18T15:01:33.666Z",
      "start_time": "2017-06-18T15:01:31.857Z",
      "end_time": null
    }
  },
  {
    "model": "biker.bikerchangelog",
    "pk": 438,
    "fields": {
      "biker": 147,
      "change_time": "2017-06-18T15:02:04.738Z",
      "start_time": "2017-06-18T15:02:03.618Z",
      "end_time": null
    }
  },
  {
    "model": "biker.bikerchangelog",
    "pk": 439,
    "fields": {
      "biker": 148,
      "change_time": "2017-06-18T15:02:31.510Z",
      "start_time": "2017-06-18T15:02:30.234Z",
      "end_time": null
    }
  },
  {
    "model": "biker.bikerchangelog",
    "pk": 440,
    "fields": {
      "biker": 149,
      "change_time": "2017-06-18T15:02:57.748Z",
      "start_time": "2017-06-18T15:02:56.098Z",
      "end_time": null
    }
  },
  {
    "model": "biker.bikerchangelog",
    "pk": 441,
    "fields": {
      "biker": 150,
      "change_time": "2017-06-18T15:03:25.067Z",
      "start_time": "2017-06-18T15:03:23.860Z",
      "end_time": null
    }
  },
  {
    "model": "biker.bikerchangelog",
    "pk": 442,
    "fields": {
      "biker": 151,
      "change_time": "2017-06-18T15:03:53.407Z",
      "start_time": "2017-06-18T15:03:51.869Z",
      "end_time": null
    }
  },
  {
    "model": "biker.bikerchangelog",
    "pk": 443,
    "fields": {
      "biker": 152,
      "change_time": "2017-06-18T15:04:21.315Z",
      "start_time": "2017-06-18T15:04:20.224Z",
      "end_time": null
    }
  },
  {
    "model": "biker.bikerchangelog",
    "pk": 444,
    "fields": {
      "biker": 153,
      "change_time": "2017-06-18T15:04:50.689Z",
      "start_time": "2017-06-18T15:04:49.476Z",
      "end_time": null
    }
  },
  {
    "model": "biker.bikerchangelog",
    "pk": 445,
    "fields": {
      "biker": 154,
      "change_time": "2017-06-18T15:05:21.719Z",
      "start_time": "2017-06-18T15:05:20.486Z",
      "end_time": null
    }
  },
  {
    "model": "biker.bikerchangelog",
    "pk": 446,
    "fields": {
      "biker": 155,
      "change_time": "2017-06-18T15:05:51.100Z",
      "start_time": "2017-06-18T15:05:49.869Z",
      "end_time": null
    }
  },
  {
    "model": "biker.bikerchangelog",
    "pk": 447,
    "fields": {
      "biker": 156,
      "change_time": "2017-06-18T15:06:20.090Z",
      "start_time": "2017-06-18T15:06:18.860Z",
      "end_time": null
    }
  },
  {
    "model": "biker.bikerchangelog",
    "pk": 448,
    "fields": {
      "biker": 157,
      "change_time": "2017-06-18T15:06:49.310Z",
      "start_time": "2017-06-18T15:06:47.984Z",
      "end_time": null
    }
  },
  {
    "model": "biker.bikerchangelog",
    "pk": 449,
    "fields": {
      "biker": 158,
      "change_time": "2017-06-18T15:07:18.548Z",
      "start_time": "2017-06-18T15:07:17.361Z",
      "end_time": null
    }
  },
  {
    "model": "biker.bikerchangelog",
    "pk": 450,
    "fields": {
      "biker": 159,
      "change_time": "2017-06-18T15:07:47.412Z",
      "start_time": "2017-06-18T15:07:46.245Z",
      "end_time": null
    }
  },
  {
    "model": "biker.bikerchangelog",
    "pk": 451,
    "fields": {
      "biker": 160,
      "change_time": "2017-06-18T15:08:16.898Z",
      "start_time": "2017-06-18T15:08:15.600Z",
      "end_time": null
    }
  },
  {
    "model": "biker.bikerchangelog",
    "pk": 452,
    "fields": {
      "biker": 161,
      "change_time": "2017-06-18T15:08:45.551Z",
      "start_time": "2017-06-18T15:08:44.339Z",
      "end_time": null
    }
  },
  {
    "model": "biker.bikerchangelog",
    "pk": 453,
    "fields": {
      "biker": 162,
      "change_time": "2017-06-18T15:09:16.542Z",
      "start_time": "2017-06-18T15:09:15.361Z",
      "end_time": null
    }
  },
  {
    "model": "biker.bikerchangelog",
    "pk": 454,
    "fields": {
      "biker": 146,
      "change_time": "2017-06-18T15:09:29.192Z",
      "start_time": "2017-06-18T15:01:31.857Z",
      "end_time": null
    }
  },
  {
    "model": "biker.bikerchangelog",
    "pk": 455,
    "fields": {
      "biker": 146,
      "change_time": "2017-06-18T15:09:29.201Z",
      "start_time": null,
      "end_time": "2017-06-18T15:08:52.830Z"
    }
  },
  {
    "model": "biker.bikerchangelog",
    "pk": 456,
    "fields": {
      "biker": 163,
      "change_time": "2017-06-18T15:09:45.246Z",
      "start_time": "2017-06-18T15:09:43.611Z",
      "end_time": null
    }
  },
  {
    "model": "biker.bikerchangelog",
    "pk": 457,
    "fields": {
      "biker": 147,
      "change_time": "2017-06-18T15:09:47.228Z",
      "start_time": "2017-06-18T15:02:03.618Z",
      "end_time": null
    }
  },
  {
    "model": "biker.bikerchangelog",
    "pk": 458,
    "fields": {
      "biker": 147,
      "change_time": "2017-06-18T15:09:47.243Z",
      "start_time": null,
      "end_time": "2017-06-18T15:09:26.996Z"
    }
  },
  {
    "model": "biker.bikerchangelog",
    "pk": 459,
    "fields": {
      "biker": 164,
      "change_time": "2017-06-18T15:10:13.497Z",
      "start_time": "2017-06-18T15:10:12.227Z",
      "end_time": null
    }
  },
  {
    "model": "biker.bikerchangelog",
    "pk": 460,
    "fields": {
      "biker": 141,
      "change_time": "2017-06-18T15:10:18.820Z",
      "start_time": "2017-06-18T14:58:45.985Z",
      "end_time": null
    }
  },
  {
    "model": "biker.bikerchangelog",
    "pk": 461,
    "fields": {
      "biker": 141,
      "change_time": "2017-06-18T15:10:18.829Z",
      "start_time": null,
      "end_time": "2017-06-18T15:10:15.471Z"
    }
  },
  {
    "model": "biker.bikerchangelog",
    "pk": 462,
    "fields": {
      "biker": 165,
      "change_time": "2017-06-18T15:10:41.692Z",
      "start_time": "2017-06-18T15:10:40.236Z",
      "end_time": null
    }
  },
  {
    "model": "biker.bikerchangelog",
    "pk": 463,
    "fields": {
      "biker": 166,
      "change_time": "2017-06-18T15:11:10.254Z",
      "start_time": "2017-06-18T15:11:09.126Z",
      "end_time": null
    }
  },
  {
    "model": "biker.bikerchangelog",
    "pk": 464,
    "fields": {
      "biker": 142,
      "change_time": "2017-06-18T15:11:15.909Z",
      "start_time": "2017-06-18T14:59:13.858Z",
      "end_time": null
    }
  },
  {
    "model": "biker.bikerchangelog",
    "pk": 465,
    "fields": {
      "biker": 142,
      "change_time": "2017-06-18T15:11:15.916Z",
      "start_time": null,
      "end_time": "2017-06-18T15:11:13.001Z"
    }
  },
  {
    "model": "biker.bikerchangelog",
    "pk": 466,
    "fields": {
      "biker": 167,
      "change_time": "2017-06-18T15:11:38.921Z",
      "start_time": "2017-06-18T15:11:37.727Z",
      "end_time": null
    }
  },
  {
    "model": "biker.bikerchangelog",
    "pk": 467,
    "fields": {
      "biker": 145,
      "change_time": "2017-06-18T15:11:46.664Z",
      "start_time": "2017-06-18T15:00:36.099Z",
      "end_time": null
    }
  },
  {
    "model": "biker.bikerchangelog",
    "pk": 468,
    "fields": {
      "biker": 145,
      "change_time": "2017-06-18T15:11:46.680Z",
      "start_time": null,
      "end_time": "2017-06-18T15:11:40.799Z"
    }
  },
  {
    "model": "biker.bikerchangelog",
    "pk": 469,
    "fields": {
      "biker": 144,
      "change_time": "2017-06-18T15:12:01.753Z",
      "start_time": "2017-06-18T15:00:08.485Z",
      "end_time": null
    }
  },
  {
    "model": "biker.bikerchangelog",
    "pk": 470,
    "fields": {
      "biker": 144,
      "change_time": "2017-06-18T15:12:01.769Z",
      "start_time": null,
      "end_time": "2017-06-18T15:11:59.069Z"
    }
  },
  {
    "model": "biker.bikerchangelog",
    "pk": 471,
    "fields": {
      "biker": 168,
      "change_time": "2017-06-18T15:12:08.381Z",
      "start_time": "2017-06-18T15:12:07.101Z",
      "end_time": null
    }
  },
  {
    "model": "biker.bikerchangelog",
    "pk": 472,
    "fields": {
      "biker": 169,
      "change_time": "2017-06-18T15:12:38.065Z",
      "start_time": "2017-06-18T15:12:36.748Z",
      "end_time": null
    }
  },
  {
    "model": "biker.bikerchangelog",
    "pk": 473,
    "fields": {
      "biker": 143,
      "change_time": "2017-06-18T15:12:43.595Z",
      "start_time": "2017-06-18T14:59:40.597Z",
      "end_time": null
    }
  },
  {
    "model": "biker.bikerchangelog",
    "pk": 474,
    "fields": {
      "biker": 143,
      "change_time": "2017-06-18T15:12:43.603Z",
      "start_time": null,
      "end_time": "2017-06-18T15:12:41.023Z"
    }
  },
  {
    "model": "biker.bikerchangelog",
    "pk": 475,
    "fields": {
      "biker": 170,
      "change_time": "2017-06-18T15:13:07.659Z",
      "start_time": "2017-06-18T15:13:06.236Z",
      "end_time": null
    }
  },
  {
    "model": "biker.bikerchangelog",
    "pk": 476,
    "fields": {
      "biker": 171,
      "change_time": "2017-06-18T15:13:38.109Z",
      "start_time": "2017-06-18T15:13:36.875Z",
      "end_time": null
    }
  },
  {
    "model": "biker.bikerchangelog",
    "pk": 477,
    "fields": {
      "biker": 172,
      "change_time": "2017-06-18T15:14:08.027Z",
      "start_time": "2017-06-18T15:14:06.633Z",
      "end_time": null
    }
  },
  {
    "model": "biker.bikerchangelog",
    "pk": 478,
    "fields": {
      "biker": 173,
      "change_time": "2017-06-18T15:14:36.773Z",
      "start_time": "2017-06-18T15:14:35.622Z",
      "end_time": null
    }
  },
  {
    "model": "biker.bikerchangelog",
    "pk": 479,
    "fields": {
      "biker": 174,
      "change_time": "2017-06-18T15:15:05.777Z",
      "start_time": "2017-06-18T15:15:04.623Z",
      "end_time": null
    }
  },
  {
    "model": "biker.bikerchangelog",
    "pk": 480,
    "fields": {
      "biker": 151,
      "change_time": "2017-06-18T15:15:32.207Z",
      "start_time": "2017-06-18T15:03:51.869Z",
      "end_time": null
    }
  },
  {
    "model": "biker.bikerchangelog",
    "pk": 481,
    "fields": {
      "biker": 151,
      "change_time": "2017-06-18T15:15:32.222Z",
      "start_time": null,
      "end_time": "2017-06-18T15:15:21.035Z"
    }
  },
  {
    "model": "biker.bikerchangelog",
    "pk": 482,
    "fields": {
      "biker": 175,
      "change_time": "2017-06-18T15:15:33.951Z",
      "start_time": "2017-06-18T15:15:32.615Z",
      "end_time": null
    }
  },
  {
    "model": "biker.bikerchangelog",
    "pk": 483,
    "fields": {
      "biker": 152,
      "change_time": "2017-06-18T15:15:39.978Z",
      "start_time": "2017-06-18T15:04:20.224Z",
      "end_time": null
    }
  },
  {
    "model": "biker.bikerchangelog",
    "pk": 484,
    "fields": {
      "biker": 152,
      "change_time": "2017-06-18T15:15:39.987Z",
      "start_time": null,
      "end_time": "2017-06-18T15:15:25.244Z"
    }
  },
  {
    "model": "biker.bikerchangelog",
    "pk": 485,
    "fields": {
      "biker": 150,
      "change_time": "2017-06-18T15:15:46.694Z",
      "start_time": "2017-06-18T15:03:23.860Z",
      "end_time": null
    }
  },
  {
    "model": "biker.bikerchangelog",
    "pk": 486,
    "fields": {
      "biker": 150,
      "change_time": "2017-06-18T15:15:46.713Z",
      "start_time": null,
      "end_time": "2017-06-18T15:15:44.585Z"
    }
  },
  {
    "model": "biker.bikerchangelog",
    "pk": 487,
    "fields": {
      "biker": 176,
      "change_time": "2017-06-18T15:16:03.609Z",
      "start_time": "2017-06-18T15:16:02.364Z",
      "end_time": null
    }
  },
  {
    "model": "biker.bikerchangelog",
    "pk": 488,
    "fields": {
      "biker": 177,
      "change_time": "2017-06-18T15:16:31.388Z",
      "start_time": "2017-06-18T15:16:30.103Z",
      "end_time": null
    }
  },
  {
    "model": "biker.bikerchangelog",
    "pk": 489,
    "fields": {
      "biker": 178,
      "change_time": "2017-06-18T15:16:59.306Z",
      "start_time": "2017-06-18T15:16:58.117Z",
      "end_time": null
    }
  },
  {
    "model": "biker.bikerchangelog",
    "pk": 490,
    "fields": {
      "biker": 153,
      "change_time": "2017-06-18T15:17:04.196Z",
      "start_time": "2017-06-18T15:04:49.476Z",
      "end_time": null
    }
  },
  {
    "model": "biker.bikerchangelog",
    "pk": 491,
    "fields": {
      "biker": 153,
      "change_time": "2017-06-18T15:17:04.207Z",
      "start_time": null,
      "end_time": "2017-06-18T15:17:02.103Z"
    }
  },
  {
    "model": "biker.bikerchangelog",
    "pk": 492,
    "fields": {
      "biker": 179,
      "change_time": "2017-06-18T15:17:28.291Z",
      "start_time": "2017-06-18T15:17:26.982Z",
      "end_time": null
    }
  },
  {
    "model": "biker.bikerchangelog",
    "pk": 493,
    "fields": {
      "biker": 180,
      "change_time": "2017-06-18T15:17:56.888Z",
      "start_time": "2017-06-18T15:17:55.503Z",
      "end_time": null
    }
  },
  {
    "model": "biker.bikerchangelog",
    "pk": 494,
    "fields": {
      "biker": 181,
      "change_time": "2017-06-18T15:18:24.926Z",
      "start_time": "2017-06-18T15:18:23.606Z",
      "end_time": null
    }
  },
  {
    "model": "biker.bikerchangelog",
    "pk": 495,
    "fields": {
      "biker": 155,
      "change_time": "2017-06-18T15:18:42.485Z",
      "start_time": "2017-06-18T15:05:49.869Z",
      "end_time": null
    }
  },
  {
    "model": "biker.bikerchangelog",
    "pk": 496,
    "fields": {
      "biker": 155,
      "change_time": "2017-06-18T15:18:42.493Z",
      "start_time": null,
      "end_time": "2017-06-18T15:18:23.236Z"
    }
  },
  {
    "model": "biker.bikerchangelog",
    "pk": 497,
    "fields": {
      "biker": 159,
      "change_time": "2017-06-18T15:18:45.675Z",
      "start_time": "2017-06-18T15:07:46.245Z",
      "end_time": null
    }
  },
  {
    "model": "biker.bikerchangelog",
    "pk": 498,
    "fields": {
      "biker": 159,
      "change_time": "2017-06-18T15:18:45.685Z",
      "start_time": null,
      "end_time": "2017-06-18T15:18:35.532Z"
    }
  },
  {
    "model": "biker.bikerchangelog",
    "pk": 499,
    "fields": {
      "biker": 162,
      "change_time": "2017-06-18T15:18:45.948Z",
      "start_time": "2017-06-18T15:09:15.361Z",
      "end_time": null
    }
  },
  {
    "model": "biker.bikerchangelog",
    "pk": 500,
    "fields": {
      "biker": 162,
      "change_time": "2017-06-18T15:18:45.958Z",
      "start_time": null,
      "end_time": "2017-06-18T15:18:29.573Z"
    }
  },
  {
    "model": "biker.bikerchangelog",
    "pk": 501,
    "fields": {
      "biker": 182,
      "change_time": "2017-06-18T15:18:52.581Z",
      "start_time": "2017-06-18T15:18:51.354Z",
      "end_time": null
    }
  },
  {
    "model": "biker.bikerchangelog",
    "pk": 502,
    "fields": {
      "biker": 148,
      "change_time": "2017-06-18T15:19:02.234Z",
      "start_time": "2017-06-18T15:02:30.234Z",
      "end_time": null
    }
  },
  {
    "model": "biker.bikerchangelog",
    "pk": 503,
    "fields": {
      "biker": 148,
      "change_time": "2017-06-18T15:19:02.249Z",
      "start_time": null,
      "end_time": "2017-06-18T15:18:55.902Z"
    }
  },
  {
    "model": "biker.bikerchangelog",
    "pk": 504,
    "fields": {
      "biker": 149,
      "change_time": "2017-06-18T15:19:03.649Z",
      "start_time": "2017-06-18T15:02:56.098Z",
      "end_time": null
    }
  },
  {
    "model": "biker.bikerchangelog",
    "pk": 505,
    "fields": {
      "biker": 149,
      "change_time": "2017-06-18T15:19:03.658Z",
      "start_time": null,
      "end_time": "2017-06-18T15:18:57.224Z"
    }
  },
  {
    "model": "biker.bikerchangelog",
    "pk": 506,
    "fields": {
      "biker": 183,
      "change_time": "2017-06-18T15:19:21.123Z",
      "start_time": "2017-06-18T15:19:19.864Z",
      "end_time": null
    }
  },
  {
    "model": "biker.bikerchangelog",
    "pk": 507,
    "fields": {
      "biker": 184,
      "change_time": "2017-06-18T15:19:52.427Z",
      "start_time": "2017-06-18T15:19:50.877Z",
      "end_time": null
    }
  },
  {
    "model": "biker.bikerchangelog",
    "pk": 508,
    "fields": {
      "biker": 163,
      "change_time": "2017-06-18T15:20:08.660Z",
      "start_time": "2017-06-18T15:09:43.611Z",
      "end_time": null
    }
  },
  {
    "model": "biker.bikerchangelog",
    "pk": 509,
    "fields": {
      "biker": 163,
      "change_time": "2017-06-18T15:20:08.669Z",
      "start_time": null,
      "end_time": "2017-06-18T15:20:06.319Z"
    }
  },
  {
    "model": "biker.bikerchangelog",
    "pk": 510,
    "fields": {
      "biker": 185,
      "change_time": "2017-06-18T15:20:21.272Z",
      "start_time": "2017-06-18T15:20:19.239Z",
      "end_time": null
    }
  },
  {
    "model": "biker.bikerchangelog",
    "pk": 511,
    "fields": {
      "biker": 165,
      "change_time": "2017-06-18T15:20:48.695Z",
      "start_time": "2017-06-18T15:10:40.236Z",
      "end_time": null
    }
  },
  {
    "model": "biker.bikerchangelog",
    "pk": 512,
    "fields": {
      "biker": 165,
      "change_time": "2017-06-18T15:20:48.705Z",
      "start_time": null,
      "end_time": "2017-06-18T15:20:37.916Z"
    }
  },
  {
    "model": "biker.bikerchangelog",
    "pk": 513,
    "fields": {
      "biker": 186,
      "change_time": "2017-06-18T15:20:49.471Z",
      "start_time": "2017-06-18T15:20:48.232Z",
      "end_time": null
    }
  },
  {
    "model": "biker.bikerchangelog",
    "pk": 514,
    "fields": {
      "biker": 164,
      "change_time": "2017-06-18T15:20:50.054Z",
      "start_time": "2017-06-18T15:10:12.227Z",
      "end_time": null
    }
  },
  {
    "model": "biker.bikerchangelog",
    "pk": 515,
    "fields": {
      "biker": 164,
      "change_time": "2017-06-18T15:20:50.075Z",
      "start_time": null,
      "end_time": "2017-06-18T15:20:44.279Z"
    }
  },
  {
    "model": "biker.bikerchangelog",
    "pk": 516,
    "fields": {
      "biker": 187,
      "change_time": "2017-06-18T15:21:19.024Z",
      "start_time": "2017-06-18T15:21:17.743Z",
      "end_time": null
    }
  },
  {
    "model": "biker.bikerchangelog",
    "pk": 517,
    "fields": {
      "biker": 188,
      "change_time": "2017-06-18T15:21:48.383Z",
      "start_time": "2017-06-18T15:21:47.115Z",
      "end_time": null
    }
  },
  {
    "model": "biker.bikerchangelog",
    "pk": 518,
    "fields": {
      "biker": 171,
      "change_time": "2017-06-18T15:21:56.196Z",
      "start_time": "2017-06-18T15:13:36.875Z",
      "end_time": null
    }
  },
  {
    "model": "biker.bikerchangelog",
    "pk": 519,
    "fields": {
      "biker": 171,
      "change_time": "2017-06-18T15:21:56.205Z",
      "start_time": null,
      "end_time": "2017-06-18T15:21:34.737Z"
    }
  },
  {
    "model": "biker.bikerchangelog",
    "pk": 520,
    "fields": {
      "biker": 156,
      "change_time": "2017-06-18T15:21:57.559Z",
      "start_time": "2017-06-18T15:06:18.860Z",
      "end_time": null
    }
  },
  {
    "model": "biker.bikerchangelog",
    "pk": 521,
    "fields": {
      "biker": 156,
      "change_time": "2017-06-18T15:21:57.568Z",
      "start_time": null,
      "end_time": "2017-06-18T15:21:37.665Z"
    }
  },
  {
    "model": "biker.bikerchangelog",
    "pk": 522,
    "fields": {
      "biker": 168,
      "change_time": "2017-06-18T15:22:05.004Z",
      "start_time": "2017-06-18T15:12:07.101Z",
      "end_time": null
    }
  },
  {
    "model": "biker.bikerchangelog",
    "pk": 523,
    "fields": {
      "biker": 168,
      "change_time": "2017-06-18T15:22:05.012Z",
      "start_time": null,
      "end_time": "2017-06-18T15:21:46.011Z"
    }
  },
  {
    "model": "biker.bikerchangelog",
    "pk": 524,
    "fields": {
      "biker": 189,
      "change_time": "2017-06-18T15:22:17.213Z",
      "start_time": "2017-06-18T15:22:16.116Z",
      "end_time": null
    }
  },
  {
    "model": "biker.bikerchangelog",
    "pk": 525,
    "fields": {
      "biker": 157,
      "change_time": "2017-06-18T15:22:18.354Z",
      "start_time": "2017-06-18T15:06:47.984Z",
      "end_time": null
    }
  },
  {
    "model": "biker.bikerchangelog",
    "pk": 526,
    "fields": {
      "biker": 157,
      "change_time": "2017-06-18T15:22:18.364Z",
      "start_time": null,
      "end_time": "2017-06-18T15:22:01.604Z"
    }
  },
  {
    "model": "biker.bikerchangelog",
    "pk": 527,
    "fields": {
      "biker": 158,
      "change_time": "2017-06-18T15:22:19.637Z",
      "start_time": "2017-06-18T15:07:17.361Z",
      "end_time": null
    }
  },
  {
    "model": "biker.bikerchangelog",
    "pk": 528,
    "fields": {
      "biker": 158,
      "change_time": "2017-06-18T15:22:19.647Z",
      "start_time": null,
      "end_time": "2017-06-18T15:22:02.336Z"
    }
  },
  {
    "model": "biker.bikerchangelog",
    "pk": 529,
    "fields": {
      "biker": 167,
      "change_time": "2017-06-18T15:22:23.201Z",
      "start_time": "2017-06-18T15:11:37.727Z",
      "end_time": null
    }
  },
  {
    "model": "biker.bikerchangelog",
    "pk": 530,
    "fields": {
      "biker": 167,
      "change_time": "2017-06-18T15:22:23.210Z",
      "start_time": null,
      "end_time": "2017-06-18T15:22:12.556Z"
    }
  },
  {
    "model": "biker.bikerchangelog",
    "pk": 531,
    "fields": {
      "biker": 169,
      "change_time": "2017-06-18T15:22:30.097Z",
      "start_time": "2017-06-18T15:12:36.748Z",
      "end_time": null
    }
  },
  {
    "model": "biker.bikerchangelog",
    "pk": 532,
    "fields": {
      "biker": 169,
      "change_time": "2017-06-18T15:22:30.106Z",
      "start_time": null,
      "end_time": "2017-06-18T15:22:25.755Z"
    }
  },
  {
    "model": "biker.bikerchangelog",
    "pk": 533,
    "fields": {
      "biker": 190,
      "change_time": "2017-06-18T15:22:45.519Z",
      "start_time": "2017-06-18T15:22:44.239Z",
      "end_time": null
    }
  },
  {
    "model": "biker.bikerchangelog",
    "pk": 534,
    "fields": {
      "biker": 161,
      "change_time": "2017-06-18T15:22:51.237Z",
      "start_time": "2017-06-18T15:08:44.339Z",
      "end_time": null
    }
  },
  {
    "model": "biker.bikerchangelog",
    "pk": 535,
    "fields": {
      "biker": 161,
      "change_time": "2017-06-18T15:22:51.246Z",
      "start_time": null,
      "end_time": "2017-06-18T15:22:49.060Z"
    }
  },
  {
    "model": "biker.bikerchangelog",
    "pk": 536,
    "fields": {
      "biker": 154,
      "change_time": "2017-06-18T15:23:11.183Z",
      "start_time": "2017-06-18T15:05:20.486Z",
      "end_time": null
    }
  },
  {
    "model": "biker.bikerchangelog",
    "pk": 537,
    "fields": {
      "biker": 154,
      "change_time": "2017-06-18T15:23:11.202Z",
      "start_time": null,
      "end_time": "2017-06-18T15:23:02.666Z"
    }
  },
  {
    "model": "biker.bikerchangelog",
    "pk": 538,
    "fields": {
      "biker": 191,
      "change_time": "2017-06-18T15:23:14.520Z",
      "start_time": "2017-06-18T15:23:13.354Z",
      "end_time": null
    }
  },
  {
    "model": "biker.bikerchangelog",
    "pk": 539,
    "fields": {
      "biker": 166,
      "change_time": "2017-06-18T15:23:16.974Z",
      "start_time": "2017-06-18T15:11:09.126Z",
      "end_time": null
    }
  },
  {
    "model": "biker.bikerchangelog",
    "pk": 540,
    "fields": {
      "biker": 166,
      "change_time": "2017-06-18T15:23:16.982Z",
      "start_time": null,
      "end_time": "2017-06-18T15:23:07.973Z"
    }
  },
  {
    "model": "biker.bikerchangelog",
    "pk": 541,
    "fields": {
      "biker": 160,
      "change_time": "2017-06-18T15:23:24.244Z",
      "start_time": "2017-06-18T15:08:15.600Z",
      "end_time": null
    }
  },
  {
    "model": "biker.bikerchangelog",
    "pk": 542,
    "fields": {
      "biker": 160,
      "change_time": "2017-06-18T15:23:24.252Z",
      "start_time": null,
      "end_time": "2017-06-18T15:23:21.273Z"
    }
  },
  {
    "model": "biker.bikerchangelog",
    "pk": 543,
    "fields": {
      "biker": 192,
      "change_time": "2017-06-18T15:23:42.827Z",
      "start_time": "2017-06-18T15:23:41.479Z",
      "end_time": null
    }
  },
  {
    "model": "biker.bikerchangelog",
    "pk": 544,
    "fields": {
      "biker": 172,
      "change_time": "2017-06-18T15:24:04.499Z",
      "start_time": "2017-06-18T15:14:06.633Z",
      "end_time": null
    }
  },
  {
    "model": "biker.bikerchangelog",
    "pk": 545,
    "fields": {
      "biker": 172,
      "change_time": "2017-06-18T15:24:04.507Z",
      "start_time": null,
      "end_time": "2017-06-18T15:24:00.668Z"
    }
  },
  {
    "model": "biker.bikerchangelog",
    "pk": 546,
    "fields": {
      "biker": 193,
      "change_time": "2017-06-18T15:24:11.759Z",
      "start_time": "2017-06-18T15:24:10.606Z",
      "end_time": null
    }
  },
  {
    "model": "biker.bikerchangelog",
    "pk": 547,
    "fields": {
      "biker": 174,
      "change_time": "2017-06-18T15:24:22.097Z",
      "start_time": "2017-06-18T15:15:04.623Z",
      "end_time": null
    }
  },
  {
    "model": "biker.bikerchangelog",
    "pk": 548,
    "fields": {
      "biker": 174,
      "change_time": "2017-06-18T15:24:22.106Z",
      "start_time": null,
      "end_time": "2017-06-18T15:24:19.680Z"
    }
  },
  {
    "model": "biker.bikerchangelog",
    "pk": 549,
    "fields": {
      "biker": 194,
      "change_time": "2017-06-18T15:24:41.122Z",
      "start_time": "2017-06-18T15:24:39.876Z",
      "end_time": null
    }
  },
  {
    "model": "biker.bikerchangelog",
    "pk": 550,
    "fields": {
      "biker": 195,
      "change_time": "2017-06-18T15:25:10.027Z",
      "start_time": "2017-06-18T15:25:08.858Z",
      "end_time": null
    }
  },
  {
    "model": "biker.bikerchangelog",
    "pk": 551,
    "fields": {
      "biker": 196,
      "change_time": "2017-06-18T15:25:39.226Z",
      "start_time": "2017-06-18T15:25:38.106Z",
      "end_time": null
    }
  },
  {
    "model": "biker.bikerchangelog",
    "pk": 552,
    "fields": {
      "biker": 197,
      "change_time": "2017-06-18T15:26:07.948Z",
      "start_time": "2017-06-18T15:26:06.616Z",
      "end_time": null
    }
  },
  {
    "model": "biker.bikerchangelog",
    "pk": 553,
    "fields": {
      "biker": 199,
      "change_time": "2017-06-18T15:26:41.954Z",
      "start_time": "2017-06-18T15:26:40.743Z",
      "end_time": null
    }
  },
  {
    "model": "biker.bikerchangelog",
    "pk": 554,
    "fields": {
      "biker": 173,
      "change_time": "2017-06-18T15:26:45.871Z",
      "start_time": "2017-06-18T15:14:35.622Z",
      "end_time": null
    }
  },
  {
    "model": "biker.bikerchangelog",
    "pk": 555,
    "fields": {
      "biker": 173,
      "change_time": "2017-06-18T15:26:45.879Z",
      "start_time": null,
      "end_time": "2017-06-18T15:26:41.565Z"
    }
  },
  {
    "model": "biker.bikerchangelog",
    "pk": 556,
    "fields": {
      "biker": 170,
      "change_time": "2017-06-18T15:27:10.073Z",
      "start_time": "2017-06-18T15:13:06.236Z",
      "end_time": null
    }
  },
  {
    "model": "biker.bikerchangelog",
    "pk": 557,
    "fields": {
      "biker": 170,
      "change_time": "2017-06-18T15:27:10.081Z",
      "start_time": null,
      "end_time": "2017-06-18T15:27:07.742Z"
    }
  },
  {
    "model": "biker.bikerchangelog",
    "pk": 558,
    "fields": {
      "biker": 200,
      "change_time": "2017-06-18T15:27:15.592Z",
      "start_time": "2017-06-18T15:27:14.241Z",
      "end_time": null
    }
  },
  {
    "model": "biker.bikerchangelog",
    "pk": 559,
    "fields": {
      "biker": 201,
      "change_time": "2017-06-18T15:27:51.385Z",
      "start_time": "2017-06-18T15:27:49.982Z",
      "end_time": null
    }
  },
  {
    "model": "biker.bikerchangelog",
    "pk": 560,
    "fields": {
      "biker": 185,
      "change_time": "2017-06-18T15:28:17.505Z",
      "start_time": "2017-06-18T15:20:19.239Z",
      "end_time": null
    }
  },
  {
    "model": "biker.bikerchangelog",
    "pk": 561,
    "fields": {
      "biker": 185,
      "change_time": "2017-06-18T15:28:17.513Z",
      "start_time": null,
      "end_time": "2017-06-18T15:28:10.892Z"
    }
  },
  {
    "model": "biker.bikerchangelog",
    "pk": 562,
    "fields": {
      "biker": 198,
      "change_time": "2017-06-18T15:28:27.783Z",
      "start_time": "2017-06-18T15:28:26.378Z",
      "end_time": null
    }
  },
  {
    "model": "biker.bikerchangelog",
    "pk": 563,
    "fields": {
      "biker": 182,
      "change_time": "2017-06-18T15:28:45.835Z",
      "start_time": "2017-06-18T15:18:51.354Z",
      "end_time": null
    }
  },
  {
    "model": "biker.bikerchangelog",
    "pk": 564,
    "fields": {
      "biker": 182,
      "change_time": "2017-06-18T15:28:45.843Z",
      "start_time": null,
      "end_time": "2017-06-18T15:28:43.569Z"
    }
  },
  {
    "model": "biker.bikerchangelog",
    "pk": 565,
    "fields": {
      "biker": 202,
      "change_time": "2017-06-18T15:29:29.017Z",
      "start_time": "2017-06-18T15:29:27.751Z",
      "end_time": null
    }
  },
  {
    "model": "biker.bikerchangelog",
    "pk": 566,
    "fields": {
      "biker": 180,
      "change_time": "2017-06-18T15:29:57.429Z",
      "start_time": "2017-06-18T15:17:55.503Z",
      "end_time": null
    }
  },
  {
    "model": "biker.bikerchangelog",
    "pk": 567,
    "fields": {
      "biker": 180,
      "change_time": "2017-06-18T15:29:57.437Z",
      "start_time": null,
      "end_time": "2017-06-18T15:29:27.995Z"
    }
  },
  {
    "model": "biker.bikerchangelog",
    "pk": 568,
    "fields": {
      "biker": 176,
      "change_time": "2017-06-18T15:30:00.582Z",
      "start_time": "2017-06-18T15:16:02.364Z",
      "end_time": null
    }
  },
  {
    "model": "biker.bikerchangelog",
    "pk": 569,
    "fields": {
      "biker": 176,
      "change_time": "2017-06-18T15:30:00.590Z",
      "start_time": null,
      "end_time": "2017-06-18T15:29:41.296Z"
    }
  },
  {
    "model": "biker.bikerchangelog",
    "pk": 570,
    "fields": {
      "biker": 186,
      "change_time": "2017-06-18T15:30:00.881Z",
      "start_time": "2017-06-18T15:20:48.232Z",
      "end_time": null
    }
  },
  {
    "model": "biker.bikerchangelog",
    "pk": 571,
    "fields": {
      "biker": 186,
      "change_time": "2017-06-18T15:30:00.890Z",
      "start_time": null,
      "end_time": "2017-06-18T15:29:54.294Z"
    }
  },
  {
    "model": "biker.bikerchangelog",
    "pk": 572,
    "fields": {
      "biker": 178,
      "change_time": "2017-06-18T15:30:34.527Z",
      "start_time": "2017-06-18T15:16:58.117Z",
      "end_time": null
    }
  },
  {
    "model": "biker.bikerchangelog",
    "pk": 573,
    "fields": {
      "biker": 178,
      "change_time": "2017-06-18T15:30:34.536Z",
      "start_time": null,
      "end_time": "2017-06-18T15:30:30.423Z"
    }
  },
  {
    "model": "biker.bikerchangelog",
    "pk": 574,
    "fields": {
      "biker": 184,
      "change_time": "2017-06-18T15:31:30.044Z",
      "start_time": "2017-06-18T15:19:50.877Z",
      "end_time": null
    }
  },
  {
    "model": "biker.bikerchangelog",
    "pk": 575,
    "fields": {
      "biker": 184,
      "change_time": "2017-06-18T15:31:30.065Z",
      "start_time": null,
      "end_time": "2017-06-18T15:31:21.608Z"
    }
  },
  {
    "model": "biker.bikerchangelog",
    "pk": 576,
    "fields": {
      "biker": 177,
      "change_time": "2017-06-18T15:32:07.803Z",
      "start_time": "2017-06-18T15:16:30.103Z",
      "end_time": null
    }
  },
  {
    "model": "biker.bikerchangelog",
    "pk": 577,
    "fields": {
      "biker": 177,
      "change_time": "2017-06-18T15:32:07.813Z",
      "start_time": null,
      "end_time": "2017-06-18T15:31:25.363Z"
    }
  },
  {
    "model": "biker.bikerchangelog",
    "pk": 578,
    "fields": {
      "biker": 175,
      "change_time": "2017-06-18T15:32:24.884Z",
      "start_time": "2017-06-18T15:15:32.615Z",
      "end_time": null
    }
  },
  {
    "model": "biker.bikerchangelog",
    "pk": 579,
    "fields": {
      "biker": 175,
      "change_time": "2017-06-18T15:32:24.892Z",
      "start_time": null,
      "end_time": "2017-06-18T15:32:12.752Z"
    }
  },
  {
    "model": "biker.bikerchangelog",
    "pk": 580,
    "fields": {
      "biker": 181,
      "change_time": "2017-06-18T15:32:27.705Z",
      "start_time": "2017-06-18T15:18:23.606Z",
      "end_time": null
    }
  },
  {
    "model": "biker.bikerchangelog",
    "pk": 581,
    "fields": {
      "biker": 181,
      "change_time": "2017-06-18T15:32:27.725Z",
      "start_time": null,
      "end_time": "2017-06-18T15:32:20.744Z"
    }
  },
  {
    "model": "biker.bikerchangelog",
    "pk": 582,
    "fields": {
      "biker": 183,
      "change_time": "2017-06-18T15:32:28.008Z",
      "start_time": "2017-06-18T15:19:19.864Z",
      "end_time": null
    }
  },
  {
    "model": "biker.bikerchangelog",
    "pk": 583,
    "fields": {
      "biker": 183,
      "change_time": "2017-06-18T15:32:28.017Z",
      "start_time": null,
      "end_time": "2017-06-18T15:32:15.474Z"
    }
  },
  {
    "model": "biker.bikerchangelog",
    "pk": 584,
    "fields": {
      "biker": 190,
      "change_time": "2017-06-18T15:33:14.457Z",
      "start_time": "2017-06-18T15:22:44.239Z",
      "end_time": null
    }
  },
  {
    "model": "biker.bikerchangelog",
    "pk": 585,
    "fields": {
      "biker": 190,
      "change_time": "2017-06-18T15:33:14.470Z",
      "start_time": null,
      "end_time": "2017-06-18T15:33:02.957Z"
    }
  },
  {
    "model": "biker.bikerchangelog",
    "pk": 586,
    "fields": {
      "biker": 179,
      "change_time": "2017-06-18T15:33:15.694Z",
      "start_time": "2017-06-18T15:17:26.982Z",
      "end_time": null
    }
  },
  {
    "model": "biker.bikerchangelog",
    "pk": 587,
    "fields": {
      "biker": 179,
      "change_time": "2017-06-18T15:33:15.703Z",
      "start_time": null,
      "end_time": "2017-06-18T15:33:10.573Z"
    }
  },
  {
    "model": "biker.bikerchangelog",
    "pk": 588,
    "fields": {
      "biker": 192,
      "change_time": "2017-06-18T15:33:30.617Z",
      "start_time": "2017-06-18T15:23:41.479Z",
      "end_time": null
    }
  },
  {
    "model": "biker.bikerchangelog",
    "pk": 589,
    "fields": {
      "biker": 192,
      "change_time": "2017-06-18T15:33:30.626Z",
      "start_time": null,
      "end_time": "2017-06-18T15:33:26.363Z"
    }
  },
  {
    "model": "biker.bikerchangelog",
    "pk": 590,
    "fields": {
      "biker": 193,
      "change_time": "2017-06-18T15:34:28.636Z",
      "start_time": "2017-06-18T15:24:10.606Z",
      "end_time": null
    }
  },
  {
    "model": "biker.bikerchangelog",
    "pk": 591,
    "fields": {
      "biker": 193,
      "change_time": "2017-06-18T15:34:28.645Z",
      "start_time": null,
      "end_time": "2017-06-18T15:34:17.718Z"
    }
  },
  {
    "model": "biker.bikerchangelog",
    "pk": 592,
    "fields": {
      "biker": 191,
      "change_time": "2017-06-18T15:34:29.910Z",
      "start_time": "2017-06-18T15:23:13.354Z",
      "end_time": null
    }
  },
  {
    "model": "biker.bikerchangelog",
    "pk": 593,
    "fields": {
      "biker": 191,
      "change_time": "2017-06-18T15:34:29.919Z",
      "start_time": null,
      "end_time": "2017-06-18T15:34:24.385Z"
    }
  },
  {
    "model": "biker.bikerchangelog",
    "pk": 594,
    "fields": {
      "biker": 194,
      "change_time": "2017-06-18T15:34:52.666Z",
      "start_time": "2017-06-18T15:24:39.876Z",
      "end_time": null
    }
  },
  {
    "model": "biker.bikerchangelog",
    "pk": 595,
    "fields": {
      "biker": 194,
      "change_time": "2017-06-18T15:34:52.674Z",
      "start_time": null,
      "end_time": "2017-06-18T15:34:50.496Z"
    }
  },
  {
    "model": "biker.bikerchangelog",
    "pk": 596,
    "fields": {
      "biker": 200,
      "change_time": "2017-06-18T15:36:44.919Z",
      "start_time": "2017-06-18T15:27:14.241Z",
      "end_time": null
    }
  },
  {
    "model": "biker.bikerchangelog",
    "pk": 597,
    "fields": {
      "biker": 200,
      "change_time": "2017-06-18T15:36:44.927Z",
      "start_time": null,
      "end_time": "2017-06-18T15:36:29.134Z"
    }
  },
  {
    "model": "biker.bikerchangelog",
    "pk": 598,
    "fields": {
      "biker": 201,
      "change_time": "2017-06-18T15:36:46.273Z",
      "start_time": "2017-06-18T15:27:49.982Z",
      "end_time": null
    }
  },
  {
    "model": "biker.bikerchangelog",
    "pk": 599,
    "fields": {
      "biker": 201,
      "change_time": "2017-06-18T15:36:46.290Z",
      "start_time": null,
      "end_time": "2017-06-18T15:36:37.481Z"
    }
  },
  {
    "model": "biker.bikerchangelog",
    "pk": 600,
    "fields": {
      "biker": 188,
      "change_time": "2017-06-18T15:36:47.529Z",
      "start_time": "2017-06-18T15:21:47.115Z",
      "end_time": null
    }
  },
  {
    "model": "biker.bikerchangelog",
    "pk": 601,
    "fields": {
      "biker": 188,
      "change_time": "2017-06-18T15:36:47.537Z",
      "start_time": null,
      "end_time": "2017-06-18T15:36:40.503Z"
    }
  },
  {
    "model": "biker.bikerchangelog",
    "pk": 602,
    "fields": {
      "biker": 197,
      "change_time": "2017-06-18T15:38:35.930Z",
      "start_time": "2017-06-18T15:26:06.616Z",
      "end_time": null
    }
  },
  {
    "model": "biker.bikerchangelog",
    "pk": 603,
    "fields": {
      "biker": 197,
      "change_time": "2017-06-18T15:38:35.939Z",
      "start_time": null,
      "end_time": "2017-06-18T15:38:25.081Z"
    }
  },
  {
    "model": "biker.bikerchangelog",
    "pk": 604,
    "fields": {
      "biker": 195,
      "change_time": "2017-06-18T15:38:37.128Z",
      "start_time": "2017-06-18T15:25:08.858Z",
      "end_time": null
    }
  },
  {
    "model": "biker.bikerchangelog",
    "pk": 605,
    "fields": {
      "biker": 195,
      "change_time": "2017-06-18T15:38:37.136Z",
      "start_time": null,
      "end_time": "2017-06-18T15:38:32.302Z"
    }
  },
  {
    "model": "biker.bikerchangelog",
    "pk": 606,
    "fields": {
      "biker": 198,
      "change_time": "2017-06-18T15:40:08.485Z",
      "start_time": "2017-06-18T15:28:26.378Z",
      "end_time": null
    }
  },
  {
    "model": "biker.bikerchangelog",
    "pk": 607,
    "fields": {
      "biker": 198,
      "change_time": "2017-06-18T15:40:08.494Z",
      "start_time": null,
      "end_time": "2017-06-18T15:39:57.810Z"
    }
  },
  {
    "model": "biker.bikerchangelog",
    "pk": 608,
    "fields": {
      "biker": 199,
      "change_time": "2017-06-18T15:40:09.713Z",
      "start_time": "2017-06-18T15:26:40.743Z",
      "end_time": null
    }
  },
  {
    "model": "biker.bikerchangelog",
    "pk": 609,
    "fields": {
      "biker": 199,
      "change_time": "2017-06-18T15:40:09.723Z",
      "start_time": null,
      "end_time": "2017-06-18T15:40:05.136Z"
    }
  },
  {
    "model": "biker.bikerchangelog",
    "pk": 610,
    "fields": {
      "biker": 196,
      "change_time": "2017-06-18T15:41:46.044Z",
      "start_time": "2017-06-18T15:25:38.106Z",
      "end_time": null
    }
  },
  {
    "model": "biker.bikerchangelog",
    "pk": 611,
    "fields": {
      "biker": 196,
      "change_time": "2017-06-18T15:41:46.054Z",
      "start_time": null,
      "end_time": "2017-06-18T15:41:41.204Z"
    }
  },
  {
    "model": "biker.bikerchangelog",
    "pk": 612,
    "fields": {
      "biker": 187,
      "change_time": "2017-06-18T15:43:02.854Z",
      "start_time": "2017-06-18T15:21:17.743Z",
      "end_time": null
    }
  },
  {
    "model": "biker.bikerchangelog",
    "pk": 613,
    "fields": {
      "biker": 187,
      "change_time": "2017-06-18T15:43:02.866Z",
      "start_time": null,
      "end_time": "2017-06-18T15:42:52.496Z"
    }
  },
  {
    "model": "biker.bikerchangelog",
    "pk": 614,
    "fields": {
      "biker": 189,
      "change_time": "2017-06-18T15:43:04.102Z",
      "start_time": "2017-06-18T15:22:16.116Z",
      "end_time": null
    }
  },
  {
    "model": "biker.bikerchangelog",
    "pk": 615,
    "fields": {
      "biker": 189,
      "change_time": "2017-06-18T15:43:04.111Z",
      "start_time": null,
      "end_time": "2017-06-18T15:42:54.516Z"
    }
  },
  {
    "model": "biker.competition",
    "pk": 1,
    "fields": {
      "title": "Kronometer Knej - Karlovica",
      "description": "",
      "result_section_1": "Skupno",
      "result_section_2": "Ob\u010dinsko"
    }
  }
]