[
  {
    "model": "biker.category",
    "pk": 2,
    "fields": {
      "name": "Mo\u0161ki do 40 let",
      "gender": "Mo\u0161ki do 40 let"
    }
  },
  {
    "model": "biker.category",
    "pk": 3,
    "fields": {
      "name": "Mo\u0161ki od 41 do 60 let",
      "gender": "Mo\u0161ki od 41 do 60 let"
    }
  },
  {
    "model": "biker.category",
    "pk": 4,
    "fields": {
      "name": "Mo\u0161ki 61 in ve\u010d",
      "gender": "Mo\u0161ki 61 in ve\u010d"
    }
  },
  {
    "model": "biker.category",
    "pk": 6,
    "fields": {
      "name": "\u017denske do 35",
      "gender": "\u017denske do 35"
    }
  },
  {
    "model": "biker.category",
    "pk": 7,
    "fields": {
      "name": "\u017denske nad 35",
      "gender": "\u017denske nad 35"
    }
  },
  {
    "model": "biker.category",
    "pk": 10,
    "fields": {
      "name": "U\u010denke O\u0160",
      "gender": "U\u010denke O\u0160"
    }
  },
  {
    "model": "biker.category",
    "pk": 13,
    "fields": {
      "name": "U\u010denci O\u0160",
      "gender": "U\u010denci O\u0160"
    }
  },
  {
    "model": "biker.biker",
    "pk": 70,
    "fields": {
      "number": 1,
      "name": "Bo\u0161tjan",
      "surname": "Kop\u0161e",
      "category": 2,
      "birth_year": 1983,
      "domestic": false,
      "start_time": "2016-09-11T12:57:28.384Z",
      "end_time": "2016-09-11T13:17:50.161Z"
    }
  },
  {
    "model": "biker.biker",
    "pk": 71,
    "fields": {
      "number": 2,
      "name": "Rok",
      "surname": "Lavri\u010d",
      "category": 2,
      "birth_year": 1992,
      "domestic": false,
      "start_time": "2016-09-11T12:58:00Z",
      "end_time": "2016-09-11T13:09:29Z"
    }
  },
  {
    "model": "biker.biker",
    "pk": 72,
    "fields": {
      "number": 3,
      "name": "Lan",
      "surname": "\u017dagar",
      "category": 2,
      "birth_year": 1985,
      "domestic": false,
      "start_time": "2016-09-11T12:58:33.284Z",
      "end_time": "2016-09-11T13:15:26.244Z"
    }
  },
  {
    "model": "biker.biker",
    "pk": 73,
    "fields": {
      "number": 4,
      "name": "Ajda",
      "surname": "Pretnar",
      "category": 6,
      "birth_year": 1989,
      "domestic": false,
      "start_time": "2016-09-11T12:59:03.743Z",
      "end_time": "2016-09-11T13:19:48.089Z"
    }
  },
  {
    "model": "biker.biker",
    "pk": 74,
    "fields": {
      "number": 6,
      "name": "Ne\u017ea",
      "surname": "Gradi\u0161ar",
      "category": 10,
      "birth_year": 2007,
      "domestic": false,
      "start_time": "2016-09-11T13:00:07Z",
      "end_time": "2016-09-11T13:32:27Z"
    }
  },
  {
    "model": "biker.biker",
    "pk": 75,
    "fields": {
      "number": 7,
      "name": "Sonja",
      "surname": "Ilovar Gradi\u0161ar",
      "category": 7,
      "birth_year": 1972,
      "domestic": false,
      "start_time": "2016-09-11T13:00:38Z",
      "end_time": "2016-09-11T13:32:39Z"
    }
  },
  {
    "model": "biker.biker",
    "pk": 76,
    "fields": {
      "number": 8,
      "name": "\u010crt",
      "surname": "Gradi\u0161ar",
      "category": 13,
      "birth_year": 2005,
      "domestic": false,
      "start_time": "2016-09-11T13:01:08Z",
      "end_time": "2016-09-11T13:26:59Z"
    }
  },
  {
    "model": "biker.biker",
    "pk": 77,
    "fields": {
      "number": 9,
      "name": "Du\u0161an",
      "surname": "Gradi\u0161ar",
      "category": 3,
      "birth_year": 1964,
      "domestic": false,
      "start_time": "2016-09-11T13:01:39.178Z",
      "end_time": "2016-09-11T13:28:38.607Z"
    }
  },
  {
    "model": "biker.biker",
    "pk": 78,
    "fields": {
      "number": 10,
      "name": "\u017dak",
      "surname": "Gradi\u0161ar",
      "category": 13,
      "birth_year": 2004,
      "domestic": false,
      "start_time": "2016-09-11T13:02:10.137Z",
      "end_time": "2016-09-11T13:25:11.731Z"
    }
  },
  {
    "model": "biker.biker",
    "pk": 79,
    "fields": {
      "number": 5,
      "name": "Simon",
      "surname": "Novak",
      "category": 3,
      "birth_year": 1969,
      "domestic": false,
      "start_time": "2016-09-11T12:59:37.160Z",
      "end_time": "2016-09-11T13:15:08.251Z"
    }
  },
  {
    "model": "biker.biker",
    "pk": 80,
    "fields": {
      "number": 11,
      "name": "Franc",
      "surname": "\u0160ilc",
      "category": 3,
      "birth_year": 1966,
      "domestic": false,
      "start_time": "2016-09-11T13:02:41.010Z",
      "end_time": "2016-09-11T13:16:11.399Z"
    }
  },
  {
    "model": "biker.biker",
    "pk": 81,
    "fields": {
      "number": 12,
      "name": "Andrej",
      "surname": "Zakraj\u0161ek",
      "category": 13,
      "birth_year": 2005,
      "domestic": false,
      "start_time": "2016-09-11T13:03:14Z",
      "end_time": "2016-09-11T13:26:45Z"
    }
  },
  {
    "model": "biker.biker",
    "pk": 82,
    "fields": {
      "number": 13,
      "name": "Ale\u0161",
      "surname": "Starc",
      "category": 2,
      "birth_year": 1982,
      "domestic": false,
      "start_time": "2016-09-11T13:03:52.257Z",
      "end_time": "2016-09-11T13:20:09.984Z"
    }
  },
  {
    "model": "biker.biker",
    "pk": 83,
    "fields": {
      "number": 14,
      "name": "Peter",
      "surname": "\u0160ilc",
      "category": 2,
      "birth_year": 1982,
      "domestic": false,
      "start_time": "2016-09-11T13:04:23.509Z",
      "end_time": "2016-09-11T13:19:16.598Z"
    }
  },
  {
    "model": "biker.biker",
    "pk": 84,
    "fields": {
      "number": 15,
      "name": "A\u017ebe",
      "surname": "Gradi\u0161ar",
      "category": 13,
      "birth_year": 2006,
      "domestic": false,
      "start_time": "2016-09-11T13:04:54Z",
      "end_time": "2016-09-11T13:27:43Z"
    }
  },
  {
    "model": "biker.biker",
    "pk": 85,
    "fields": {
      "number": 16,
      "name": "Ale\u0161",
      "surname": "\u0160iraj",
      "category": 3,
      "birth_year": 1974,
      "domestic": false,
      "start_time": "2016-09-11T13:05:27Z",
      "end_time": "2016-09-11T13:24:44Z"
    }
  },
  {
    "model": "biker.biker",
    "pk": 86,
    "fields": {
      "number": 17,
      "name": "Slavko",
      "surname": "Trdan",
      "category": 3,
      "birth_year": 1957,
      "domestic": false,
      "start_time": "2016-09-11T13:05:59.030Z",
      "end_time": "2016-09-11T13:29:03.084Z"
    }
  },
  {
    "model": "biker.biker",
    "pk": 87,
    "fields": {
      "number": 18,
      "name": "Vlasta",
      "surname": "Trdan",
      "category": 7,
      "birth_year": 1963,
      "domestic": false,
      "start_time": "2016-09-11T13:06:32.402Z",
      "end_time": "2016-09-11T13:33:41.284Z"
    }
  },
  {
    "model": "biker.biker",
    "pk": 88,
    "fields": {
      "number": 19,
      "name": "Lado",
      "surname": "\u017dibert",
      "category": 4,
      "birth_year": 1952,
      "domestic": false,
      "start_time": "2016-09-11T13:07:04Z",
      "end_time": "2016-09-11T13:21:12Z"
    }
  },
  {
    "model": "biker.biker",
    "pk": 89,
    "fields": {
      "number": 20,
      "name": "Ludvik",
      "surname": "Peterlin",
      "category": 3,
      "birth_year": 1959,
      "domestic": false,
      "start_time": "2016-09-11T13:07:37.132Z",
      "end_time": "2016-09-11T13:22:58.403Z"
    }
  },
  {
    "model": "biker.biker",
    "pk": 90,
    "fields": {
      "number": 21,
      "name": "Luka",
      "surname": "Mo\u017eina",
      "category": 2,
      "birth_year": 1980,
      "domestic": false,
      "start_time": "2016-09-11T13:08:08Z",
      "end_time": "2016-09-11T13:22:28Z"
    }
  },
  {
    "model": "biker.biker",
    "pk": 91,
    "fields": {
      "number": 22,
      "name": "Miha",
      "surname": "\u0160trukelj",
      "category": 3,
      "birth_year": 1974,
      "domestic": false,
      "start_time": "2016-09-11T13:08:40Z",
      "end_time": "2016-09-11T13:32:45Z"
    }
  },
  {
    "model": "biker.biker",
    "pk": 92,
    "fields": {
      "number": 23,
      "name": "Jan",
      "surname": "Arko",
      "category": 2,
      "birth_year": 1992,
      "domestic": false,
      "start_time": "2016-09-11T13:09:12.380Z",
      "end_time": "2016-09-11T13:20:27.087Z"
    }
  },
  {
    "model": "biker.biker",
    "pk": 93,
    "fields": {
      "number": 24,
      "name": "Jo\u017ee",
      "surname": "Stari\u010d",
      "category": 3,
      "birth_year": 1965,
      "domestic": false,
      "start_time": "2016-09-11T13:09:45.987Z",
      "end_time": "2016-09-11T13:27:02.261Z"
    }
  },
  {
    "model": "biker.bikerchangelog",
    "pk": 226,
    "fields": {
      "biker": 93,
      "change_time": "2016-09-11T12:54:53.375Z",
      "start_time": "2016-09-11T12:54:55.400Z",
      "end_time": null
    }
  },
  {
    "model": "biker.bikerchangelog",
    "pk": 227,
    "fields": {
      "biker": 93,
      "change_time": "2016-09-11T12:55:20.140Z",
      "start_time": "2016-09-11T12:55:22.119Z",
      "end_time": null
    }
  },
  {
    "model": "biker.bikerchangelog",
    "pk": 228,
    "fields": {
      "biker": 70,
      "change_time": "2016-09-11T12:57:27.434Z",
      "start_time": "2016-09-11T12:57:28.384Z",
      "end_time": null
    }
  },
  {
    "model": "biker.bikerchangelog",
    "pk": 229,
    "fields": {
      "biker": 71,
      "change_time": "2016-09-11T12:57:58.556Z",
      "start_time": "2016-09-11T12:58:00.918Z",
      "end_time": null
    }
  },
  {
    "model": "biker.bikerchangelog",
    "pk": 230,
    "fields": {
      "biker": 72,
      "change_time": "2016-09-11T12:58:30.974Z",
      "start_time": "2016-09-11T12:58:33.284Z",
      "end_time": null
    }
  },
  {
    "model": "biker.bikerchangelog",
    "pk": 231,
    "fields": {
      "biker": 73,
      "change_time": "2016-09-11T12:59:01.382Z",
      "start_time": "2016-09-11T12:59:03.743Z",
      "end_time": null
    }
  },
  {
    "model": "biker.bikerchangelog",
    "pk": 232,
    "fields": {
      "biker": 79,
      "change_time": "2016-09-11T12:59:34.914Z",
      "start_time": "2016-09-11T12:59:37.160Z",
      "end_time": null
    }
  },
  {
    "model": "biker.bikerchangelog",
    "pk": 233,
    "fields": {
      "biker": 74,
      "change_time": "2016-09-11T13:00:05.402Z",
      "start_time": "2016-09-11T13:00:07.755Z",
      "end_time": null
    }
  },
  {
    "model": "biker.bikerchangelog",
    "pk": 234,
    "fields": {
      "biker": 75,
      "change_time": "2016-09-11T13:00:36.223Z",
      "start_time": "2016-09-11T13:00:38.248Z",
      "end_time": null
    }
  },
  {
    "model": "biker.bikerchangelog",
    "pk": 235,
    "fields": {
      "biker": 76,
      "change_time": "2016-09-11T13:01:06.479Z",
      "start_time": "2016-09-11T13:01:08.783Z",
      "end_time": null
    }
  },
  {
    "model": "biker.bikerchangelog",
    "pk": 236,
    "fields": {
      "biker": 77,
      "change_time": "2016-09-11T13:01:37.034Z",
      "start_time": "2016-09-11T13:01:39.178Z",
      "end_time": null
    }
  },
  {
    "model": "biker.bikerchangelog",
    "pk": 237,
    "fields": {
      "biker": 78,
      "change_time": "2016-09-11T13:02:07.777Z",
      "start_time": "2016-09-11T13:02:10.137Z",
      "end_time": null
    }
  },
  {
    "model": "biker.bikerchangelog",
    "pk": 238,
    "fields": {
      "biker": 80,
      "change_time": "2016-09-11T13:02:38.785Z",
      "start_time": "2016-09-11T13:02:41.010Z",
      "end_time": null
    }
  },
  {
    "model": "biker.bikerchangelog",
    "pk": 239,
    "fields": {
      "biker": 81,
      "change_time": "2016-09-11T13:03:11.789Z",
      "start_time": "2016-09-11T13:03:14.186Z",
      "end_time": null
    }
  },
  {
    "model": "biker.bikerchangelog",
    "pk": 240,
    "fields": {
      "biker": 82,
      "change_time": "2016-09-11T13:03:50.192Z",
      "start_time": "2016-09-11T13:03:52.257Z",
      "end_time": null
    }
  },
  {
    "model": "biker.bikerchangelog",
    "pk": 241,
    "fields": {
      "biker": 83,
      "change_time": "2016-09-11T13:04:21.123Z",
      "start_time": "2016-09-11T13:04:23.509Z",
      "end_time": null
    }
  },
  {
    "model": "biker.bikerchangelog",
    "pk": 242,
    "fields": {
      "biker": 84,
      "change_time": "2016-09-11T13:04:52.456Z",
      "start_time": "2016-09-11T13:04:54.632Z",
      "end_time": null
    }
  },
  {
    "model": "biker.bikerchangelog",
    "pk": 243,
    "fields": {
      "biker": 85,
      "change_time": "2016-09-11T13:05:24.946Z",
      "start_time": "2016-09-11T13:05:27.129Z",
      "end_time": null
    }
  },
  {
    "model": "biker.bikerchangelog",
    "pk": 244,
    "fields": {
      "biker": 86,
      "change_time": "2016-09-11T13:05:56.811Z",
      "start_time": "2016-09-11T13:05:59.030Z",
      "end_time": null
    }
  },
  {
    "model": "biker.bikerchangelog",
    "pk": 245,
    "fields": {
      "biker": 87,
      "change_time": "2016-09-11T13:06:29.915Z",
      "start_time": "2016-09-11T13:06:32.402Z",
      "end_time": null
    }
  },
  {
    "model": "biker.bikerchangelog",
    "pk": 246,
    "fields": {
      "biker": 88,
      "change_time": "2016-09-11T13:07:02.526Z",
      "start_time": "2016-09-11T13:07:04.504Z",
      "end_time": null
    }
  },
  {
    "model": "biker.bikerchangelog",
    "pk": 247,
    "fields": {
      "biker": 89,
      "change_time": "2016-09-11T13:07:34.738Z",
      "start_time": "2016-09-11T13:07:37.132Z",
      "end_time": null
    }
  },
  {
    "model": "biker.bikerchangelog",
    "pk": 248,
    "fields": {
      "biker": 90,
      "change_time": "2016-09-11T13:08:05.895Z",
      "start_time": "2016-09-11T13:08:08.011Z",
      "end_time": null
    }
  },
  {
    "model": "biker.bikerchangelog",
    "pk": 249,
    "fields": {
      "biker": 91,
      "change_time": "2016-09-11T13:08:38.221Z",
      "start_time": "2016-09-11T13:08:40.509Z",
      "end_time": null
    }
  },
  {
    "model": "biker.bikerchangelog",
    "pk": 250,
    "fields": {
      "biker": 92,
      "change_time": "2016-09-11T13:09:10.180Z",
      "start_time": "2016-09-11T13:09:12.380Z",
      "end_time": null
    }
  },
  {
    "model": "biker.bikerchangelog",
    "pk": 251,
    "fields": {
      "biker": 71,
      "change_time": "2016-09-11T13:09:32.219Z",
      "start_time": "2016-09-11T12:58:00.918Z",
      "end_time": null
    }
  },
  {
    "model": "biker.bikerchangelog",
    "pk": 252,
    "fields": {
      "biker": 71,
      "change_time": "2016-09-11T13:09:32.230Z",
      "start_time": null,
      "end_time": "2016-09-11T13:09:29.772Z"
    }
  },
  {
    "model": "biker.bikerchangelog",
    "pk": 253,
    "fields": {
      "biker": 93,
      "change_time": "2016-09-11T13:09:43.547Z",
      "start_time": "2016-09-11T13:09:45.987Z",
      "end_time": null
    }
  },
  {
    "model": "biker.bikerchangelog",
    "pk": 254,
    "fields": {
      "biker": 79,
      "change_time": "2016-09-11T13:15:16.659Z",
      "start_time": "2016-09-11T12:59:37.160Z",
      "end_time": null
    }
  },
  {
    "model": "biker.bikerchangelog",
    "pk": 255,
    "fields": {
      "biker": 79,
      "change_time": "2016-09-11T13:15:16.666Z",
      "start_time": null,
      "end_time": "2016-09-11T13:15:08.251Z"
    }
  },
  {
    "model": "biker.bikerchangelog",
    "pk": 256,
    "fields": {
      "biker": 72,
      "change_time": "2016-09-11T13:15:34.024Z",
      "start_time": "2016-09-11T12:58:33.284Z",
      "end_time": null
    }
  },
  {
    "model": "biker.bikerchangelog",
    "pk": 257,
    "fields": {
      "biker": 72,
      "change_time": "2016-09-11T13:15:34.029Z",
      "start_time": null,
      "end_time": "2016-09-11T13:15:26.244Z"
    }
  },
  {
    "model": "biker.bikerchangelog",
    "pk": 258,
    "fields": {
      "biker": 80,
      "change_time": "2016-09-11T13:16:15.522Z",
      "start_time": "2016-09-11T13:02:41.010Z",
      "end_time": null
    }
  },
  {
    "model": "biker.bikerchangelog",
    "pk": 259,
    "fields": {
      "biker": 80,
      "change_time": "2016-09-11T13:16:15.529Z",
      "start_time": null,
      "end_time": "2016-09-11T13:16:11.399Z"
    }
  },
  {
    "model": "biker.bikerchangelog",
    "pk": 260,
    "fields": {
      "biker": 70,
      "change_time": "2016-09-11T13:17:53.129Z",
      "start_time": "2016-09-11T12:57:28.384Z",
      "end_time": null
    }
  },
  {
    "model": "biker.bikerchangelog",
    "pk": 261,
    "fields": {
      "biker": 70,
      "change_time": "2016-09-11T13:17:53.134Z",
      "start_time": null,
      "end_time": "2016-09-11T13:17:50.161Z"
    }
  },
  {
    "model": "biker.bikerchangelog",
    "pk": 262,
    "fields": {
      "biker": 83,
      "change_time": "2016-09-11T13:19:22.043Z",
      "start_time": "2016-09-11T13:04:23.509Z",
      "end_time": null
    }
  },
  {
    "model": "biker.bikerchangelog",
    "pk": 263,
    "fields": {
      "biker": 83,
      "change_time": "2016-09-11T13:19:22.050Z",
      "start_time": null,
      "end_time": "2016-09-11T13:19:16.598Z"
    }
  },
  {
    "model": "biker.bikerchangelog",
    "pk": 264,
    "fields": {
      "biker": 73,
      "change_time": "2016-09-11T13:19:53.300Z",
      "start_time": "2016-09-11T12:59:03.743Z",
      "end_time": null
    }
  },
  {
    "model": "biker.bikerchangelog",
    "pk": 265,
    "fields": {
      "biker": 73,
      "change_time": "2016-09-11T13:19:53.309Z",
      "start_time": null,
      "end_time": "2016-09-11T13:19:48.089Z"
    }
  },
  {
    "model": "biker.bikerchangelog",
    "pk": 266,
    "fields": {
      "biker": 82,
      "change_time": "2016-09-11T13:20:14.522Z",
      "start_time": "2016-09-11T13:03:52.257Z",
      "end_time": null
    }
  },
  {
    "model": "biker.bikerchangelog",
    "pk": 267,
    "fields": {
      "biker": 82,
      "change_time": "2016-09-11T13:20:14.529Z",
      "start_time": null,
      "end_time": "2016-09-11T13:20:09.984Z"
    }
  },
  {
    "model": "biker.bikerchangelog",
    "pk": 268,
    "fields": {
      "biker": 92,
      "change_time": "2016-09-11T13:20:31.107Z",
      "start_time": "2016-09-11T13:09:12.380Z",
      "end_time": null
    }
  },
  {
    "model": "biker.bikerchangelog",
    "pk": 269,
    "fields": {
      "biker": 92,
      "change_time": "2016-09-11T13:20:31.113Z",
      "start_time": null,
      "end_time": "2016-09-11T13:20:27.087Z"
    }
  },
  {
    "model": "biker.bikerchangelog",
    "pk": 270,
    "fields": {
      "biker": 88,
      "change_time": "2016-09-11T13:21:16.967Z",
      "start_time": "2016-09-11T13:07:04.504Z",
      "end_time": null
    }
  },
  {
    "model": "biker.bikerchangelog",
    "pk": 271,
    "fields": {
      "biker": 88,
      "change_time": "2016-09-11T13:21:16.973Z",
      "start_time": null,
      "end_time": "2016-09-11T13:21:12.251Z"
    }
  },
  {
    "model": "biker.bikerchangelog",
    "pk": 272,
    "fields": {
      "biker": 90,
      "change_time": "2016-09-11T13:22:30.698Z",
      "start_time": "2016-09-11T13:08:08.011Z",
      "end_time": null
    }
  },
  {
    "model": "biker.bikerchangelog",
    "pk": 273,
    "fields": {
      "biker": 90,
      "change_time": "2016-09-11T13:22:30.703Z",
      "start_time": null,
      "end_time": "2016-09-11T13:22:28.026Z"
    }
  },
  {
    "model": "biker.bikerchangelog",
    "pk": 274,
    "fields": {
      "biker": 89,
      "change_time": "2016-09-11T13:23:03.443Z",
      "start_time": "2016-09-11T13:07:37.132Z",
      "end_time": null
    }
  },
  {
    "model": "biker.bikerchangelog",
    "pk": 275,
    "fields": {
      "biker": 89,
      "change_time": "2016-09-11T13:23:03.448Z",
      "start_time": null,
      "end_time": "2016-09-11T13:22:58.403Z"
    }
  },
  {
    "model": "biker.bikerchangelog",
    "pk": 276,
    "fields": {
      "biker": 85,
      "change_time": "2016-09-11T13:24:47.863Z",
      "start_time": "2016-09-11T13:05:27.129Z",
      "end_time": null
    }
  },
  {
    "model": "biker.bikerchangelog",
    "pk": 277,
    "fields": {
      "biker": 85,
      "change_time": "2016-09-11T13:24:47.869Z",
      "start_time": null,
      "end_time": "2016-09-11T13:24:44.036Z"
    }
  },
  {
    "model": "biker.bikerchangelog",
    "pk": 278,
    "fields": {
      "biker": 78,
      "change_time": "2016-09-11T13:25:13.643Z",
      "start_time": "2016-09-11T13:02:10.137Z",
      "end_time": null
    }
  },
  {
    "model": "biker.bikerchangelog",
    "pk": 279,
    "fields": {
      "biker": 78,
      "change_time": "2016-09-11T13:25:13.650Z",
      "start_time": null,
      "end_time": "2016-09-11T13:25:11.731Z"
    }
  },
  {
    "model": "biker.bikerchangelog",
    "pk": 280,
    "fields": {
      "biker": 81,
      "change_time": "2016-09-11T13:26:48.325Z",
      "start_time": "2016-09-11T13:03:14.186Z",
      "end_time": null
    }
  },
  {
    "model": "biker.bikerchangelog",
    "pk": 281,
    "fields": {
      "biker": 81,
      "change_time": "2016-09-11T13:26:48.334Z",
      "start_time": null,
      "end_time": "2016-09-11T13:26:45.647Z"
    }
  },
  {
    "model": "biker.bikerchangelog",
    "pk": 282,
    "fields": {
      "biker": 76,
      "change_time": "2016-09-11T13:27:00.954Z",
      "start_time": "2016-09-11T13:01:08.783Z",
      "end_time": null
    }
  },
  {
    "model": "biker.bikerchangelog",
    "pk": 283,
    "fields": {
      "biker": 76,
      "change_time": "2016-09-11T13:27:00.960Z",
      "start_time": null,
      "end_time": "2016-09-11T13:26:59.177Z"
    }
  },
  {
    "model": "biker.bikerchangelog",
    "pk": 284,
    "fields": {
      "biker": 93,
      "change_time": "2016-09-11T13:27:04.629Z",
      "start_time": "2016-09-11T13:09:45.987Z",
      "end_time": null
    }
  },
  {
    "model": "biker.bikerchangelog",
    "pk": 285,
    "fields": {
      "biker": 93,
      "change_time": "2016-09-11T13:27:04.637Z",
      "start_time": null,
      "end_time": "2016-09-11T13:27:02.261Z"
    }
  },
  {
    "model": "biker.bikerchangelog",
    "pk": 286,
    "fields": {
      "biker": 84,
      "change_time": "2016-09-11T13:27:45.283Z",
      "start_time": "2016-09-11T13:04:54.632Z",
      "end_time": null
    }
  },
  {
    "model": "biker.bikerchangelog",
    "pk": 287,
    "fields": {
      "biker": 84,
      "change_time": "2016-09-11T13:27:45.290Z",
      "start_time": null,
      "end_time": "2016-09-11T13:27:43.652Z"
    }
  },
  {
    "model": "biker.bikerchangelog",
    "pk": 288,
    "fields": {
      "biker": 77,
      "change_time": "2016-09-11T13:28:40.234Z",
      "start_time": "2016-09-11T13:01:39.178Z",
      "end_time": null
    }
  },
  {
    "model": "biker.bikerchangelog",
    "pk": 289,
    "fields": {
      "biker": 77,
      "change_time": "2016-09-11T13:28:40.241Z",
      "start_time": null,
      "end_time": "2016-09-11T13:28:38.607Z"
    }
  },
  {
    "model": "biker.bikerchangelog",
    "pk": 290,
    "fields": {
      "biker": 86,
      "change_time": "2016-09-11T13:29:05.338Z",
      "start_time": "2016-09-11T13:05:59.030Z",
      "end_time": null
    }
  },
  {
    "model": "biker.bikerchangelog",
    "pk": 291,
    "fields": {
      "biker": 86,
      "change_time": "2016-09-11T13:29:05.345Z",
      "start_time": null,
      "end_time": "2016-09-11T13:29:03.084Z"
    }
  },
  {
    "model": "biker.bikerchangelog",
    "pk": 292,
    "fields": {
      "biker": 74,
      "change_time": "2016-09-11T13:32:29.360Z",
      "start_time": "2016-09-11T13:00:07.755Z",
      "end_time": null
    }
  },
  {
    "model": "biker.bikerchangelog",
    "pk": 293,
    "fields": {
      "biker": 74,
      "change_time": "2016-09-11T13:32:29.368Z",
      "start_time": null,
      "end_time": "2016-09-11T13:32:27.606Z"
    }
  },
  {
    "model": "biker.bikerchangelog",
    "pk": 294,
    "fields": {
      "biker": 75,
      "change_time": "2016-09-11T13:32:41.163Z",
      "start_time": "2016-09-11T13:00:38.248Z",
      "end_time": null
    }
  },
  {
    "model": "biker.bikerchangelog",
    "pk": 295,
    "fields": {
      "biker": 75,
      "change_time": "2016-09-11T13:32:41.189Z",
      "start_time": null,
      "end_time": "2016-09-11T13:32:39.778Z"
    }
  },
  {
    "model": "biker.bikerchangelog",
    "pk": 296,
    "fields": {
      "biker": 91,
      "change_time": "2016-09-11T13:32:47.071Z",
      "start_time": "2016-09-11T13:08:40.509Z",
      "end_time": null
    }
  },
  {
    "model": "biker.bikerchangelog",
    "pk": 297,
    "fields": {
      "biker": 91,
      "change_time": "2016-09-11T13:32:47.077Z",
      "start_time": null,
      "end_time": "2016-09-11T13:32:45.532Z"
    }
  },
  {
    "model": "biker.bikerchangelog",
    "pk": 298,
    "fields": {
      "biker": 87,
      "change_time": "2016-09-11T13:33:42.758Z",
      "start_time": "2016-09-11T13:06:32.402Z",
      "end_time": null
    }
  },
  {
    "model": "biker.bikerchangelog",
    "pk": 299,
    "fields": {
      "biker": 87,
      "change_time": "2016-09-11T13:33:42.767Z",
      "start_time": null,
      "end_time": "2016-09-11T13:33:41.284Z"
    }
  },
  {
    "model": "biker.competition",
    "pk": 1,
    "fields": {
      "title": "Vzpon na Sv. Primo\u017e 2016",
      "description": ""
    }
  }
]
