[
  {
    "pk": 11,
    "fields": {
      "name": "Mo\u0161ki do 30 let",
      "gender": "Absolutno mo\u0161ki"
    },
    "model": "biker.category"
  },
  {
    "pk": 12,
    "fields": {
      "name": "Mo\u0161ki nad 31 do 40 let",
      "gender": "Absolutno mo\u0161ki"
    },
    "model": "biker.category"
  },
  {
    "pk": 13,
    "fields": {
      "name": "Mo\u0161ki nad 41 do 50 let",
      "gender": "Absolutno mo\u0161ki"
    },
    "model": "biker.category"
  },
  {
    "pk": 14,
    "fields": {
      "name": "Mo\u0161ki nad 51 do 60 let",
      "gender": "Absolutno mo\u0161ki"
    },
    "model": "biker.category"
  },
  {
    "pk": 15,
    "fields": {
      "name": "Mo\u0161ki nad 61 let",
      "gender": "Absolutno mo\u0161ki"
    },
    "model": "biker.category"
  },
  {
    "pk": 16,
    "fields": {
      "name": "\u017denske do 30 let",
      "gender": "Absolutno \u017eenske"
    },
    "model": "biker.category"
  },
  {
    "pk": 17,
    "fields": {
      "name": "\u017denske nad 31 do 50 let",
      "gender": "Absolutno \u017eenske"
    },
    "model": "biker.category"
  },
  {
    "pk": 18,
    "fields": {
      "name": "\u017denske nad 51 do 60 let",
      "gender": "Absolutno \u017eenske"
    },
    "model": "biker.category"
  },
  {
    "pk": 19,
    "fields": {
      "name": "\u017denske nad 61 let",
      "gender": "Absolutno \u017eenske"
    },
    "model": "biker.category"
  },
  {
    "pk": 248,
    "fields": {
      "name": "Vlado",
      "number": 1,
      "birth_year": 1965,
      "domestic": false,
      "end_time": "2015-10-03T12:18:18.852Z",
      "category": 13,
      "surname": "Prpar",
      "start_time": "2015-10-03T12:00:38.285Z"
    },
    "model": "biker.biker"
  },
  {
    "pk": 249,
    "fields": {
      "name": "Alojz",
      "number": 2,
      "birth_year": 1971,
      "domestic": false,
      "end_time": "2015-10-03T12:16:08.634Z",
      "category": 13,
      "surname": "Poglavc",
      "start_time": "2015-10-03T12:01:05.404Z"
    },
    "model": "biker.biker"
  },
  {
    "pk": 250,
    "fields": {
      "name": "Robert",
      "number": 3,
      "birth_year": 1971,
      "domestic": false,
      "end_time": "2015-10-03T12:18:38.924Z",
      "category": 13,
      "surname": "Novak",
      "start_time": "2015-10-03T12:01:32.275Z"
    },
    "model": "biker.biker"
  },
  {
    "pk": 251,
    "fields": {
      "name": "Vida",
      "number": 4,
      "birth_year": 1964,
      "domestic": false,
      "end_time": "2015-10-03T12:23:13.325Z",
      "category": 18,
      "surname": "Ceglar",
      "start_time": "2015-10-03T12:02:00.016Z"
    },
    "model": "biker.biker"
  },
  {
    "pk": 252,
    "fields": {
      "name": "Martin",
      "number": 5,
      "birth_year": 1983,
      "domestic": false,
      "end_time": "2015-10-03T12:17:56.332Z",
      "category": 12,
      "surname": "Grad",
      "start_time": "2015-10-03T12:02:27.029Z"
    },
    "model": "biker.biker"
  },
  {
    "pk": 253,
    "fields": {
      "name": "Ale\u0161",
      "number": 6,
      "birth_year": 1982,
      "domestic": false,
      "end_time": "2015-10-03T12:23:07.471Z",
      "category": 12,
      "surname": "\u017ditko",
      "start_time": "2015-10-03T12:02:53.789Z"
    },
    "model": "biker.biker"
  },
  {
    "pk": 254,
    "fields": {
      "name": "Andrej",
      "number": 7,
      "birth_year": 1982,
      "domestic": false,
      "end_time": "2015-10-03T12:22:43.723Z",
      "category": 12,
      "surname": "\u0160inkovec",
      "start_time": "2015-10-03T12:03:20.536Z"
    },
    "model": "biker.biker"
  },
  {
    "pk": 255,
    "fields": {
      "name": "Marjan",
      "number": 8,
      "birth_year": 1957,
      "domestic": false,
      "end_time": "2015-10-03T12:21:13.138Z",
      "category": 14,
      "surname": "\u010cuden",
      "start_time": "2015-10-03T12:03:47.286Z"
    },
    "model": "biker.biker"
  },
  {
    "pk": 256,
    "fields": {
      "name": "Andrej",
      "number": 9,
      "birth_year": 1983,
      "domestic": false,
      "end_time": "2015-10-03T12:20:56Z",
      "category": 12,
      "surname": "Holc",
      "start_time": "2015-10-03T12:04:14Z"
    },
    "model": "biker.biker"
  },
  {
    "pk": 257,
    "fields": {
      "name": "Mitja",
      "number": 10,
      "birth_year": 1975,
      "domestic": false,
      "end_time": "2015-10-03T12:20:37.413Z",
      "category": 12,
      "surname": "Oter",
      "start_time": "2015-10-03T12:04:41.654Z"
    },
    "model": "biker.biker"
  },
  {
    "pk": 258,
    "fields": {
      "name": "Irena",
      "number": 11,
      "birth_year": 1982,
      "domestic": false,
      "end_time": "2015-10-03T12:24:45.559Z",
      "category": 17,
      "surname": "Voglar",
      "start_time": "2015-10-03T12:05:08.904Z"
    },
    "model": "biker.biker"
  },
  {
    "pk": 259,
    "fields": {
      "name": "Anton",
      "number": 12,
      "birth_year": 1960,
      "domestic": false,
      "end_time": "2015-10-03T12:35:52.407Z",
      "category": 14,
      "surname": "Selan",
      "start_time": "2015-10-03T12:05:36.529Z"
    },
    "model": "biker.biker"
  },
  {
    "pk": 260,
    "fields": {
      "name": "Lidija",
      "number": 13,
      "birth_year": 1954,
      "domestic": false,
      "end_time": "2015-10-03T12:35:27Z",
      "category": 19,
      "surname": "Rume\u017e Bizjak",
      "start_time": "2015-10-03T12:06:03Z"
    },
    "model": "biker.biker"
  },
  {
    "pk": 261,
    "fields": {
      "name": "Sara",
      "number": 14,
      "birth_year": 1992,
      "domestic": false,
      "end_time": "2015-10-03T12:27:30.316Z",
      "category": 16,
      "surname": "Markovi\u010d",
      "start_time": "2015-10-03T12:06:29.654Z"
    },
    "model": "biker.biker"
  },
  {
    "pk": 262,
    "fields": {
      "name": "Andrej",
      "number": 15,
      "birth_year": 1982,
      "domestic": false,
      "end_time": "2015-10-03T12:26:45.062Z",
      "category": 12,
      "surname": "Berce",
      "start_time": "2015-10-03T12:06:56.762Z"
    },
    "model": "biker.biker"
  },
  {
    "pk": 263,
    "fields": {
      "name": "Jernej",
      "number": 16,
      "birth_year": 1990,
      "domestic": false,
      "end_time": "2015-10-03T12:28:43.832Z",
      "category": 11,
      "surname": "Er\u010dulj",
      "start_time": "2015-10-03T12:07:23.309Z"
    },
    "model": "biker.biker"
  },
  {
    "pk": 264,
    "fields": {
      "name": "Matej",
      "number": 17,
      "birth_year": 1979,
      "domestic": false,
      "end_time": "2015-10-03T12:30:00.599Z",
      "category": 12,
      "surname": "Ma\u010dek",
      "start_time": "2015-10-03T12:07:49.437Z"
    },
    "model": "biker.biker"
  },
  {
    "pk": 265,
    "fields": {
      "name": "Miha",
      "number": 18,
      "birth_year": 1989,
      "domestic": false,
      "end_time": "2015-10-03T12:31:17.584Z",
      "category": 11,
      "surname": "Tekavec",
      "start_time": "2015-10-03T12:08:15.809Z"
    },
    "model": "biker.biker"
  },
  {
    "pk": 266,
    "fields": {
      "name": "Janez",
      "number": 19,
      "birth_year": 1967,
      "domestic": false,
      "end_time": "2015-10-03T12:27:26.260Z",
      "category": 13,
      "surname": "Trunkelj",
      "start_time": "2015-10-03T12:08:42.069Z"
    },
    "model": "biker.biker"
  },
  {
    "pk": 267,
    "fields": {
      "name": "Slavi\u0161a",
      "number": 20,
      "birth_year": 1982,
      "domestic": false,
      "end_time": "2015-10-03T12:31:11.194Z",
      "category": 12,
      "surname": "Bijeli\u010d",
      "start_time": "2015-10-03T12:09:08.677Z"
    },
    "model": "biker.biker"
  },
  {
    "pk": 268,
    "fields": {
      "name": "Robert",
      "number": 21,
      "birth_year": 1974,
      "domestic": false,
      "end_time": "2015-10-03T12:28:07.773Z",
      "category": 13,
      "surname": "Koritnik",
      "start_time": "2015-10-03T12:09:35.046Z"
    },
    "model": "biker.biker"
  },
  {
    "pk": 269,
    "fields": {
      "name": "Uro\u0161",
      "number": 22,
      "birth_year": 1972,
      "domestic": false,
      "end_time": "2015-10-03T12:30:56.694Z",
      "category": 13,
      "surname": "Lepo\u0161a",
      "start_time": "2015-10-03T12:10:01.539Z"
    },
    "model": "biker.biker"
  },
  {
    "pk": 270,
    "fields": {
      "name": "Mateja",
      "number": 23,
      "birth_year": 1971,
      "domestic": false,
      "end_time": "2015-10-03T12:30:17.384Z",
      "category": 17,
      "surname": "Me\u0161ko",
      "start_time": "2015-10-03T12:10:29.279Z"
    },
    "model": "biker.biker"
  },
  {
    "pk": 271,
    "fields": {
      "name": "Nik",
      "number": 24,
      "birth_year": 1995,
      "domestic": false,
      "end_time": "2015-10-03T12:28:52.556Z",
      "category": 11,
      "surname": "Gori\u0161ek",
      "start_time": "2015-10-03T12:10:55.901Z"
    },
    "model": "biker.biker"
  },
  {
    "pk": 272,
    "fields": {
      "name": "Bojan",
      "number": 25,
      "birth_year": 1977,
      "domestic": false,
      "end_time": "2015-10-03T12:29:44.007Z",
      "category": 12,
      "surname": "Adami\u010d",
      "start_time": "2015-10-03T12:11:22.042Z"
    },
    "model": "biker.biker"
  },
  {
    "pk": 273,
    "fields": {
      "name": "Toma\u017e",
      "number": 26,
      "birth_year": 1984,
      "domestic": false,
      "end_time": "2015-10-03T12:28:58.690Z",
      "category": 12,
      "surname": "Perko",
      "start_time": "2015-10-03T12:11:48.296Z"
    },
    "model": "biker.biker"
  },
  {
    "pk": 274,
    "fields": {
      "name": "Anja",
      "number": 27,
      "birth_year": 1989,
      "domestic": false,
      "end_time": "2015-10-03T12:32:15.180Z",
      "category": 16,
      "surname": "Mustar",
      "start_time": "2015-10-03T12:12:15.055Z"
    },
    "model": "biker.biker"
  },
  {
    "pk": 275,
    "fields": {
      "name": "Sonja",
      "number": 28,
      "birth_year": 1956,
      "domestic": false,
      "end_time": "2015-10-03T12:38:37.924Z",
      "category": 18,
      "surname": "Tratnik",
      "start_time": "2015-10-03T12:12:41.927Z"
    },
    "model": "biker.biker"
  },
  {
    "pk": 276,
    "fields": {
      "name": "Igor",
      "number": 29,
      "birth_year": 1953,
      "domestic": false,
      "end_time": "2015-10-03T12:36:26.648Z",
      "category": 15,
      "surname": "Tratnik",
      "start_time": "2015-10-03T12:13:08.680Z"
    },
    "model": "biker.biker"
  },
  {
    "pk": 277,
    "fields": {
      "name": "Vladimir",
      "number": 30,
      "birth_year": 1975,
      "domestic": false,
      "end_time": "2015-10-03T12:32:49.615Z",
      "category": 12,
      "surname": "Kra\u0161ovec",
      "start_time": "2015-10-03T12:13:34.808Z"
    },
    "model": "biker.biker"
  },
  {
    "pk": 279,
    "fields": {
      "name": "Uro\u0161",
      "number": 31,
      "birth_year": 1975,
      "domestic": false,
      "end_time": "2015-10-03T12:29:39.269Z",
      "category": 12,
      "surname": "Ver\u010di\u010d",
      "start_time": "2015-10-03T12:14:02.163Z"
    },
    "model": "biker.biker"
  },
  {
    "pk": 280,
    "fields": {
      "name": "Jovo",
      "number": 32,
      "birth_year": 1967,
      "domestic": false,
      "end_time": "2015-10-03T12:33:10.131Z",
      "category": 13,
      "surname": "Jovi\u0161i\u010d",
      "start_time": "2015-10-03T12:16:16.809Z"
    },
    "model": "biker.biker"
  },
  {
    "pk": 281,
    "fields": {
      "name": "Jure",
      "number": 33,
      "birth_year": 1983,
      "domestic": false,
      "end_time": "2015-10-03T12:32:28.780Z",
      "category": 12,
      "surname": "Tratnik",
      "start_time": "2015-10-03T12:14:29.660Z"
    },
    "model": "biker.biker"
  },
  {
    "pk": 282,
    "fields": {
      "name": "Marko",
      "number": 34,
      "birth_year": 1959,
      "domestic": false,
      "end_time": "2015-10-03T12:39:59Z",
      "category": 14,
      "surname": "Podr\u017eaj",
      "start_time": "2015-10-03T12:14:56Z"
    },
    "model": "biker.biker"
  },
  {
    "pk": 283,
    "fields": {
      "name": "Marina",
      "number": 35,
      "birth_year": 1961,
      "domestic": false,
      "end_time": "2015-10-03T12:44:45.698Z",
      "category": 18,
      "surname": "Podr\u017eaj",
      "start_time": "2015-10-03T12:15:23.549Z"
    },
    "model": "biker.biker"
  },
  {
    "pk": 284,
    "fields": {
      "name": "Matej",
      "number": 36,
      "birth_year": 1976,
      "domestic": false,
      "end_time": "2015-10-03T12:33:33.688Z",
      "category": 12,
      "surname": "Sames",
      "start_time": "2015-10-03T12:15:50.180Z"
    },
    "model": "biker.biker"
  },
  {
    "pk": 321,
    "fields": {
      "end_time": null,
      "change_time": "2015-10-03T11:44:47.505Z",
      "biker": 248,
      "start_time": "2015-10-03T11:44:45.160Z"
    },
    "model": "biker.bikerchangelog"
  },
  {
    "pk": 322,
    "fields": {
      "end_time": null,
      "change_time": "2015-10-03T12:00:42.376Z",
      "biker": 248,
      "start_time": "2015-10-03T12:00:38.285Z"
    },
    "model": "biker.bikerchangelog"
  },
  {
    "pk": 323,
    "fields": {
      "end_time": null,
      "change_time": "2015-10-03T12:01:08.034Z",
      "biker": 249,
      "start_time": "2015-10-03T12:01:05.404Z"
    },
    "model": "biker.bikerchangelog"
  },
  {
    "pk": 324,
    "fields": {
      "end_time": null,
      "change_time": "2015-10-03T12:01:35.121Z",
      "biker": 250,
      "start_time": "2015-10-03T12:01:32.275Z"
    },
    "model": "biker.bikerchangelog"
  },
  {
    "pk": 325,
    "fields": {
      "end_time": null,
      "change_time": "2015-10-03T12:02:02.796Z",
      "biker": 251,
      "start_time": "2015-10-03T12:02:00.016Z"
    },
    "model": "biker.bikerchangelog"
  },
  {
    "pk": 326,
    "fields": {
      "end_time": null,
      "change_time": "2015-10-03T12:02:29.867Z",
      "biker": 252,
      "start_time": "2015-10-03T12:02:27.029Z"
    },
    "model": "biker.bikerchangelog"
  },
  {
    "pk": 327,
    "fields": {
      "end_time": null,
      "change_time": "2015-10-03T12:02:56.519Z",
      "biker": 253,
      "start_time": "2015-10-03T12:02:53.790Z"
    },
    "model": "biker.bikerchangelog"
  },
  {
    "pk": 328,
    "fields": {
      "end_time": null,
      "change_time": "2015-10-03T12:03:23.266Z",
      "biker": 254,
      "start_time": "2015-10-03T12:03:20.536Z"
    },
    "model": "biker.bikerchangelog"
  },
  {
    "pk": 329,
    "fields": {
      "end_time": null,
      "change_time": "2015-10-03T12:03:49.967Z",
      "biker": 255,
      "start_time": "2015-10-03T12:03:47.286Z"
    },
    "model": "biker.bikerchangelog"
  },
  {
    "pk": 330,
    "fields": {
      "end_time": null,
      "change_time": "2015-10-03T12:04:17.514Z",
      "biker": 256,
      "start_time": "2015-10-03T12:04:14.789Z"
    },
    "model": "biker.bikerchangelog"
  },
  {
    "pk": 331,
    "fields": {
      "end_time": null,
      "change_time": "2015-10-03T12:04:44.643Z",
      "biker": 257,
      "start_time": "2015-10-03T12:04:41.654Z"
    },
    "model": "biker.bikerchangelog"
  },
  {
    "pk": 332,
    "fields": {
      "end_time": null,
      "change_time": "2015-10-03T12:05:11.742Z",
      "biker": 258,
      "start_time": "2015-10-03T12:05:08.904Z"
    },
    "model": "biker.bikerchangelog"
  },
  {
    "pk": 333,
    "fields": {
      "end_time": null,
      "change_time": "2015-10-03T12:06:05.925Z",
      "biker": 259,
      "start_time": "2015-10-03T12:05:36.529Z"
    },
    "model": "biker.bikerchangelog"
  },
  {
    "pk": 334,
    "fields": {
      "end_time": null,
      "change_time": "2015-10-03T12:06:06.416Z",
      "biker": 260,
      "start_time": "2015-10-03T12:06:03.020Z"
    },
    "model": "biker.bikerchangelog"
  },
  {
    "pk": 335,
    "fields": {
      "end_time": null,
      "change_time": "2015-10-03T12:06:32.465Z",
      "biker": 261,
      "start_time": "2015-10-03T12:06:29.654Z"
    },
    "model": "biker.bikerchangelog"
  },
  {
    "pk": 336,
    "fields": {
      "end_time": null,
      "change_time": "2015-10-03T12:06:59.361Z",
      "biker": 262,
      "start_time": "2015-10-03T12:06:56.762Z"
    },
    "model": "biker.bikerchangelog"
  },
  {
    "pk": 337,
    "fields": {
      "end_time": null,
      "change_time": "2015-10-03T12:07:26.004Z",
      "biker": 263,
      "start_time": "2015-10-03T12:07:23.309Z"
    },
    "model": "biker.bikerchangelog"
  },
  {
    "pk": 338,
    "fields": {
      "end_time": null,
      "change_time": "2015-10-03T12:07:52.175Z",
      "biker": 264,
      "start_time": "2015-10-03T12:07:49.438Z"
    },
    "model": "biker.bikerchangelog"
  },
  {
    "pk": 339,
    "fields": {
      "end_time": null,
      "change_time": "2015-10-03T12:08:18.774Z",
      "biker": 265,
      "start_time": "2015-10-03T12:08:15.809Z"
    },
    "model": "biker.bikerchangelog"
  },
  {
    "pk": 340,
    "fields": {
      "end_time": null,
      "change_time": "2015-10-03T12:08:44.773Z",
      "biker": 266,
      "start_time": "2015-10-03T12:08:42.069Z"
    },
    "model": "biker.bikerchangelog"
  },
  {
    "pk": 341,
    "fields": {
      "end_time": null,
      "change_time": "2015-10-03T12:09:12.096Z",
      "biker": 267,
      "start_time": "2015-10-03T12:09:08.678Z"
    },
    "model": "biker.bikerchangelog"
  },
  {
    "pk": 342,
    "fields": {
      "end_time": null,
      "change_time": "2015-10-03T12:09:37.895Z",
      "biker": 268,
      "start_time": "2015-10-03T12:09:35.046Z"
    },
    "model": "biker.bikerchangelog"
  },
  {
    "pk": 343,
    "fields": {
      "end_time": null,
      "change_time": "2015-10-03T12:10:04.196Z",
      "biker": 269,
      "start_time": "2015-10-03T12:10:01.540Z"
    },
    "model": "biker.bikerchangelog"
  },
  {
    "pk": 344,
    "fields": {
      "end_time": null,
      "change_time": "2015-10-03T12:10:32.297Z",
      "biker": 270,
      "start_time": "2015-10-03T12:10:29.279Z"
    },
    "model": "biker.bikerchangelog"
  },
  {
    "pk": 345,
    "fields": {
      "end_time": null,
      "change_time": "2015-10-03T12:10:58.663Z",
      "biker": 271,
      "start_time": "2015-10-03T12:10:55.901Z"
    },
    "model": "biker.bikerchangelog"
  },
  {
    "pk": 346,
    "fields": {
      "end_time": null,
      "change_time": "2015-10-03T12:11:24.631Z",
      "biker": 272,
      "start_time": "2015-10-03T12:11:22.042Z"
    },
    "model": "biker.bikerchangelog"
  },
  {
    "pk": 347,
    "fields": {
      "end_time": null,
      "change_time": "2015-10-03T12:11:50.951Z",
      "biker": 273,
      "start_time": "2015-10-03T12:11:48.296Z"
    },
    "model": "biker.bikerchangelog"
  },
  {
    "pk": 348,
    "fields": {
      "end_time": null,
      "change_time": "2015-10-03T12:12:17.707Z",
      "biker": 274,
      "start_time": "2015-10-03T12:12:15.056Z"
    },
    "model": "biker.bikerchangelog"
  },
  {
    "pk": 349,
    "fields": {
      "end_time": null,
      "change_time": "2015-10-03T12:12:44.825Z",
      "biker": 275,
      "start_time": "2015-10-03T12:12:41.927Z"
    },
    "model": "biker.bikerchangelog"
  },
  {
    "pk": 350,
    "fields": {
      "end_time": null,
      "change_time": "2015-10-03T12:13:13.005Z",
      "biker": 276,
      "start_time": "2015-10-03T12:13:08.681Z"
    },
    "model": "biker.bikerchangelog"
  },
  {
    "pk": 351,
    "fields": {
      "end_time": null,
      "change_time": "2015-10-03T12:13:37.456Z",
      "biker": 277,
      "start_time": "2015-10-03T12:13:34.808Z"
    },
    "model": "biker.bikerchangelog"
  },
  {
    "pk": 352,
    "fields": {
      "end_time": null,
      "change_time": "2015-10-03T12:14:04.824Z",
      "biker": 279,
      "start_time": "2015-10-03T12:14:02.163Z"
    },
    "model": "biker.bikerchangelog"
  },
  {
    "pk": 353,
    "fields": {
      "end_time": null,
      "change_time": "2015-10-03T12:14:33.253Z",
      "biker": 281,
      "start_time": "2015-10-03T12:14:29.660Z"
    },
    "model": "biker.bikerchangelog"
  },
  {
    "pk": 354,
    "fields": {
      "end_time": null,
      "change_time": "2015-10-03T12:14:59.089Z",
      "biker": 282,
      "start_time": "2015-10-03T12:14:56.278Z"
    },
    "model": "biker.bikerchangelog"
  },
  {
    "pk": 355,
    "fields": {
      "end_time": null,
      "change_time": "2015-10-03T12:15:26.252Z",
      "biker": 283,
      "start_time": "2015-10-03T12:15:23.549Z"
    },
    "model": "biker.bikerchangelog"
  },
  {
    "pk": 356,
    "fields": {
      "end_time": null,
      "change_time": "2015-10-03T12:15:53.131Z",
      "biker": 284,
      "start_time": "2015-10-03T12:15:50.180Z"
    },
    "model": "biker.bikerchangelog"
  },
  {
    "pk": 357,
    "fields": {
      "end_time": null,
      "change_time": "2015-10-03T12:16:14.083Z",
      "biker": 249,
      "start_time": "2015-10-03T12:01:05.404Z"
    },
    "model": "biker.bikerchangelog"
  },
  {
    "pk": 358,
    "fields": {
      "end_time": "2015-10-03T12:16:08.634Z",
      "change_time": "2015-10-03T12:16:14.093Z",
      "biker": 249,
      "start_time": null
    },
    "model": "biker.bikerchangelog"
  },
  {
    "pk": 359,
    "fields": {
      "end_time": null,
      "change_time": "2015-10-03T12:16:19.556Z",
      "biker": 280,
      "start_time": "2015-10-03T12:16:16.809Z"
    },
    "model": "biker.bikerchangelog"
  },
  {
    "pk": 360,
    "fields": {
      "end_time": null,
      "change_time": "2015-10-03T12:17:59.171Z",
      "biker": 252,
      "start_time": "2015-10-03T12:02:27.029Z"
    },
    "model": "biker.bikerchangelog"
  },
  {
    "pk": 361,
    "fields": {
      "end_time": "2015-10-03T12:17:56.332Z",
      "change_time": "2015-10-03T12:17:59.181Z",
      "biker": 252,
      "start_time": null
    },
    "model": "biker.bikerchangelog"
  },
  {
    "pk": 362,
    "fields": {
      "end_time": null,
      "change_time": "2015-10-03T12:18:23.594Z",
      "biker": 248,
      "start_time": "2015-10-03T12:00:38.285Z"
    },
    "model": "biker.bikerchangelog"
  },
  {
    "pk": 363,
    "fields": {
      "end_time": "2015-10-03T12:18:18.852Z",
      "change_time": "2015-10-03T12:18:23.603Z",
      "biker": 248,
      "start_time": null
    },
    "model": "biker.bikerchangelog"
  },
  {
    "pk": 364,
    "fields": {
      "end_time": null,
      "change_time": "2015-10-03T12:18:45.434Z",
      "biker": 250,
      "start_time": "2015-10-03T12:01:32.275Z"
    },
    "model": "biker.bikerchangelog"
  },
  {
    "pk": 365,
    "fields": {
      "end_time": "2015-10-03T12:18:38.924Z",
      "change_time": "2015-10-03T12:18:45.444Z",
      "biker": 250,
      "start_time": null
    },
    "model": "biker.bikerchangelog"
  },
  {
    "pk": 366,
    "fields": {
      "end_time": null,
      "change_time": "2015-10-03T12:20:44.594Z",
      "biker": 257,
      "start_time": "2015-10-03T12:04:41.654Z"
    },
    "model": "biker.bikerchangelog"
  },
  {
    "pk": 367,
    "fields": {
      "end_time": "2015-10-03T12:20:37.413Z",
      "change_time": "2015-10-03T12:20:44.616Z",
      "biker": 257,
      "start_time": null
    },
    "model": "biker.bikerchangelog"
  },
  {
    "pk": 368,
    "fields": {
      "end_time": null,
      "change_time": "2015-10-03T12:21:02.603Z",
      "biker": 256,
      "start_time": "2015-10-03T12:04:14.789Z"
    },
    "model": "biker.bikerchangelog"
  },
  {
    "pk": 369,
    "fields": {
      "end_time": "2015-10-03T12:20:56.707Z",
      "change_time": "2015-10-03T12:21:02.613Z",
      "biker": 256,
      "start_time": null
    },
    "model": "biker.bikerchangelog"
  },
  {
    "pk": 370,
    "fields": {
      "end_time": null,
      "change_time": "2015-10-03T12:21:16.929Z",
      "biker": 255,
      "start_time": "2015-10-03T12:03:47.286Z"
    },
    "model": "biker.bikerchangelog"
  },
  {
    "pk": 371,
    "fields": {
      "end_time": "2015-10-03T12:21:13.138Z",
      "change_time": "2015-10-03T12:21:16.939Z",
      "biker": 255,
      "start_time": null
    },
    "model": "biker.bikerchangelog"
  },
  {
    "pk": 372,
    "fields": {
      "end_time": null,
      "change_time": "2015-10-03T12:22:45.875Z",
      "biker": 254,
      "start_time": "2015-10-03T12:03:20.536Z"
    },
    "model": "biker.bikerchangelog"
  },
  {
    "pk": 373,
    "fields": {
      "end_time": "2015-10-03T12:22:43.723Z",
      "change_time": "2015-10-03T12:22:45.885Z",
      "biker": 254,
      "start_time": null
    },
    "model": "biker.bikerchangelog"
  },
  {
    "pk": 374,
    "fields": {
      "end_time": null,
      "change_time": "2015-10-03T12:23:11.869Z",
      "biker": 253,
      "start_time": "2015-10-03T12:02:53.789Z"
    },
    "model": "biker.bikerchangelog"
  },
  {
    "pk": 375,
    "fields": {
      "end_time": "2015-10-03T12:23:07.471Z",
      "change_time": "2015-10-03T12:23:11.880Z",
      "biker": 253,
      "start_time": null
    },
    "model": "biker.bikerchangelog"
  },
  {
    "pk": 376,
    "fields": {
      "end_time": null,
      "change_time": "2015-10-03T12:23:23.888Z",
      "biker": 251,
      "start_time": "2015-10-03T12:02:00.016Z"
    },
    "model": "biker.bikerchangelog"
  },
  {
    "pk": 377,
    "fields": {
      "end_time": "2015-10-03T12:23:13.325Z",
      "change_time": "2015-10-03T12:23:23.898Z",
      "biker": 251,
      "start_time": null
    },
    "model": "biker.bikerchangelog"
  },
  {
    "pk": 378,
    "fields": {
      "end_time": null,
      "change_time": "2015-10-03T12:24:49.129Z",
      "biker": 258,
      "start_time": "2015-10-03T12:05:08.904Z"
    },
    "model": "biker.bikerchangelog"
  },
  {
    "pk": 379,
    "fields": {
      "end_time": "2015-10-03T12:24:45.559Z",
      "change_time": "2015-10-03T12:24:49.141Z",
      "biker": 258,
      "start_time": null
    },
    "model": "biker.bikerchangelog"
  },
  {
    "pk": 380,
    "fields": {
      "end_time": null,
      "change_time": "2015-10-03T12:26:50.185Z",
      "biker": 262,
      "start_time": "2015-10-03T12:06:56.762Z"
    },
    "model": "biker.bikerchangelog"
  },
  {
    "pk": 381,
    "fields": {
      "end_time": "2015-10-03T12:26:45.062Z",
      "change_time": "2015-10-03T12:26:50.195Z",
      "biker": 262,
      "start_time": null
    },
    "model": "biker.bikerchangelog"
  },
  {
    "pk": 382,
    "fields": {
      "end_time": null,
      "change_time": "2015-10-03T12:27:37.087Z",
      "biker": 266,
      "start_time": "2015-10-03T12:08:42.069Z"
    },
    "model": "biker.bikerchangelog"
  },
  {
    "pk": 383,
    "fields": {
      "end_time": "2015-10-03T12:27:26.260Z",
      "change_time": "2015-10-03T12:27:37.098Z",
      "biker": 266,
      "start_time": null
    },
    "model": "biker.bikerchangelog"
  },
  {
    "pk": 384,
    "fields": {
      "end_time": null,
      "change_time": "2015-10-03T12:27:40.646Z",
      "biker": 261,
      "start_time": "2015-10-03T12:06:29.654Z"
    },
    "model": "biker.bikerchangelog"
  },
  {
    "pk": 385,
    "fields": {
      "end_time": "2015-10-03T12:27:30.316Z",
      "change_time": "2015-10-03T12:27:40.656Z",
      "biker": 261,
      "start_time": null
    },
    "model": "biker.bikerchangelog"
  },
  {
    "pk": 386,
    "fields": {
      "end_time": null,
      "change_time": "2015-10-03T12:28:18.500Z",
      "biker": 268,
      "start_time": "2015-10-03T12:09:35.046Z"
    },
    "model": "biker.bikerchangelog"
  },
  {
    "pk": 387,
    "fields": {
      "end_time": "2015-10-03T12:28:07.773Z",
      "change_time": "2015-10-03T12:28:18.510Z",
      "biker": 268,
      "start_time": null
    },
    "model": "biker.bikerchangelog"
  },
  {
    "pk": 388,
    "fields": {
      "end_time": null,
      "change_time": "2015-10-03T12:28:46.018Z",
      "biker": 263,
      "start_time": "2015-10-03T12:07:23.309Z"
    },
    "model": "biker.bikerchangelog"
  },
  {
    "pk": 389,
    "fields": {
      "end_time": "2015-10-03T12:28:43.832Z",
      "change_time": "2015-10-03T12:28:46.030Z",
      "biker": 263,
      "start_time": null
    },
    "model": "biker.bikerchangelog"
  },
  {
    "pk": 390,
    "fields": {
      "end_time": null,
      "change_time": "2015-10-03T12:29:10.595Z",
      "biker": 271,
      "start_time": "2015-10-03T12:10:55.901Z"
    },
    "model": "biker.bikerchangelog"
  },
  {
    "pk": 391,
    "fields": {
      "end_time": "2015-10-03T12:28:52.556Z",
      "change_time": "2015-10-03T12:29:10.605Z",
      "biker": 271,
      "start_time": null
    },
    "model": "biker.bikerchangelog"
  },
  {
    "pk": 392,
    "fields": {
      "end_time": null,
      "change_time": "2015-10-03T12:29:12.220Z",
      "biker": 273,
      "start_time": "2015-10-03T12:11:48.296Z"
    },
    "model": "biker.bikerchangelog"
  },
  {
    "pk": 393,
    "fields": {
      "end_time": "2015-10-03T12:28:58.690Z",
      "change_time": "2015-10-03T12:29:12.229Z",
      "biker": 273,
      "start_time": null
    },
    "model": "biker.bikerchangelog"
  },
  {
    "pk": 394,
    "fields": {
      "end_time": null,
      "change_time": "2015-10-03T12:30:05.445Z",
      "biker": 279,
      "start_time": "2015-10-03T12:14:02.163Z"
    },
    "model": "biker.bikerchangelog"
  },
  {
    "pk": 395,
    "fields": {
      "end_time": "2015-10-03T12:29:39.269Z",
      "change_time": "2015-10-03T12:30:05.457Z",
      "biker": 279,
      "start_time": null
    },
    "model": "biker.bikerchangelog"
  },
  {
    "pk": 396,
    "fields": {
      "end_time": null,
      "change_time": "2015-10-03T12:30:08.926Z",
      "biker": 272,
      "start_time": "2015-10-03T12:11:22.042Z"
    },
    "model": "biker.bikerchangelog"
  },
  {
    "pk": 397,
    "fields": {
      "end_time": "2015-10-03T12:29:44.007Z",
      "change_time": "2015-10-03T12:30:08.936Z",
      "biker": 272,
      "start_time": null
    },
    "model": "biker.bikerchangelog"
  },
  {
    "pk": 398,
    "fields": {
      "end_time": null,
      "change_time": "2015-10-03T12:30:10.429Z",
      "biker": 264,
      "start_time": "2015-10-03T12:07:49.437Z"
    },
    "model": "biker.bikerchangelog"
  },
  {
    "pk": 399,
    "fields": {
      "end_time": "2015-10-03T12:30:00.599Z",
      "change_time": "2015-10-03T12:30:10.439Z",
      "biker": 264,
      "start_time": null
    },
    "model": "biker.bikerchangelog"
  },
  {
    "pk": 400,
    "fields": {
      "end_time": null,
      "change_time": "2015-10-03T12:30:22.410Z",
      "biker": 270,
      "start_time": "2015-10-03T12:10:29.279Z"
    },
    "model": "biker.bikerchangelog"
  },
  {
    "pk": 401,
    "fields": {
      "end_time": "2015-10-03T12:30:17.384Z",
      "change_time": "2015-10-03T12:30:22.422Z",
      "biker": 270,
      "start_time": null
    },
    "model": "biker.bikerchangelog"
  },
  {
    "pk": 402,
    "fields": {
      "end_time": null,
      "change_time": "2015-10-03T12:31:28.250Z",
      "biker": 269,
      "start_time": "2015-10-03T12:10:01.539Z"
    },
    "model": "biker.bikerchangelog"
  },
  {
    "pk": 403,
    "fields": {
      "end_time": "2015-10-03T12:30:56.694Z",
      "change_time": "2015-10-03T12:31:28.260Z",
      "biker": 269,
      "start_time": null
    },
    "model": "biker.bikerchangelog"
  },
  {
    "pk": 404,
    "fields": {
      "end_time": null,
      "change_time": "2015-10-03T12:31:30.748Z",
      "biker": 267,
      "start_time": "2015-10-03T12:09:08.677Z"
    },
    "model": "biker.bikerchangelog"
  },
  {
    "pk": 405,
    "fields": {
      "end_time": "2015-10-03T12:31:11.194Z",
      "change_time": "2015-10-03T12:31:30.758Z",
      "biker": 267,
      "start_time": null
    },
    "model": "biker.bikerchangelog"
  },
  {
    "pk": 406,
    "fields": {
      "end_time": null,
      "change_time": "2015-10-03T12:31:32.445Z",
      "biker": 265,
      "start_time": "2015-10-03T12:08:15.809Z"
    },
    "model": "biker.bikerchangelog"
  },
  {
    "pk": 407,
    "fields": {
      "end_time": "2015-10-03T12:31:17.584Z",
      "change_time": "2015-10-03T12:31:32.455Z",
      "biker": 265,
      "start_time": null
    },
    "model": "biker.bikerchangelog"
  },
  {
    "pk": 408,
    "fields": {
      "end_time": null,
      "change_time": "2015-10-03T12:32:18.680Z",
      "biker": 274,
      "start_time": "2015-10-03T12:12:15.055Z"
    },
    "model": "biker.bikerchangelog"
  },
  {
    "pk": 409,
    "fields": {
      "end_time": "2015-10-03T12:32:15.180Z",
      "change_time": "2015-10-03T12:32:18.692Z",
      "biker": 274,
      "start_time": null
    },
    "model": "biker.bikerchangelog"
  },
  {
    "pk": 410,
    "fields": {
      "end_time": null,
      "change_time": "2015-10-03T12:32:34.373Z",
      "biker": 281,
      "start_time": "2015-10-03T12:14:29.660Z"
    },
    "model": "biker.bikerchangelog"
  },
  {
    "pk": 411,
    "fields": {
      "end_time": "2015-10-03T12:32:28.780Z",
      "change_time": "2015-10-03T12:32:34.383Z",
      "biker": 281,
      "start_time": null
    },
    "model": "biker.bikerchangelog"
  },
  {
    "pk": 412,
    "fields": {
      "end_time": null,
      "change_time": "2015-10-03T12:33:09.161Z",
      "biker": 277,
      "start_time": "2015-10-03T12:13:34.808Z"
    },
    "model": "biker.bikerchangelog"
  },
  {
    "pk": 413,
    "fields": {
      "end_time": "2015-10-03T12:32:49.615Z",
      "change_time": "2015-10-03T12:33:09.170Z",
      "biker": 277,
      "start_time": null
    },
    "model": "biker.bikerchangelog"
  },
  {
    "pk": 414,
    "fields": {
      "end_time": null,
      "change_time": "2015-10-03T12:33:23.127Z",
      "biker": 280,
      "start_time": "2015-10-03T12:16:16.809Z"
    },
    "model": "biker.bikerchangelog"
  },
  {
    "pk": 415,
    "fields": {
      "end_time": "2015-10-03T12:33:10.131Z",
      "change_time": "2015-10-03T12:33:23.138Z",
      "biker": 280,
      "start_time": null
    },
    "model": "biker.bikerchangelog"
  },
  {
    "pk": 416,
    "fields": {
      "end_time": null,
      "change_time": "2015-10-03T12:33:40.371Z",
      "biker": 284,
      "start_time": "2015-10-03T12:15:50.180Z"
    },
    "model": "biker.bikerchangelog"
  },
  {
    "pk": 417,
    "fields": {
      "end_time": "2015-10-03T12:33:33.688Z",
      "change_time": "2015-10-03T12:33:40.382Z",
      "biker": 284,
      "start_time": null
    },
    "model": "biker.bikerchangelog"
  },
  {
    "pk": 418,
    "fields": {
      "end_time": null,
      "change_time": "2015-10-03T12:35:29.900Z",
      "biker": 260,
      "start_time": "2015-10-03T12:06:03.019Z"
    },
    "model": "biker.bikerchangelog"
  },
  {
    "pk": 419,
    "fields": {
      "end_time": "2015-10-03T12:35:27.733Z",
      "change_time": "2015-10-03T12:35:29.910Z",
      "biker": 260,
      "start_time": null
    },
    "model": "biker.bikerchangelog"
  },
  {
    "pk": 420,
    "fields": {
      "end_time": null,
      "change_time": "2015-10-03T12:35:56.118Z",
      "biker": 259,
      "start_time": "2015-10-03T12:05:36.529Z"
    },
    "model": "biker.bikerchangelog"
  },
  {
    "pk": 421,
    "fields": {
      "end_time": "2015-10-03T12:35:52.407Z",
      "change_time": "2015-10-03T12:35:56.129Z",
      "biker": 259,
      "start_time": null
    },
    "model": "biker.bikerchangelog"
  },
  {
    "pk": 422,
    "fields": {
      "end_time": null,
      "change_time": "2015-10-03T12:36:31.471Z",
      "biker": 276,
      "start_time": "2015-10-03T12:13:08.680Z"
    },
    "model": "biker.bikerchangelog"
  },
  {
    "pk": 423,
    "fields": {
      "end_time": "2015-10-03T12:36:26.648Z",
      "change_time": "2015-10-03T12:36:31.482Z",
      "biker": 276,
      "start_time": null
    },
    "model": "biker.bikerchangelog"
  },
  {
    "pk": 424,
    "fields": {
      "end_time": null,
      "change_time": "2015-10-03T12:38:47.546Z",
      "biker": 275,
      "start_time": "2015-10-03T12:12:41.927Z"
    },
    "model": "biker.bikerchangelog"
  },
  {
    "pk": 425,
    "fields": {
      "end_time": "2015-10-03T12:38:37.924Z",
      "change_time": "2015-10-03T12:38:47.564Z",
      "biker": 275,
      "start_time": null
    },
    "model": "biker.bikerchangelog"
  },
  {
    "pk": 426,
    "fields": {
      "end_time": null,
      "change_time": "2015-10-03T12:40:03.114Z",
      "biker": 282,
      "start_time": "2015-10-03T12:14:56.278Z"
    },
    "model": "biker.bikerchangelog"
  },
  {
    "pk": 427,
    "fields": {
      "end_time": "2015-10-03T12:39:59.394Z",
      "change_time": "2015-10-03T12:40:03.123Z",
      "biker": 282,
      "start_time": null
    },
    "model": "biker.bikerchangelog"
  },
  {
    "pk": 428,
    "fields": {
      "end_time": null,
      "change_time": "2015-10-03T12:44:48.231Z",
      "biker": 283,
      "start_time": "2015-10-03T12:15:23.549Z"
    },
    "model": "biker.bikerchangelog"
  },
  {
    "pk": 429,
    "fields": {
      "end_time": "2015-10-03T12:44:45.698Z",
      "change_time": "2015-10-03T12:44:48.243Z",
      "biker": 283,
      "start_time": null
    },
    "model": "biker.bikerchangelog"
  }
]
