[
  {
    "model": "biker.category",
    "pk": 16,
    "fields": {
      "name": "\u017denske do 30 let",
      "gender": "\u017denske"
    }
  },
  {
    "model": "biker.category",
    "pk": 17,
    "fields": {
      "name": "\u017denske nad 30 do 50 let",
      "gender": "\u017denske"
    }
  },
  {
    "model": "biker.category",
    "pk": 18,
    "fields": {
      "name": "\u017denske nad 50 do 60 let",
      "gender": "\u017denske"
    }
  },
  {
    "model": "biker.category",
    "pk": 19,
    "fields": {
      "name": "\u017denske nad 60 let",
      "gender": "\u017denske"
    }
  },
  {
    "model": "biker.category",
    "pk": 20,
    "fields": {
      "name": "Mo\u0161ki do 30 let",
      "gender": "Mo\u0161ki"
    }
  },
  {
    "model": "biker.category",
    "pk": 21,
    "fields": {
      "name": "Mo\u0161ki nad 30 do 40 let",
      "gender": "Mo\u0161ki"
    }
  },
  {
    "model": "biker.category",
    "pk": 22,
    "fields": {
      "name": "Mo\u0161ki nad 40 do 50 let",
      "gender": "Mo\u0161ki"
    }
  },
  {
    "model": "biker.category",
    "pk": 23,
    "fields": {
      "name": "Mo\u0161ki nad 50 do 60 let",
      "gender": "Mo\u0161ki"
    }
  },
  {
    "model": "biker.category",
    "pk": 24,
    "fields": {
      "name": "Mo\u0161ki nad 60 let",
      "gender": "Mo\u0161ki"
    }
  },
  {
    "model": "biker.biker",
    "pk": 94,
    "fields": {
      "number": 1,
      "name": "Bo\u0161tjan",
      "surname": "Kop\u0161e",
      "category": 21,
      "birth_year": 1983,
      "domestic": false,
      "start_time": "2016-09-24T12:05:54.244Z",
      "end_time": "2016-09-24T12:32:26.188Z"
    }
  },
  {
    "model": "biker.biker",
    "pk": 95,
    "fields": {
      "number": 2,
      "name": "Martin",
      "surname": "grad",
      "category": 21,
      "birth_year": 1983,
      "domestic": false,
      "start_time": "2016-09-24T12:07:05Z",
      "end_time": "2016-09-24T12:22:20Z"
    }
  },
  {
    "model": "biker.biker",
    "pk": 96,
    "fields": {
      "number": 3,
      "name": "Zdravko",
      "surname": "Novak",
      "category": 21,
      "birth_year": 1977,
      "domestic": false,
      "start_time": "2016-09-24T12:06:34Z",
      "end_time": "2016-09-24T12:23:38Z"
    }
  },
  {
    "model": "biker.biker",
    "pk": 97,
    "fields": {
      "number": 4,
      "name": "Uro\u0161",
      "surname": "Ver\u010di\u010d",
      "category": 22,
      "birth_year": 1975,
      "domestic": false,
      "start_time": "2016-09-24T12:07:35.944Z",
      "end_time": "2016-09-24T12:23:25.001Z"
    }
  },
  {
    "model": "biker.biker",
    "pk": 98,
    "fields": {
      "number": 5,
      "name": "Jani",
      "surname": "Suhadolnik",
      "category": 23,
      "birth_year": 1958,
      "domestic": false,
      "start_time": "2016-09-24T12:08:06.912Z",
      "end_time": "2016-09-24T12:27:11.099Z"
    }
  },
  {
    "model": "biker.biker",
    "pk": 99,
    "fields": {
      "number": 6,
      "name": "Rado",
      "surname": "Prpar",
      "category": 23,
      "birth_year": 1965,
      "domestic": false,
      "start_time": "2016-09-24T12:08:37.424Z",
      "end_time": "2016-09-24T12:26:40.006Z"
    }
  },
  {
    "model": "biker.biker",
    "pk": 100,
    "fields": {
      "number": 7,
      "name": "Borislav",
      "surname": "Skubic",
      "category": 23,
      "birth_year": 1958,
      "domestic": false,
      "start_time": "2016-09-24T12:09:07.828Z",
      "end_time": "2016-09-24T12:26:24.360Z"
    }
  },
  {
    "model": "biker.biker",
    "pk": 101,
    "fields": {
      "number": 8,
      "name": "Drago",
      "surname": "Turk",
      "category": 24,
      "birth_year": 1948,
      "domestic": false,
      "start_time": "2016-09-24T12:09:38.584Z",
      "end_time": "2016-09-24T12:30:18.492Z"
    }
  },
  {
    "model": "biker.biker",
    "pk": 102,
    "fields": {
      "number": 9,
      "name": "Anton",
      "surname": "Kocjek",
      "category": 24,
      "birth_year": 1956,
      "domestic": false,
      "start_time": "2016-09-24T12:10:08.595Z",
      "end_time": "2016-09-24T12:29:30.013Z"
    }
  },
  {
    "model": "biker.biker",
    "pk": 103,
    "fields": {
      "number": 10,
      "name": "Stanislav",
      "surname": "Verstov\u0161ek",
      "category": 22,
      "birth_year": 1976,
      "domestic": false,
      "start_time": "2016-09-24T12:10:38.532Z",
      "end_time": "2016-09-24T12:27:09.301Z"
    }
  },
  {
    "model": "biker.biker",
    "pk": 104,
    "fields": {
      "number": 11,
      "name": "Tom",
      "surname": "Kunaver",
      "category": 20,
      "birth_year": 1989,
      "domestic": false,
      "start_time": "2016-09-24T12:11:05.927Z",
      "end_time": "2016-09-24T12:28:41.779Z"
    }
  },
  {
    "model": "biker.biker",
    "pk": 105,
    "fields": {
      "number": 12,
      "name": "Janez",
      "surname": "Trunkelj",
      "category": 22,
      "birth_year": 1967,
      "domestic": false,
      "start_time": "2016-09-24T12:11:35.543Z",
      "end_time": "2016-09-24T12:30:54.563Z"
    }
  },
  {
    "model": "biker.biker",
    "pk": 106,
    "fields": {
      "number": 13,
      "name": "Jernej",
      "surname": "Stibilj",
      "category": 21,
      "birth_year": 1981,
      "domestic": false,
      "start_time": "2016-09-24T12:12:04.438Z",
      "end_time": "2016-09-24T12:27:45.947Z"
    }
  },
  {
    "model": "biker.biker",
    "pk": 107,
    "fields": {
      "number": 14,
      "name": "Bo\u0161tjan",
      "surname": "Smuk",
      "category": 22,
      "birth_year": 1974,
      "domestic": false,
      "start_time": "2016-09-24T12:12:35.091Z",
      "end_time": "2016-09-24T12:30:18.492Z"
    }
  },
  {
    "model": "biker.biker",
    "pk": 108,
    "fields": {
      "number": 15,
      "name": "Jovo",
      "surname": "Jovi\u0161i\u010d",
      "category": 22,
      "birth_year": 1967,
      "domestic": false,
      "start_time": "2016-09-24T12:13:05.236Z",
      "end_time": "2016-09-24T12:30:10.614Z"
    }
  },
  {
    "model": "biker.biker",
    "pk": 109,
    "fields": {
      "number": 16,
      "name": "Florjan",
      "surname": "Osvald",
      "category": 20,
      "birth_year": 1998,
      "domestic": false,
      "start_time": "2016-09-24T12:13:35.092Z",
      "end_time": "2016-09-24T12:31:37.976Z"
    }
  },
  {
    "model": "biker.biker",
    "pk": 110,
    "fields": {
      "number": 17,
      "name": "Alja\u017e",
      "surname": "Kordi\u0161",
      "category": 20,
      "birth_year": 1998,
      "domestic": false,
      "start_time": "2016-09-24T12:14:05.155Z",
      "end_time": "2016-09-24T12:35:57.842Z"
    }
  },
  {
    "model": "biker.biker",
    "pk": 111,
    "fields": {
      "number": 18,
      "name": "Drago",
      "surname": "Mehle",
      "category": 23,
      "birth_year": 1964,
      "domestic": false,
      "start_time": "2016-09-24T12:14:34.736Z",
      "end_time": "2016-09-24T12:34:59.673Z"
    }
  },
  {
    "model": "biker.biker",
    "pk": 112,
    "fields": {
      "number": 19,
      "name": "Ale\u0161",
      "surname": "Janc",
      "category": 21,
      "birth_year": 1980,
      "domestic": false,
      "start_time": "2016-09-24T12:15:04.765Z",
      "end_time": "2016-09-24T12:32:13.365Z"
    }
  },
  {
    "model": "biker.biker",
    "pk": 113,
    "fields": {
      "number": 20,
      "name": "Janez",
      "surname": "Dremelj",
      "category": 24,
      "birth_year": 1948,
      "domestic": false,
      "start_time": "2016-09-24T12:15:34.879Z",
      "end_time": "2016-09-24T12:34:13.523Z"
    }
  },
  {
    "model": "biker.biker",
    "pk": 114,
    "fields": {
      "number": 21,
      "name": "Mateja",
      "surname": "Me\u0161ko",
      "category": 17,
      "birth_year": 1971,
      "domestic": false,
      "start_time": "2016-09-24T12:16:04.091Z",
      "end_time": "2016-09-24T12:36:06.317Z"
    }
  },
  {
    "model": "biker.biker",
    "pk": 115,
    "fields": {
      "number": 22,
      "name": "Uro\u0161",
      "surname": "Bog\u0161a",
      "category": 21,
      "birth_year": 1984,
      "domestic": false,
      "start_time": "2016-09-24T12:16:33.449Z",
      "end_time": "2016-09-24T12:32:35.355Z"
    }
  },
  {
    "model": "biker.biker",
    "pk": 116,
    "fields": {
      "number": 23,
      "name": "Primo\u017e",
      "surname": "Jereb",
      "category": 20,
      "birth_year": 1988,
      "domestic": false,
      "start_time": "2016-09-24T12:17:03.620Z",
      "end_time": "2016-09-24T12:33:57.657Z"
    }
  },
  {
    "model": "biker.biker",
    "pk": 117,
    "fields": {
      "number": 24,
      "name": "Miha",
      "surname": "Tekavec",
      "category": 20,
      "birth_year": 1989,
      "domestic": false,
      "start_time": "2016-09-24T12:17:33.614Z",
      "end_time": "2016-09-24T12:39:55.733Z"
    }
  },
  {
    "model": "biker.biker",
    "pk": 118,
    "fields": {
      "number": 25,
      "name": "Jan",
      "surname": "Stra\u017ei\u0161ar",
      "category": 20,
      "birth_year": 1996,
      "domestic": false,
      "start_time": "2016-09-24T12:18:03.012Z",
      "end_time": "2016-09-24T12:34:01.600Z"
    }
  },
  {
    "model": "biker.biker",
    "pk": 119,
    "fields": {
      "number": 26,
      "name": "Jan",
      "surname": "Arko",
      "category": 20,
      "birth_year": 1992,
      "domestic": false,
      "start_time": "2016-09-24T12:18:32.995Z",
      "end_time": "2016-09-24T12:35:15.570Z"
    }
  },
  {
    "model": "biker.biker",
    "pk": 120,
    "fields": {
      "number": 27,
      "name": "Ludvik",
      "surname": "Peterlin",
      "category": 23,
      "birth_year": 1959,
      "domestic": false,
      "start_time": "2016-09-24T12:19:02.935Z",
      "end_time": "2016-09-24T12:38:47.648Z"
    }
  },
  {
    "model": "biker.biker",
    "pk": 121,
    "fields": {
      "number": 28,
      "name": "Jo\u017ee",
      "surname": "\u0160kulj",
      "category": 22,
      "birth_year": 1969,
      "domestic": false,
      "start_time": "2016-09-24T12:19:32.452Z",
      "end_time": "2016-09-24T12:41:21.089Z"
    }
  },
  {
    "model": "biker.biker",
    "pk": 122,
    "fields": {
      "number": 29,
      "name": "Miha",
      "surname": "Sivec",
      "category": 21,
      "birth_year": 1986,
      "domestic": false,
      "start_time": "2016-09-24T12:20:02.097Z",
      "end_time": "2016-09-24T12:39:40.416Z"
    }
  },
  {
    "model": "biker.biker",
    "pk": 123,
    "fields": {
      "number": 30,
      "name": "Jurij",
      "surname": "Klan\u010dar",
      "category": 21,
      "birth_year": 1979,
      "domestic": false,
      "start_time": "2016-09-24T12:20:30.803Z",
      "end_time": "2016-09-24T12:39:37.409Z"
    }
  },
  {
    "model": "biker.biker",
    "pk": 124,
    "fields": {
      "number": 31,
      "name": "Lili",
      "surname": "Hren",
      "category": 18,
      "birth_year": 1966,
      "domestic": false,
      "start_time": "2016-09-24T12:21:00.681Z",
      "end_time": "2016-09-24T12:44:48.853Z"
    }
  },
  {
    "model": "biker.biker",
    "pk": 125,
    "fields": {
      "number": 32,
      "name": "Miha",
      "surname": "\u017dgajnar",
      "category": 20,
      "birth_year": 2001,
      "domestic": false,
      "start_time": "2016-09-24T12:21:30.063Z",
      "end_time": "2016-09-24T12:51:51.506Z"
    }
  },
  {
    "model": "biker.biker",
    "pk": 126,
    "fields": {
      "number": 33,
      "name": "Toma\u017e",
      "surname": "Ivani\u010d",
      "category": 22,
      "birth_year": 1973,
      "domestic": false,
      "start_time": "2016-09-24T12:21:59.810Z",
      "end_time": "2016-09-24T12:40:42.214Z"
    }
  },
  {
    "model": "biker.biker",
    "pk": 127,
    "fields": {
      "number": 34,
      "name": "Jure",
      "surname": "Tratnik",
      "category": 21,
      "birth_year": 1983,
      "domestic": false,
      "start_time": "2016-09-24T12:22:29.990Z",
      "end_time": "2016-09-24T12:40:08.424Z"
    }
  },
  {
    "model": "biker.biker",
    "pk": 128,
    "fields": {
      "number": 35,
      "name": "Marina",
      "surname": "Podr\u017eaj",
      "category": 18,
      "birth_year": 1961,
      "domestic": false,
      "start_time": "2016-09-24T12:22:59.795Z",
      "end_time": "2016-09-24T12:50:11.753Z"
    }
  },
  {
    "model": "biker.biker",
    "pk": 129,
    "fields": {
      "number": 36,
      "name": "Marko",
      "surname": "Podr\u017eaj",
      "category": 23,
      "birth_year": 1959,
      "domestic": false,
      "start_time": "2016-09-24T12:23:29.289Z",
      "end_time": "2016-09-24T12:48:10.356Z"
    }
  },
  {
    "model": "biker.biker",
    "pk": 130,
    "fields": {
      "number": 37,
      "name": "Cvetka",
      "surname": "Buh",
      "category": 17,
      "birth_year": 1967,
      "domestic": false,
      "start_time": "2016-09-24T12:23:58.844Z",
      "end_time": "2016-09-24T12:52:10.026Z"
    }
  },
  {
    "model": "biker.biker",
    "pk": 131,
    "fields": {
      "number": 38,
      "name": "Andrej",
      "surname": "\u0160inkovec",
      "category": 21,
      "birth_year": 1982,
      "domestic": false,
      "start_time": "2016-09-24T12:24:28.810Z",
      "end_time": "2016-09-24T12:44:33.345Z"
    }
  },
  {
    "model": "biker.biker",
    "pk": 132,
    "fields": {
      "number": 39,
      "name": "Dodatni",
      "surname": "Ena",
      "category": 16,
      "birth_year": null,
      "domestic": false,
      "start_time": null,
      "end_time": null
    }
  },
  {
    "model": "biker.biker",
    "pk": 133,
    "fields": {
      "number": 40,
      "name": "Dodatni",
      "surname": "Dve",
      "category": 16,
      "birth_year": null,
      "domestic": false,
      "start_time": null,
      "end_time": null
    }
  },
  {
    "model": "biker.biker",
    "pk": 134,
    "fields": {
      "number": 41,
      "name": "Dodatni",
      "surname": "Tri",
      "category": 16,
      "birth_year": null,
      "domestic": false,
      "start_time": null,
      "end_time": null
    }
  },
  {
    "model": "biker.bikerchangelog",
    "pk": 300,
    "fields": {
      "biker": 94,
      "change_time": "2016-09-24T11:20:59.921Z",
      "start_time": "2016-09-24T11:20:58.927Z",
      "end_time": null
    }
  },
  {
    "model": "biker.bikerchangelog",
    "pk": 301,
    "fields": {
      "biker": 94,
      "change_time": "2016-09-24T12:05:54.321Z",
      "start_time": "2016-09-24T12:05:54.244Z",
      "end_time": null
    }
  },
  {
    "model": "biker.bikerchangelog",
    "pk": 302,
    "fields": {
      "biker": 95,
      "change_time": "2016-09-24T12:05:54.611Z",
      "start_time": "2016-09-24T12:05:54.349Z",
      "end_time": null
    }
  },
  {
    "model": "biker.bikerchangelog",
    "pk": 303,
    "fields": {
      "biker": 95,
      "change_time": "2016-09-24T12:06:34.395Z",
      "start_time": "2016-09-24T12:06:34.349Z",
      "end_time": null
    }
  },
  {
    "model": "biker.bikerchangelog",
    "pk": 304,
    "fields": {
      "biker": 96,
      "change_time": "2016-09-24T12:07:06.368Z",
      "start_time": "2016-09-24T12:07:05.474Z",
      "end_time": null
    }
  },
  {
    "model": "biker.bikerchangelog",
    "pk": 305,
    "fields": {
      "biker": 97,
      "change_time": "2016-09-24T12:07:35.948Z",
      "start_time": "2016-09-24T12:07:35.944Z",
      "end_time": null
    }
  },
  {
    "model": "biker.bikerchangelog",
    "pk": 306,
    "fields": {
      "biker": 98,
      "change_time": "2016-09-24T12:08:06.945Z",
      "start_time": "2016-09-24T12:08:06.912Z",
      "end_time": null
    }
  },
  {
    "model": "biker.bikerchangelog",
    "pk": 307,
    "fields": {
      "biker": 99,
      "change_time": "2016-09-24T12:08:37.342Z",
      "start_time": "2016-09-24T12:08:37.424Z",
      "end_time": null
    }
  },
  {
    "model": "biker.bikerchangelog",
    "pk": 308,
    "fields": {
      "biker": 100,
      "change_time": "2016-09-24T12:09:07.932Z",
      "start_time": "2016-09-24T12:09:07.828Z",
      "end_time": null
    }
  },
  {
    "model": "biker.bikerchangelog",
    "pk": 309,
    "fields": {
      "biker": 101,
      "change_time": "2016-09-24T12:09:38.473Z",
      "start_time": "2016-09-24T12:09:38.584Z",
      "end_time": null
    }
  },
  {
    "model": "biker.bikerchangelog",
    "pk": 310,
    "fields": {
      "biker": 102,
      "change_time": "2016-09-24T12:10:08.849Z",
      "start_time": "2016-09-24T12:10:08.595Z",
      "end_time": null
    }
  },
  {
    "model": "biker.bikerchangelog",
    "pk": 311,
    "fields": {
      "biker": 103,
      "change_time": "2016-09-24T12:10:38.625Z",
      "start_time": "2016-09-24T12:10:38.532Z",
      "end_time": null
    }
  },
  {
    "model": "biker.bikerchangelog",
    "pk": 312,
    "fields": {
      "biker": 104,
      "change_time": "2016-09-24T12:11:05.952Z",
      "start_time": "2016-09-24T12:11:05.927Z",
      "end_time": null
    }
  },
  {
    "model": "biker.bikerchangelog",
    "pk": 313,
    "fields": {
      "biker": 105,
      "change_time": "2016-09-24T12:11:35.791Z",
      "start_time": "2016-09-24T12:11:35.543Z",
      "end_time": null
    }
  },
  {
    "model": "biker.bikerchangelog",
    "pk": 314,
    "fields": {
      "biker": 106,
      "change_time": "2016-09-24T12:12:04.497Z",
      "start_time": "2016-09-24T12:12:04.438Z",
      "end_time": null
    }
  },
  {
    "model": "biker.bikerchangelog",
    "pk": 315,
    "fields": {
      "biker": 107,
      "change_time": "2016-09-24T12:12:35.187Z",
      "start_time": "2016-09-24T12:12:35.091Z",
      "end_time": null
    }
  },
  {
    "model": "biker.bikerchangelog",
    "pk": 316,
    "fields": {
      "biker": 108,
      "change_time": "2016-09-24T12:13:05.452Z",
      "start_time": "2016-09-24T12:13:05.236Z",
      "end_time": null
    }
  },
  {
    "model": "biker.bikerchangelog",
    "pk": 317,
    "fields": {
      "biker": 109,
      "change_time": "2016-09-24T12:13:35.179Z",
      "start_time": "2016-09-24T12:13:35.092Z",
      "end_time": null
    }
  },
  {
    "model": "biker.bikerchangelog",
    "pk": 318,
    "fields": {
      "biker": 110,
      "change_time": "2016-09-24T12:14:05.527Z",
      "start_time": "2016-09-24T12:14:05.155Z",
      "end_time": null
    }
  },
  {
    "model": "biker.bikerchangelog",
    "pk": 319,
    "fields": {
      "biker": 111,
      "change_time": "2016-09-24T12:14:34.747Z",
      "start_time": "2016-09-24T12:14:34.736Z",
      "end_time": null
    }
  },
  {
    "model": "biker.bikerchangelog",
    "pk": 320,
    "fields": {
      "biker": 112,
      "change_time": "2016-09-24T12:15:04.879Z",
      "start_time": "2016-09-24T12:15:04.765Z",
      "end_time": null
    }
  },
  {
    "model": "biker.bikerchangelog",
    "pk": 321,
    "fields": {
      "biker": 113,
      "change_time": "2016-09-24T12:15:34.963Z",
      "start_time": "2016-09-24T12:15:34.879Z",
      "end_time": null
    }
  },
  {
    "model": "biker.bikerchangelog",
    "pk": 322,
    "fields": {
      "biker": 114,
      "change_time": "2016-09-24T12:16:04.124Z",
      "start_time": "2016-09-24T12:16:04.091Z",
      "end_time": null
    }
  },
  {
    "model": "biker.bikerchangelog",
    "pk": 323,
    "fields": {
      "biker": 115,
      "change_time": "2016-09-24T12:16:33.499Z",
      "start_time": "2016-09-24T12:16:33.449Z",
      "end_time": null
    }
  },
  {
    "model": "biker.bikerchangelog",
    "pk": 324,
    "fields": {
      "biker": 116,
      "change_time": "2016-09-24T12:17:03.826Z",
      "start_time": "2016-09-24T12:17:03.620Z",
      "end_time": null
    }
  },
  {
    "model": "biker.bikerchangelog",
    "pk": 325,
    "fields": {
      "biker": 117,
      "change_time": "2016-09-24T12:17:33.671Z",
      "start_time": "2016-09-24T12:17:33.614Z",
      "end_time": null
    }
  },
  {
    "model": "biker.bikerchangelog",
    "pk": 326,
    "fields": {
      "biker": 118,
      "change_time": "2016-09-24T12:18:03.075Z",
      "start_time": "2016-09-24T12:18:03.012Z",
      "end_time": null
    }
  },
  {
    "model": "biker.bikerchangelog",
    "pk": 327,
    "fields": {
      "biker": 119,
      "change_time": "2016-09-24T12:18:32.981Z",
      "start_time": "2016-09-24T12:18:32.995Z",
      "end_time": null
    }
  },
  {
    "model": "biker.bikerchangelog",
    "pk": 328,
    "fields": {
      "biker": 120,
      "change_time": "2016-09-24T12:19:02.980Z",
      "start_time": "2016-09-24T12:19:02.935Z",
      "end_time": null
    }
  },
  {
    "model": "biker.bikerchangelog",
    "pk": 329,
    "fields": {
      "biker": 121,
      "change_time": "2016-09-24T12:19:32.490Z",
      "start_time": "2016-09-24T12:19:32.452Z",
      "end_time": null
    }
  },
  {
    "model": "biker.bikerchangelog",
    "pk": 330,
    "fields": {
      "biker": 122,
      "change_time": "2016-09-24T12:20:01.997Z",
      "start_time": "2016-09-24T12:20:02.097Z",
      "end_time": null
    }
  },
  {
    "model": "biker.bikerchangelog",
    "pk": 331,
    "fields": {
      "biker": 123,
      "change_time": "2016-09-24T12:20:30.739Z",
      "start_time": "2016-09-24T12:20:30.803Z",
      "end_time": null
    }
  },
  {
    "model": "biker.bikerchangelog",
    "pk": 332,
    "fields": {
      "biker": 124,
      "change_time": "2016-09-24T12:21:00.697Z",
      "start_time": "2016-09-24T12:21:00.681Z",
      "end_time": null
    }
  },
  {
    "model": "biker.bikerchangelog",
    "pk": 333,
    "fields": {
      "biker": 125,
      "change_time": "2016-09-24T12:21:30.488Z",
      "start_time": "2016-09-24T12:21:30.063Z",
      "end_time": null
    }
  },
  {
    "model": "biker.bikerchangelog",
    "pk": 334,
    "fields": {
      "biker": 126,
      "change_time": "2016-09-24T12:21:59.688Z",
      "start_time": "2016-09-24T12:21:59.810Z",
      "end_time": null
    }
  },
  {
    "model": "biker.bikerchangelog",
    "pk": 335,
    "fields": {
      "biker": 95,
      "change_time": "2016-09-24T12:22:25.375Z",
      "start_time": "2016-09-24T12:06:34.349Z",
      "end_time": null
    }
  },
  {
    "model": "biker.bikerchangelog",
    "pk": 336,
    "fields": {
      "biker": 95,
      "change_time": "2016-09-24T12:22:25.381Z",
      "start_time": null,
      "end_time": "2016-09-24T12:22:20.344Z"
    }
  },
  {
    "model": "biker.bikerchangelog",
    "pk": 337,
    "fields": {
      "biker": 127,
      "change_time": "2016-09-24T12:22:30.111Z",
      "start_time": "2016-09-24T12:22:29.990Z",
      "end_time": null
    }
  },
  {
    "model": "biker.bikerchangelog",
    "pk": 338,
    "fields": {
      "biker": 128,
      "change_time": "2016-09-24T12:22:59.976Z",
      "start_time": "2016-09-24T12:22:59.795Z",
      "end_time": null
    }
  },
  {
    "model": "biker.bikerchangelog",
    "pk": 339,
    "fields": {
      "biker": 129,
      "change_time": "2016-09-24T12:23:29.347Z",
      "start_time": "2016-09-24T12:23:29.289Z",
      "end_time": null
    }
  },
  {
    "model": "biker.bikerchangelog",
    "pk": 340,
    "fields": {
      "biker": 97,
      "change_time": "2016-09-24T12:23:31.188Z",
      "start_time": "2016-09-24T12:07:35.944Z",
      "end_time": null
    }
  },
  {
    "model": "biker.bikerchangelog",
    "pk": 341,
    "fields": {
      "biker": 97,
      "change_time": "2016-09-24T12:23:31.194Z",
      "start_time": null,
      "end_time": "2016-09-24T12:23:25.001Z"
    }
  },
  {
    "model": "biker.bikerchangelog",
    "pk": 342,
    "fields": {
      "biker": 96,
      "change_time": "2016-09-24T12:23:40.003Z",
      "start_time": "2016-09-24T12:07:05.474Z",
      "end_time": null
    }
  },
  {
    "model": "biker.bikerchangelog",
    "pk": 343,
    "fields": {
      "biker": 96,
      "change_time": "2016-09-24T12:23:40.009Z",
      "start_time": null,
      "end_time": "2016-09-24T12:23:38.203Z"
    }
  },
  {
    "model": "biker.bikerchangelog",
    "pk": 344,
    "fields": {
      "biker": 130,
      "change_time": "2016-09-24T12:23:59.007Z",
      "start_time": "2016-09-24T12:23:58.844Z",
      "end_time": null
    }
  },
  {
    "model": "biker.bikerchangelog",
    "pk": 345,
    "fields": {
      "biker": 131,
      "change_time": "2016-09-24T12:24:28.706Z",
      "start_time": "2016-09-24T12:24:28.810Z",
      "end_time": null
    }
  },
  {
    "model": "biker.bikerchangelog",
    "pk": 346,
    "fields": {
      "biker": 100,
      "change_time": "2016-09-24T12:26:28.785Z",
      "start_time": "2016-09-24T12:09:07.828Z",
      "end_time": null
    }
  },
  {
    "model": "biker.bikerchangelog",
    "pk": 347,
    "fields": {
      "biker": 100,
      "change_time": "2016-09-24T12:26:28.808Z",
      "start_time": null,
      "end_time": "2016-09-24T12:26:24.360Z"
    }
  },
  {
    "model": "biker.bikerchangelog",
    "pk": 348,
    "fields": {
      "biker": 99,
      "change_time": "2016-09-24T12:26:46.135Z",
      "start_time": "2016-09-24T12:08:37.424Z",
      "end_time": null
    }
  },
  {
    "model": "biker.bikerchangelog",
    "pk": 349,
    "fields": {
      "biker": 99,
      "change_time": "2016-09-24T12:26:46.142Z",
      "start_time": null,
      "end_time": "2016-09-24T12:26:40.006Z"
    }
  },
  {
    "model": "biker.bikerchangelog",
    "pk": 350,
    "fields": {
      "biker": 98,
      "change_time": "2016-09-24T12:27:24.824Z",
      "start_time": "2016-09-24T12:08:06.912Z",
      "end_time": null
    }
  },
  {
    "model": "biker.bikerchangelog",
    "pk": 351,
    "fields": {
      "biker": 98,
      "change_time": "2016-09-24T12:27:24.832Z",
      "start_time": null,
      "end_time": "2016-09-24T12:27:11.099Z"
    }
  },
  {
    "model": "biker.bikerchangelog",
    "pk": 352,
    "fields": {
      "biker": 103,
      "change_time": "2016-09-24T12:27:25.089Z",
      "start_time": "2016-09-24T12:10:38.532Z",
      "end_time": null
    }
  },
  {
    "model": "biker.bikerchangelog",
    "pk": 353,
    "fields": {
      "biker": 103,
      "change_time": "2016-09-24T12:27:25.095Z",
      "start_time": null,
      "end_time": "2016-09-24T12:27:09.301Z"
    }
  },
  {
    "model": "biker.bikerchangelog",
    "pk": 354,
    "fields": {
      "biker": 106,
      "change_time": "2016-09-24T12:27:52.498Z",
      "start_time": "2016-09-24T12:12:04.438Z",
      "end_time": null
    }
  },
  {
    "model": "biker.bikerchangelog",
    "pk": 355,
    "fields": {
      "biker": 106,
      "change_time": "2016-09-24T12:27:52.504Z",
      "start_time": null,
      "end_time": "2016-09-24T12:27:45.947Z"
    }
  },
  {
    "model": "biker.bikerchangelog",
    "pk": 356,
    "fields": {
      "biker": 104,
      "change_time": "2016-09-24T12:28:45.608Z",
      "start_time": "2016-09-24T12:11:05.927Z",
      "end_time": null
    }
  },
  {
    "model": "biker.bikerchangelog",
    "pk": 357,
    "fields": {
      "biker": 104,
      "change_time": "2016-09-24T12:28:45.618Z",
      "start_time": null,
      "end_time": "2016-09-24T12:28:41.779Z"
    }
  },
  {
    "model": "biker.bikerchangelog",
    "pk": 358,
    "fields": {
      "biker": 102,
      "change_time": "2016-09-24T12:29:32.131Z",
      "start_time": "2016-09-24T12:10:08.595Z",
      "end_time": null
    }
  },
  {
    "model": "biker.bikerchangelog",
    "pk": 359,
    "fields": {
      "biker": 102,
      "change_time": "2016-09-24T12:29:32.137Z",
      "start_time": null,
      "end_time": "2016-09-24T12:29:30.013Z"
    }
  },
  {
    "model": "biker.bikerchangelog",
    "pk": 360,
    "fields": {
      "biker": 108,
      "change_time": "2016-09-24T12:30:16.981Z",
      "start_time": "2016-09-24T12:13:05.236Z",
      "end_time": null
    }
  },
  {
    "model": "biker.bikerchangelog",
    "pk": 361,
    "fields": {
      "biker": 108,
      "change_time": "2016-09-24T12:30:16.995Z",
      "start_time": null,
      "end_time": "2016-09-24T12:30:10.614Z"
    }
  },
  {
    "model": "biker.bikerchangelog",
    "pk": 362,
    "fields": {
      "biker": 101,
      "change_time": "2016-09-24T12:30:19.943Z",
      "start_time": "2016-09-24T12:09:38.584Z",
      "end_time": null
    }
  },
  {
    "model": "biker.bikerchangelog",
    "pk": 363,
    "fields": {
      "biker": 101,
      "change_time": "2016-09-24T12:30:19.949Z",
      "start_time": null,
      "end_time": "2016-09-24T12:30:18.492Z"
    }
  },
  {
    "model": "biker.bikerchangelog",
    "pk": 364,
    "fields": {
      "biker": 107,
      "change_time": "2016-09-24T12:30:46.677Z",
      "start_time": "2016-09-24T12:12:35.091Z",
      "end_time": null
    }
  },
  {
    "model": "biker.bikerchangelog",
    "pk": 365,
    "fields": {
      "biker": 107,
      "change_time": "2016-09-24T12:30:46.688Z",
      "start_time": null,
      "end_time": "2016-09-24T12:30:18.492Z"
    }
  },
  {
    "model": "biker.bikerchangelog",
    "pk": 366,
    "fields": {
      "biker": 105,
      "change_time": "2016-09-24T12:30:59.474Z",
      "start_time": "2016-09-24T12:11:35.543Z",
      "end_time": null
    }
  },
  {
    "model": "biker.bikerchangelog",
    "pk": 367,
    "fields": {
      "biker": 105,
      "change_time": "2016-09-24T12:30:59.483Z",
      "start_time": null,
      "end_time": "2016-09-24T12:30:54.563Z"
    }
  },
  {
    "model": "biker.bikerchangelog",
    "pk": 368,
    "fields": {
      "biker": 109,
      "change_time": "2016-09-24T12:31:41.667Z",
      "start_time": "2016-09-24T12:13:35.092Z",
      "end_time": null
    }
  },
  {
    "model": "biker.bikerchangelog",
    "pk": 369,
    "fields": {
      "biker": 109,
      "change_time": "2016-09-24T12:31:41.673Z",
      "start_time": null,
      "end_time": "2016-09-24T12:31:37.976Z"
    }
  },
  {
    "model": "biker.bikerchangelog",
    "pk": 370,
    "fields": {
      "biker": 112,
      "change_time": "2016-09-24T12:32:17.714Z",
      "start_time": "2016-09-24T12:15:04.765Z",
      "end_time": null
    }
  },
  {
    "model": "biker.bikerchangelog",
    "pk": 371,
    "fields": {
      "biker": 112,
      "change_time": "2016-09-24T12:32:17.720Z",
      "start_time": null,
      "end_time": "2016-09-24T12:32:13.365Z"
    }
  },
  {
    "model": "biker.bikerchangelog",
    "pk": 372,
    "fields": {
      "biker": 94,
      "change_time": "2016-09-24T12:32:29.511Z",
      "start_time": "2016-09-24T12:05:54.244Z",
      "end_time": null
    }
  },
  {
    "model": "biker.bikerchangelog",
    "pk": 373,
    "fields": {
      "biker": 94,
      "change_time": "2016-09-24T12:32:29.522Z",
      "start_time": null,
      "end_time": "2016-09-24T12:32:26.188Z"
    }
  },
  {
    "model": "biker.bikerchangelog",
    "pk": 374,
    "fields": {
      "biker": 115,
      "change_time": "2016-09-24T12:32:40.930Z",
      "start_time": "2016-09-24T12:16:33.449Z",
      "end_time": null
    }
  },
  {
    "model": "biker.bikerchangelog",
    "pk": 375,
    "fields": {
      "biker": 115,
      "change_time": "2016-09-24T12:32:40.937Z",
      "start_time": null,
      "end_time": "2016-09-24T12:32:35.355Z"
    }
  },
  {
    "model": "biker.bikerchangelog",
    "pk": 376,
    "fields": {
      "biker": 116,
      "change_time": "2016-09-24T12:34:46.761Z",
      "start_time": "2016-09-24T12:17:03.620Z",
      "end_time": null
    }
  },
  {
    "model": "biker.bikerchangelog",
    "pk": 377,
    "fields": {
      "biker": 116,
      "change_time": "2016-09-24T12:34:46.776Z",
      "start_time": null,
      "end_time": "2016-09-24T12:33:57.657Z"
    }
  },
  {
    "model": "biker.bikerchangelog",
    "pk": 378,
    "fields": {
      "biker": 118,
      "change_time": "2016-09-24T12:35:05.962Z",
      "start_time": "2016-09-24T12:18:03.012Z",
      "end_time": null
    }
  },
  {
    "model": "biker.bikerchangelog",
    "pk": 379,
    "fields": {
      "biker": 118,
      "change_time": "2016-09-24T12:35:05.969Z",
      "start_time": null,
      "end_time": "2016-09-24T12:34:01.600Z"
    }
  },
  {
    "model": "biker.bikerchangelog",
    "pk": 380,
    "fields": {
      "biker": 113,
      "change_time": "2016-09-24T12:35:08.981Z",
      "start_time": "2016-09-24T12:15:34.879Z",
      "end_time": null
    }
  },
  {
    "model": "biker.bikerchangelog",
    "pk": 381,
    "fields": {
      "biker": 113,
      "change_time": "2016-09-24T12:35:08.990Z",
      "start_time": null,
      "end_time": "2016-09-24T12:34:13.523Z"
    }
  },
  {
    "model": "biker.bikerchangelog",
    "pk": 382,
    "fields": {
      "biker": 111,
      "change_time": "2016-09-24T12:35:12.340Z",
      "start_time": "2016-09-24T12:14:34.736Z",
      "end_time": null
    }
  },
  {
    "model": "biker.bikerchangelog",
    "pk": 383,
    "fields": {
      "biker": 111,
      "change_time": "2016-09-24T12:35:12.346Z",
      "start_time": null,
      "end_time": "2016-09-24T12:34:59.673Z"
    }
  },
  {
    "model": "biker.bikerchangelog",
    "pk": 384,
    "fields": {
      "biker": 119,
      "change_time": "2016-09-24T12:35:19.885Z",
      "start_time": "2016-09-24T12:18:32.995Z",
      "end_time": null
    }
  },
  {
    "model": "biker.bikerchangelog",
    "pk": 385,
    "fields": {
      "biker": 119,
      "change_time": "2016-09-24T12:35:19.898Z",
      "start_time": null,
      "end_time": "2016-09-24T12:35:15.570Z"
    }
  },
  {
    "model": "biker.bikerchangelog",
    "pk": 386,
    "fields": {
      "biker": 110,
      "change_time": "2016-09-24T12:36:01.861Z",
      "start_time": "2016-09-24T12:14:05.155Z",
      "end_time": null
    }
  },
  {
    "model": "biker.bikerchangelog",
    "pk": 387,
    "fields": {
      "biker": 110,
      "change_time": "2016-09-24T12:36:01.887Z",
      "start_time": null,
      "end_time": "2016-09-24T12:35:57.842Z"
    }
  },
  {
    "model": "biker.bikerchangelog",
    "pk": 388,
    "fields": {
      "biker": 114,
      "change_time": "2016-09-24T12:36:10.583Z",
      "start_time": "2016-09-24T12:16:04.091Z",
      "end_time": null
    }
  },
  {
    "model": "biker.bikerchangelog",
    "pk": 389,
    "fields": {
      "biker": 114,
      "change_time": "2016-09-24T12:36:10.598Z",
      "start_time": null,
      "end_time": "2016-09-24T12:36:06.317Z"
    }
  },
  {
    "model": "biker.bikerchangelog",
    "pk": 390,
    "fields": {
      "biker": 120,
      "change_time": "2016-09-24T12:38:51.595Z",
      "start_time": "2016-09-24T12:19:02.935Z",
      "end_time": null
    }
  },
  {
    "model": "biker.bikerchangelog",
    "pk": 391,
    "fields": {
      "biker": 120,
      "change_time": "2016-09-24T12:38:51.602Z",
      "start_time": null,
      "end_time": "2016-09-24T12:38:47.648Z"
    }
  },
  {
    "model": "biker.bikerchangelog",
    "pk": 392,
    "fields": {
      "biker": 123,
      "change_time": "2016-09-24T12:39:46.200Z",
      "start_time": "2016-09-24T12:20:30.803Z",
      "end_time": null
    }
  },
  {
    "model": "biker.bikerchangelog",
    "pk": 393,
    "fields": {
      "biker": 123,
      "change_time": "2016-09-24T12:39:46.211Z",
      "start_time": null,
      "end_time": "2016-09-24T12:39:37.409Z"
    }
  },
  {
    "model": "biker.bikerchangelog",
    "pk": 394,
    "fields": {
      "biker": 122,
      "change_time": "2016-09-24T12:39:52.791Z",
      "start_time": "2016-09-24T12:20:02.097Z",
      "end_time": null
    }
  },
  {
    "model": "biker.bikerchangelog",
    "pk": 395,
    "fields": {
      "biker": 122,
      "change_time": "2016-09-24T12:39:52.797Z",
      "start_time": null,
      "end_time": "2016-09-24T12:39:40.416Z"
    }
  },
  {
    "model": "biker.bikerchangelog",
    "pk": 396,
    "fields": {
      "biker": 117,
      "change_time": "2016-09-24T12:39:58.910Z",
      "start_time": "2016-09-24T12:17:33.614Z",
      "end_time": null
    }
  },
  {
    "model": "biker.bikerchangelog",
    "pk": 397,
    "fields": {
      "biker": 117,
      "change_time": "2016-09-24T12:39:58.915Z",
      "start_time": null,
      "end_time": "2016-09-24T12:39:55.733Z"
    }
  },
  {
    "model": "biker.bikerchangelog",
    "pk": 398,
    "fields": {
      "biker": 127,
      "change_time": "2016-09-24T12:40:13.482Z",
      "start_time": "2016-09-24T12:22:29.990Z",
      "end_time": null
    }
  },
  {
    "model": "biker.bikerchangelog",
    "pk": 399,
    "fields": {
      "biker": 127,
      "change_time": "2016-09-24T12:40:13.487Z",
      "start_time": null,
      "end_time": "2016-09-24T12:40:08.424Z"
    }
  },
  {
    "model": "biker.bikerchangelog",
    "pk": 400,
    "fields": {
      "biker": 126,
      "change_time": "2016-09-24T12:40:46.974Z",
      "start_time": "2016-09-24T12:21:59.810Z",
      "end_time": null
    }
  },
  {
    "model": "biker.bikerchangelog",
    "pk": 401,
    "fields": {
      "biker": 126,
      "change_time": "2016-09-24T12:40:46.980Z",
      "start_time": null,
      "end_time": "2016-09-24T12:40:42.214Z"
    }
  },
  {
    "model": "biker.bikerchangelog",
    "pk": 402,
    "fields": {
      "biker": 121,
      "change_time": "2016-09-24T12:41:25.034Z",
      "start_time": "2016-09-24T12:19:32.452Z",
      "end_time": null
    }
  },
  {
    "model": "biker.bikerchangelog",
    "pk": 403,
    "fields": {
      "biker": 121,
      "change_time": "2016-09-24T12:41:25.040Z",
      "start_time": null,
      "end_time": "2016-09-24T12:41:21.089Z"
    }
  },
  {
    "model": "biker.bikerchangelog",
    "pk": 404,
    "fields": {
      "biker": 131,
      "change_time": "2016-09-24T12:44:36.500Z",
      "start_time": "2016-09-24T12:24:28.810Z",
      "end_time": null
    }
  },
  {
    "model": "biker.bikerchangelog",
    "pk": 405,
    "fields": {
      "biker": 131,
      "change_time": "2016-09-24T12:44:36.507Z",
      "start_time": null,
      "end_time": "2016-09-24T12:44:33.345Z"
    }
  },
  {
    "model": "biker.bikerchangelog",
    "pk": 406,
    "fields": {
      "biker": 124,
      "change_time": "2016-09-24T12:44:50.893Z",
      "start_time": "2016-09-24T12:21:00.681Z",
      "end_time": null
    }
  },
  {
    "model": "biker.bikerchangelog",
    "pk": 407,
    "fields": {
      "biker": 124,
      "change_time": "2016-09-24T12:44:50.900Z",
      "start_time": null,
      "end_time": "2016-09-24T12:44:48.853Z"
    }
  },
  {
    "model": "biker.bikerchangelog",
    "pk": 408,
    "fields": {
      "biker": 129,
      "change_time": "2016-09-24T12:48:17.449Z",
      "start_time": "2016-09-24T12:23:29.289Z",
      "end_time": null
    }
  },
  {
    "model": "biker.bikerchangelog",
    "pk": 409,
    "fields": {
      "biker": 129,
      "change_time": "2016-09-24T12:48:17.458Z",
      "start_time": null,
      "end_time": "2016-09-24T12:48:10.356Z"
    }
  },
  {
    "model": "biker.bikerchangelog",
    "pk": 410,
    "fields": {
      "biker": 128,
      "change_time": "2016-09-24T12:50:14.660Z",
      "start_time": "2016-09-24T12:22:59.795Z",
      "end_time": null
    }
  },
  {
    "model": "biker.bikerchangelog",
    "pk": 411,
    "fields": {
      "biker": 128,
      "change_time": "2016-09-24T12:50:14.666Z",
      "start_time": null,
      "end_time": "2016-09-24T12:50:11.753Z"
    }
  },
  {
    "model": "biker.bikerchangelog",
    "pk": 412,
    "fields": {
      "biker": 125,
      "change_time": "2016-09-24T12:51:54.913Z",
      "start_time": "2016-09-24T12:21:30.063Z",
      "end_time": null
    }
  },
  {
    "model": "biker.bikerchangelog",
    "pk": 413,
    "fields": {
      "biker": 125,
      "change_time": "2016-09-24T12:51:54.919Z",
      "start_time": null,
      "end_time": "2016-09-24T12:51:51.506Z"
    }
  },
  {
    "model": "biker.bikerchangelog",
    "pk": 414,
    "fields": {
      "biker": 130,
      "change_time": "2016-09-24T12:52:14.479Z",
      "start_time": "2016-09-24T12:23:58.844Z",
      "end_time": null
    }
  },
  {
    "model": "biker.bikerchangelog",
    "pk": 415,
    "fields": {
      "biker": 130,
      "change_time": "2016-09-24T12:52:14.496Z",
      "start_time": null,
      "end_time": "2016-09-24T12:52:10.026Z"
    }
  },
  {
    "model": "biker.competition",
    "pk": 1,
    "fields": {
      "title": "Kronometer \u017delimlje \u2013 Turjak",
      "description": "",
      "result_section_1": "Absolutno",
      "result_section_2": "Po kategorijah"
    }
  }
]